x_parameter,x_value,y_parameter,y_value,lcoe_gbp_per_mwh
launch_cost_gbp_per_kg_to_staging_orbit,20,system_specific_mass_kg_per_kw_delivered,0.5,27.6301334803375
launch_cost_gbp_per_kg_to_staging_orbit,133.181818181818,system_specific_mass_kg_per_kw_delivered,0.5,28.4907810021862
launch_cost_gbp_per_kg_to_staging_orbit,246.363636363636,system_specific_mass_kg_per_kw_delivered,0.5,29.351428524035
launch_cost_gbp_per_kg_to_staging_orbit,359.545454545455,system_specific_mass_kg_per_kw_delivered,0.5,30.2120760458837
launch_cost_gbp_per_kg_to_staging_orbit,472.727272727273,system_specific_mass_kg_per_kw_delivered,0.5,31.0727235677325
launch_cost_gbp_per_kg_to_staging_orbit,585.909090909091,system_specific_mass_kg_per_kw_delivered,0.5,31.9333710895812
launch_cost_gbp_per_kg_to_staging_orbit,699.090909090909,system_specific_mass_kg_per_kw_delivered,0.5,32.79401861143
launch_cost_gbp_per_kg_to_staging_orbit,812.272727272727,system_specific_mass_kg_per_kw_delivered,0.5,33.6546661332787
launch_cost_gbp_per_kg_to_staging_orbit,925.454545454545,system_specific_mass_kg_per_kw_delivered,0.5,34.5153136551275
launch_cost_gbp_per_kg_to_staging_orbit,1038.63636363636,system_specific_mass_kg_per_kw_delivered,0.5,35.3759611769762
launch_cost_gbp_per_kg_to_staging_orbit,1151.81818181818,system_specific_mass_kg_per_kw_delivered,0.5,36.236608698825
launch_cost_gbp_per_kg_to_staging_orbit,1265,system_specific_mass_kg_per_kw_delivered,0.5,37.0972562206737
launch_cost_gbp_per_kg_to_staging_orbit,1378.18181818182,system_specific_mass_kg_per_kw_delivered,0.5,37.9579037425225
launch_cost_gbp_per_kg_to_staging_orbit,1491.36363636364,system_specific_mass_kg_per_kw_delivered,0.5,38.8185512643712
launch_cost_gbp_per_kg_to_staging_orbit,1604.54545454545,system_specific_mass_kg_per_kw_delivered,0.5,39.67919878622
launch_cost_gbp_per_kg_to_staging_orbit,1717.72727272727,system_specific_mass_kg_per_kw_delivered,0.5,40.5398463080687
launch_cost_gbp_per_kg_to_staging_orbit,1830.90909090909,system_specific_mass_kg_per_kw_delivered,0.5,41.4004938299175
launch_cost_gbp_per_kg_to_staging_orbit,1944.09090909091,system_specific_mass_kg_per_kw_delivered,0.5,42.2611413517662
launch_cost_gbp_per_kg_to_staging_orbit,2057.27272727273,system_specific_mass_kg_per_kw_delivered,0.5,43.121788873615
launch_cost_gbp_per_kg_to_staging_orbit,2170.45454545455,system_specific_mass_kg_per_kw_delivered,0.5,43.9824363954637
launch_cost_gbp_per_kg_to_staging_orbit,2283.63636363636,system_specific_mass_kg_per_kw_delivered,0.5,44.8430839173125
launch_cost_gbp_per_kg_to_staging_orbit,2396.81818181818,system_specific_mass_kg_per_kw_delivered,0.5,45.7037314391612
launch_cost_gbp_per_kg_to_staging_orbit,2510,system_specific_mass_kg_per_kw_delivered,0.5,46.56437896101
launch_cost_gbp_per_kg_to_staging_orbit,2623.18181818182,system_specific_mass_kg_per_kw_delivered,0.5,47.4250264828587
launch_cost_gbp_per_kg_to_staging_orbit,2736.36363636364,system_specific_mass_kg_per_kw_delivered,0.5,48.2856740047075
launch_cost_gbp_per_kg_to_staging_orbit,2849.54545454545,system_specific_mass_kg_per_kw_delivered,0.5,49.1463215265562
launch_cost_gbp_per_kg_to_staging_orbit,2962.72727272727,system_specific_mass_kg_per_kw_delivered,0.5,50.006969048405
launch_cost_gbp_per_kg_to_staging_orbit,3075.90909090909,system_specific_mass_kg_per_kw_delivered,0.5,50.8676165702537
launch_cost_gbp_per_kg_to_staging_orbit,3189.09090909091,system_specific_mass_kg_per_kw_delivered,0.5,51.7282640921025
launch_cost_gbp_per_kg_to_staging_orbit,3302.27272727273,system_specific_mass_kg_per_kw_delivered,0.5,52.5889116139512
launch_cost_gbp_per_kg_to_staging_orbit,3415.45454545455,system_specific_mass_kg_per_kw_delivered,0.5,53.4495591358
launch_cost_gbp_per_kg_to_staging_orbit,3528.63636363636,system_specific_mass_kg_per_kw_delivered,0.5,54.3102066576487
launch_cost_gbp_per_kg_to_staging_orbit,3641.81818181818,system_specific_mass_kg_per_kw_delivered,0.5,55.1708541794975
launch_cost_gbp_per_kg_to_staging_orbit,3755,system_specific_mass_kg_per_kw_delivered,0.5,56.0315017013462
launch_cost_gbp_per_kg_to_staging_orbit,3868.18181818182,system_specific_mass_kg_per_kw_delivered,0.5,56.892149223195
launch_cost_gbp_per_kg_to_staging_orbit,3981.36363636364,system_specific_mass_kg_per_kw_delivered,0.5,57.7527967450437
launch_cost_gbp_per_kg_to_staging_orbit,4094.54545454545,system_specific_mass_kg_per_kw_delivered,0.5,58.6134442668925
launch_cost_gbp_per_kg_to_staging_orbit,4207.72727272727,system_specific_mass_kg_per_kw_delivered,0.5,59.4740917887412
launch_cost_gbp_per_kg_to_staging_orbit,4320.90909090909,system_specific_mass_kg_per_kw_delivered,0.5,60.33473931059
launch_cost_gbp_per_kg_to_staging_orbit,4434.09090909091,system_specific_mass_kg_per_kw_delivered,0.5,61.1953868324387
launch_cost_gbp_per_kg_to_staging_orbit,4547.27272727273,system_specific_mass_kg_per_kw_delivered,0.5,62.0560343542875
launch_cost_gbp_per_kg_to_staging_orbit,4660.45454545455,system_specific_mass_kg_per_kw_delivered,0.5,62.9166818761362
launch_cost_gbp_per_kg_to_staging_orbit,4773.63636363636,system_specific_mass_kg_per_kw_delivered,0.5,63.777329397985
launch_cost_gbp_per_kg_to_staging_orbit,4886.81818181818,system_specific_mass_kg_per_kw_delivered,0.5,64.6379769198337
launch_cost_gbp_per_kg_to_staging_orbit,5000,system_specific_mass_kg_per_kw_delivered,0.5,65.4986244416825
launch_cost_gbp_per_kg_to_staging_orbit,20,system_specific_mass_kg_per_kw_delivered,0.715909090909091,28.6808838684581
launch_cost_gbp_per_kg_to_staging_orbit,133.181818181818,system_specific_mass_kg_per_kw_delivered,0.715909090909091,29.9131746383779
launch_cost_gbp_per_kg_to_staging_orbit,246.363636363636,system_specific_mass_kg_per_kw_delivered,0.715909090909091,31.1454654082977
launch_cost_gbp_per_kg_to_staging_orbit,359.545454545455,system_specific_mass_kg_per_kw_delivered,0.715909090909091,32.3777561782175
launch_cost_gbp_per_kg_to_staging_orbit,472.727272727273,system_specific_mass_kg_per_kw_delivered,0.715909090909091,33.6100469481373
launch_cost_gbp_per_kg_to_staging_orbit,585.909090909091,system_specific_mass_kg_per_kw_delivered,0.715909090909091,34.8423377180571
launch_cost_gbp_per_kg_to_staging_orbit,699.090909090909,system_specific_mass_kg_per_kw_delivered,0.715909090909091,36.0746284879769
launch_cost_gbp_per_kg_to_staging_orbit,812.272727272727,system_specific_mass_kg_per_kw_delivered,0.715909090909091,37.3069192578967
launch_cost_gbp_per_kg_to_staging_orbit,925.454545454545,system_specific_mass_kg_per_kw_delivered,0.715909090909091,38.5392100278165
launch_cost_gbp_per_kg_to_staging_orbit,1038.63636363636,system_specific_mass_kg_per_kw_delivered,0.715909090909091,39.7715007977363
launch_cost_gbp_per_kg_to_staging_orbit,1151.81818181818,system_specific_mass_kg_per_kw_delivered,0.715909090909091,41.0037915676561
launch_cost_gbp_per_kg_to_staging_orbit,1265,system_specific_mass_kg_per_kw_delivered,0.715909090909091,42.2360823375759
launch_cost_gbp_per_kg_to_staging_orbit,1378.18181818182,system_specific_mass_kg_per_kw_delivered,0.715909090909091,43.4683731074957
launch_cost_gbp_per_kg_to_staging_orbit,1491.36363636364,system_specific_mass_kg_per_kw_delivered,0.715909090909091,44.7006638774155
launch_cost_gbp_per_kg_to_staging_orbit,1604.54545454545,system_specific_mass_kg_per_kw_delivered,0.715909090909091,45.9329546473353
launch_cost_gbp_per_kg_to_staging_orbit,1717.72727272727,system_specific_mass_kg_per_kw_delivered,0.715909090909091,47.1652454172551
launch_cost_gbp_per_kg_to_staging_orbit,1830.90909090909,system_specific_mass_kg_per_kw_delivered,0.715909090909091,48.3975361871749
launch_cost_gbp_per_kg_to_staging_orbit,1944.09090909091,system_specific_mass_kg_per_kw_delivered,0.715909090909091,49.6298269570947
launch_cost_gbp_per_kg_to_staging_orbit,2057.27272727273,system_specific_mass_kg_per_kw_delivered,0.715909090909091,50.8621177270145
launch_cost_gbp_per_kg_to_staging_orbit,2170.45454545455,system_specific_mass_kg_per_kw_delivered,0.715909090909091,52.0944084969343
launch_cost_gbp_per_kg_to_staging_orbit,2283.63636363636,system_specific_mass_kg_per_kw_delivered,0.715909090909091,53.3266992668541
launch_cost_gbp_per_kg_to_staging_orbit,2396.81818181818,system_specific_mass_kg_per_kw_delivered,0.715909090909091,54.5589900367739
launch_cost_gbp_per_kg_to_staging_orbit,2510,system_specific_mass_kg_per_kw_delivered,0.715909090909091,55.7912808066937
launch_cost_gbp_per_kg_to_staging_orbit,2623.18181818182,system_specific_mass_kg_per_kw_delivered,0.715909090909091,57.0235715766135
launch_cost_gbp_per_kg_to_staging_orbit,2736.36363636364,system_specific_mass_kg_per_kw_delivered,0.715909090909091,58.2558623465333
launch_cost_gbp_per_kg_to_staging_orbit,2849.54545454545,system_specific_mass_kg_per_kw_delivered,0.715909090909091,59.4881531164531
launch_cost_gbp_per_kg_to_staging_orbit,2962.72727272727,system_specific_mass_kg_per_kw_delivered,0.715909090909091,60.7204438863729
launch_cost_gbp_per_kg_to_staging_orbit,3075.90909090909,system_specific_mass_kg_per_kw_delivered,0.715909090909091,61.9527346562927
launch_cost_gbp_per_kg_to_staging_orbit,3189.09090909091,system_specific_mass_kg_per_kw_delivered,0.715909090909091,63.1850254262125
launch_cost_gbp_per_kg_to_staging_orbit,3302.27272727273,system_specific_mass_kg_per_kw_delivered,0.715909090909091,64.4173161961323
launch_cost_gbp_per_kg_to_staging_orbit,3415.45454545455,system_specific_mass_kg_per_kw_delivered,0.715909090909091,65.6496069660521
launch_cost_gbp_per_kg_to_staging_orbit,3528.63636363636,system_specific_mass_kg_per_kw_delivered,0.715909090909091,66.8818977359719
launch_cost_gbp_per_kg_to_staging_orbit,3641.81818181818,system_specific_mass_kg_per_kw_delivered,0.715909090909091,68.1141885058917
launch_cost_gbp_per_kg_to_staging_orbit,3755,system_specific_mass_kg_per_kw_delivered,0.715909090909091,69.3464792758115
launch_cost_gbp_per_kg_to_staging_orbit,3868.18181818182,system_specific_mass_kg_per_kw_delivered,0.715909090909091,70.5787700457312
launch_cost_gbp_per_kg_to_staging_orbit,3981.36363636364,system_specific_mass_kg_per_kw_delivered,0.715909090909091,71.811060815651
launch_cost_gbp_per_kg_to_staging_orbit,4094.54545454545,system_specific_mass_kg_per_kw_delivered,0.715909090909091,73.0433515855709
launch_cost_gbp_per_kg_to_staging_orbit,4207.72727272727,system_specific_mass_kg_per_kw_delivered,0.715909090909091,74.2756423554907
launch_cost_gbp_per_kg_to_staging_orbit,4320.90909090909,system_specific_mass_kg_per_kw_delivered,0.715909090909091,75.5079331254105
launch_cost_gbp_per_kg_to_staging_orbit,4434.09090909091,system_specific_mass_kg_per_kw_delivered,0.715909090909091,76.7402238953303
launch_cost_gbp_per_kg_to_staging_orbit,4547.27272727273,system_specific_mass_kg_per_kw_delivered,0.715909090909091,77.9725146652501
launch_cost_gbp_per_kg_to_staging_orbit,4660.45454545455,system_specific_mass_kg_per_kw_delivered,0.715909090909091,79.2048054351699
launch_cost_gbp_per_kg_to_staging_orbit,4773.63636363636,system_specific_mass_kg_per_kw_delivered,0.715909090909091,80.4370962050897
launch_cost_gbp_per_kg_to_staging_orbit,4886.81818181818,system_specific_mass_kg_per_kw_delivered,0.715909090909091,81.6693869750095
launch_cost_gbp_per_kg_to_staging_orbit,5000,system_specific_mass_kg_per_kw_delivered,0.715909090909091,82.9016777449292
launch_cost_gbp_per_kg_to_staging_orbit,20,system_specific_mass_kg_per_kw_delivered,0.931818181818182,29.7316342565786
launch_cost_gbp_per_kg_to_staging_orbit,133.181818181818,system_specific_mass_kg_per_kw_delivered,0.931818181818182,31.3355682745695
launch_cost_gbp_per_kg_to_staging_orbit,246.363636363636,system_specific_mass_kg_per_kw_delivered,0.931818181818182,32.9395022925603
launch_cost_gbp_per_kg_to_staging_orbit,359.545454545455,system_specific_mass_kg_per_kw_delivered,0.931818181818182,34.5434363105512
launch_cost_gbp_per_kg_to_staging_orbit,472.727272727273,system_specific_mass_kg_per_kw_delivered,0.931818181818182,36.147370328542
launch_cost_gbp_per_kg_to_staging_orbit,585.909090909091,system_specific_mass_kg_per_kw_delivered,0.931818181818182,37.7513043465329
launch_cost_gbp_per_kg_to_staging_orbit,699.090909090909,system_specific_mass_kg_per_kw_delivered,0.931818181818182,39.3552383645237
launch_cost_gbp_per_kg_to_staging_orbit,812.272727272727,system_specific_mass_kg_per_kw_delivered,0.931818181818182,40.9591723825146
launch_cost_gbp_per_kg_to_staging_orbit,925.454545454545,system_specific_mass_kg_per_kw_delivered,0.931818181818182,42.5631064005054
launch_cost_gbp_per_kg_to_staging_orbit,1038.63636363636,system_specific_mass_kg_per_kw_delivered,0.931818181818182,44.1670404184963
launch_cost_gbp_per_kg_to_staging_orbit,1151.81818181818,system_specific_mass_kg_per_kw_delivered,0.931818181818182,45.7709744364871
launch_cost_gbp_per_kg_to_staging_orbit,1265,system_specific_mass_kg_per_kw_delivered,0.931818181818182,47.374908454478
launch_cost_gbp_per_kg_to_staging_orbit,1378.18181818182,system_specific_mass_kg_per_kw_delivered,0.931818181818182,48.9788424724688
launch_cost_gbp_per_kg_to_staging_orbit,1491.36363636364,system_specific_mass_kg_per_kw_delivered,0.931818181818182,50.5827764904597
launch_cost_gbp_per_kg_to_staging_orbit,1604.54545454545,system_specific_mass_kg_per_kw_delivered,0.931818181818182,52.1867105084505
launch_cost_gbp_per_kg_to_staging_orbit,1717.72727272727,system_specific_mass_kg_per_kw_delivered,0.931818181818182,53.7906445264414
launch_cost_gbp_per_kg_to_staging_orbit,1830.90909090909,system_specific_mass_kg_per_kw_delivered,0.931818181818182,55.3945785444322
launch_cost_gbp_per_kg_to_staging_orbit,1944.09090909091,system_specific_mass_kg_per_kw_delivered,0.931818181818182,56.9985125624231
launch_cost_gbp_per_kg_to_staging_orbit,2057.27272727273,system_specific_mass_kg_per_kw_delivered,0.931818181818182,58.6024465804139
launch_cost_gbp_per_kg_to_staging_orbit,2170.45454545455,system_specific_mass_kg_per_kw_delivered,0.931818181818182,60.2063805984048
launch_cost_gbp_per_kg_to_staging_orbit,2283.63636363636,system_specific_mass_kg_per_kw_delivered,0.931818181818182,61.8103146163957
launch_cost_gbp_per_kg_to_staging_orbit,2396.81818181818,system_specific_mass_kg_per_kw_delivered,0.931818181818182,63.4142486343865
launch_cost_gbp_per_kg_to_staging_orbit,2510,system_specific_mass_kg_per_kw_delivered,0.931818181818182,65.0181826523773
launch_cost_gbp_per_kg_to_staging_orbit,2623.18181818182,system_specific_mass_kg_per_kw_delivered,0.931818181818182,66.6221166703682
launch_cost_gbp_per_kg_to_staging_orbit,2736.36363636364,system_specific_mass_kg_per_kw_delivered,0.931818181818182,68.226050688359
launch_cost_gbp_per_kg_to_staging_orbit,2849.54545454545,system_specific_mass_kg_per_kw_delivered,0.931818181818182,69.8299847063499
launch_cost_gbp_per_kg_to_staging_orbit,2962.72727272727,system_specific_mass_kg_per_kw_delivered,0.931818181818182,71.4339187243408
launch_cost_gbp_per_kg_to_staging_orbit,3075.90909090909,system_specific_mass_kg_per_kw_delivered,0.931818181818182,73.0378527423316
launch_cost_gbp_per_kg_to_staging_orbit,3189.09090909091,system_specific_mass_kg_per_kw_delivered,0.931818181818182,74.6417867603224
launch_cost_gbp_per_kg_to_staging_orbit,3302.27272727273,system_specific_mass_kg_per_kw_delivered,0.931818181818182,76.2457207783133
launch_cost_gbp_per_kg_to_staging_orbit,3415.45454545455,system_specific_mass_kg_per_kw_delivered,0.931818181818182,77.8496547963042
launch_cost_gbp_per_kg_to_staging_orbit,3528.63636363636,system_specific_mass_kg_per_kw_delivered,0.931818181818182,79.453588814295
launch_cost_gbp_per_kg_to_staging_orbit,3641.81818181818,system_specific_mass_kg_per_kw_delivered,0.931818181818182,81.0575228322859
launch_cost_gbp_per_kg_to_staging_orbit,3755,system_specific_mass_kg_per_kw_delivered,0.931818181818182,82.6614568502767
launch_cost_gbp_per_kg_to_staging_orbit,3868.18181818182,system_specific_mass_kg_per_kw_delivered,0.931818181818182,84.2653908682675
launch_cost_gbp_per_kg_to_staging_orbit,3981.36363636364,system_specific_mass_kg_per_kw_delivered,0.931818181818182,85.8693248862584
launch_cost_gbp_per_kg_to_staging_orbit,4094.54545454545,system_specific_mass_kg_per_kw_delivered,0.931818181818182,87.4732589042493
launch_cost_gbp_per_kg_to_staging_orbit,4207.72727272727,system_specific_mass_kg_per_kw_delivered,0.931818181818182,89.0771929222401
launch_cost_gbp_per_kg_to_staging_orbit,4320.90909090909,system_specific_mass_kg_per_kw_delivered,0.931818181818182,90.681126940231
launch_cost_gbp_per_kg_to_staging_orbit,4434.09090909091,system_specific_mass_kg_per_kw_delivered,0.931818181818182,92.2850609582218
launch_cost_gbp_per_kg_to_staging_orbit,4547.27272727273,system_specific_mass_kg_per_kw_delivered,0.931818181818182,93.8889949762127
launch_cost_gbp_per_kg_to_staging_orbit,4660.45454545455,system_specific_mass_kg_per_kw_delivered,0.931818181818182,95.4929289942035
launch_cost_gbp_per_kg_to_staging_orbit,4773.63636363636,system_specific_mass_kg_per_kw_delivered,0.931818181818182,97.0968630121944
launch_cost_gbp_per_kg_to_staging_orbit,4886.81818181818,system_specific_mass_kg_per_kw_delivered,0.931818181818182,98.7007970301852
launch_cost_gbp_per_kg_to_staging_orbit,5000,system_specific_mass_kg_per_kw_delivered,0.931818181818182,100.304731048176
launch_cost_gbp_per_kg_to_staging_orbit,20,system_specific_mass_kg_per_kw_delivered,1.14772727272727,30.7823846446992
launch_cost_gbp_per_kg_to_staging_orbit,133.181818181818,system_specific_mass_kg_per_kw_delivered,1.14772727272727,32.7579619107611
launch_cost_gbp_per_kg_to_staging_orbit,246.363636363636,system_specific_mass_kg_per_kw_delivered,1.14772727272727,34.733539176823
launch_cost_gbp_per_kg_to_staging_orbit,359.545454545455,system_specific_mass_kg_per_kw_delivered,1.14772727272727,36.7091164428849
launch_cost_gbp_per_kg_to_staging_orbit,472.727272727273,system_specific_mass_kg_per_kw_delivered,1.14772727272727,38.6846937089468
launch_cost_gbp_per_kg_to_staging_orbit,585.909090909091,system_specific_mass_kg_per_kw_delivered,1.14772727272727,40.6602709750087
launch_cost_gbp_per_kg_to_staging_orbit,699.090909090909,system_specific_mass_kg_per_kw_delivered,1.14772727272727,42.6358482410706
launch_cost_gbp_per_kg_to_staging_orbit,812.272727272727,system_specific_mass_kg_per_kw_delivered,1.14772727272727,44.6114255071325
launch_cost_gbp_per_kg_to_staging_orbit,925.454545454545,system_specific_mass_kg_per_kw_delivered,1.14772727272727,46.5870027731944
launch_cost_gbp_per_kg_to_staging_orbit,1038.63636363636,system_specific_mass_kg_per_kw_delivered,1.14772727272727,48.5625800392563
launch_cost_gbp_per_kg_to_staging_orbit,1151.81818181818,system_specific_mass_kg_per_kw_delivered,1.14772727272727,50.5381573053182
launch_cost_gbp_per_kg_to_staging_orbit,1265,system_specific_mass_kg_per_kw_delivered,1.14772727272727,52.5137345713801
launch_cost_gbp_per_kg_to_staging_orbit,1378.18181818182,system_specific_mass_kg_per_kw_delivered,1.14772727272727,54.489311837442
launch_cost_gbp_per_kg_to_staging_orbit,1491.36363636364,system_specific_mass_kg_per_kw_delivered,1.14772727272727,56.4648891035039
launch_cost_gbp_per_kg_to_staging_orbit,1604.54545454545,system_specific_mass_kg_per_kw_delivered,1.14772727272727,58.4404663695658
launch_cost_gbp_per_kg_to_staging_orbit,1717.72727272727,system_specific_mass_kg_per_kw_delivered,1.14772727272727,60.4160436356277
launch_cost_gbp_per_kg_to_staging_orbit,1830.90909090909,system_specific_mass_kg_per_kw_delivered,1.14772727272727,62.3916209016896
launch_cost_gbp_per_kg_to_staging_orbit,1944.09090909091,system_specific_mass_kg_per_kw_delivered,1.14772727272727,64.3671981677515
launch_cost_gbp_per_kg_to_staging_orbit,2057.27272727273,system_specific_mass_kg_per_kw_delivered,1.14772727272727,66.3427754338134
launch_cost_gbp_per_kg_to_staging_orbit,2170.45454545455,system_specific_mass_kg_per_kw_delivered,1.14772727272727,68.3183526998753
launch_cost_gbp_per_kg_to_staging_orbit,2283.63636363636,system_specific_mass_kg_per_kw_delivered,1.14772727272727,70.2939299659372
launch_cost_gbp_per_kg_to_staging_orbit,2396.81818181818,system_specific_mass_kg_per_kw_delivered,1.14772727272727,72.2695072319991
launch_cost_gbp_per_kg_to_staging_orbit,2510,system_specific_mass_kg_per_kw_delivered,1.14772727272727,74.245084498061
launch_cost_gbp_per_kg_to_staging_orbit,2623.18181818182,system_specific_mass_kg_per_kw_delivered,1.14772727272727,76.2206617641229
launch_cost_gbp_per_kg_to_staging_orbit,2736.36363636364,system_specific_mass_kg_per_kw_delivered,1.14772727272727,78.1962390301848
launch_cost_gbp_per_kg_to_staging_orbit,2849.54545454545,system_specific_mass_kg_per_kw_delivered,1.14772727272727,80.1718162962467
launch_cost_gbp_per_kg_to_staging_orbit,2962.72727272727,system_specific_mass_kg_per_kw_delivered,1.14772727272727,82.1473935623086
launch_cost_gbp_per_kg_to_staging_orbit,3075.90909090909,system_specific_mass_kg_per_kw_delivered,1.14772727272727,84.1229708283705
launch_cost_gbp_per_kg_to_staging_orbit,3189.09090909091,system_specific_mass_kg_per_kw_delivered,1.14772727272727,86.0985480944324
launch_cost_gbp_per_kg_to_staging_orbit,3302.27272727273,system_specific_mass_kg_per_kw_delivered,1.14772727272727,88.0741253604943
launch_cost_gbp_per_kg_to_staging_orbit,3415.45454545455,system_specific_mass_kg_per_kw_delivered,1.14772727272727,90.0497026265562
launch_cost_gbp_per_kg_to_staging_orbit,3528.63636363636,system_specific_mass_kg_per_kw_delivered,1.14772727272727,92.0252798926181
launch_cost_gbp_per_kg_to_staging_orbit,3641.81818181818,system_specific_mass_kg_per_kw_delivered,1.14772727272727,94.00085715868
launch_cost_gbp_per_kg_to_staging_orbit,3755,system_specific_mass_kg_per_kw_delivered,1.14772727272727,95.9764344247419
launch_cost_gbp_per_kg_to_staging_orbit,3868.18181818182,system_specific_mass_kg_per_kw_delivered,1.14772727272727,97.9520116908038
launch_cost_gbp_per_kg_to_staging_orbit,3981.36363636364,system_specific_mass_kg_per_kw_delivered,1.14772727272727,99.9275889568657
launch_cost_gbp_per_kg_to_staging_orbit,4094.54545454545,system_specific_mass_kg_per_kw_delivered,1.14772727272727,101.903166222928
launch_cost_gbp_per_kg_to_staging_orbit,4207.72727272727,system_specific_mass_kg_per_kw_delivered,1.14772727272727,103.87874348899
launch_cost_gbp_per_kg_to_staging_orbit,4320.90909090909,system_specific_mass_kg_per_kw_delivered,1.14772727272727,105.854320755051
launch_cost_gbp_per_kg_to_staging_orbit,4434.09090909091,system_specific_mass_kg_per_kw_delivered,1.14772727272727,107.829898021113
launch_cost_gbp_per_kg_to_staging_orbit,4547.27272727273,system_specific_mass_kg_per_kw_delivered,1.14772727272727,109.805475287175
launch_cost_gbp_per_kg_to_staging_orbit,4660.45454545455,system_specific_mass_kg_per_kw_delivered,1.14772727272727,111.781052553237
launch_cost_gbp_per_kg_to_staging_orbit,4773.63636363636,system_specific_mass_kg_per_kw_delivered,1.14772727272727,113.756629819299
launch_cost_gbp_per_kg_to_staging_orbit,4886.81818181818,system_specific_mass_kg_per_kw_delivered,1.14772727272727,115.732207085361
launch_cost_gbp_per_kg_to_staging_orbit,5000,system_specific_mass_kg_per_kw_delivered,1.14772727272727,117.707784351423
launch_cost_gbp_per_kg_to_staging_orbit,20,system_specific_mass_kg_per_kw_delivered,1.36363636363636,31.8331350328197
launch_cost_gbp_per_kg_to_staging_orbit,133.181818181818,system_specific_mass_kg_per_kw_delivered,1.36363636363636,34.1803555469527
launch_cost_gbp_per_kg_to_staging_orbit,246.363636363636,system_specific_mass_kg_per_kw_delivered,1.36363636363636,36.5275760610856
launch_cost_gbp_per_kg_to_staging_orbit,359.545454545455,system_specific_mass_kg_per_kw_delivered,1.36363636363636,38.8747965752186
launch_cost_gbp_per_kg_to_staging_orbit,472.727272727273,system_specific_mass_kg_per_kw_delivered,1.36363636363636,41.2220170893516
launch_cost_gbp_per_kg_to_staging_orbit,585.909090909091,system_specific_mass_kg_per_kw_delivered,1.36363636363636,43.5692376034845
launch_cost_gbp_per_kg_to_staging_orbit,699.090909090909,system_specific_mass_kg_per_kw_delivered,1.36363636363636,45.9164581176175
launch_cost_gbp_per_kg_to_staging_orbit,812.272727272727,system_specific_mass_kg_per_kw_delivered,1.36363636363636,48.2636786317504
launch_cost_gbp_per_kg_to_staging_orbit,925.454545454545,system_specific_mass_kg_per_kw_delivered,1.36363636363636,50.6108991458834
launch_cost_gbp_per_kg_to_staging_orbit,1038.63636363636,system_specific_mass_kg_per_kw_delivered,1.36363636363636,52.9581196600163
launch_cost_gbp_per_kg_to_staging_orbit,1151.81818181818,system_specific_mass_kg_per_kw_delivered,1.36363636363636,55.3053401741493
launch_cost_gbp_per_kg_to_staging_orbit,1265,system_specific_mass_kg_per_kw_delivered,1.36363636363636,57.6525606882822
launch_cost_gbp_per_kg_to_staging_orbit,1378.18181818182,system_specific_mass_kg_per_kw_delivered,1.36363636363636,59.9997812024152
launch_cost_gbp_per_kg_to_staging_orbit,1491.36363636364,system_specific_mass_kg_per_kw_delivered,1.36363636363636,62.3470017165481
launch_cost_gbp_per_kg_to_staging_orbit,1604.54545454545,system_specific_mass_kg_per_kw_delivered,1.36363636363636,64.6942222306811
launch_cost_gbp_per_kg_to_staging_orbit,1717.72727272727,system_specific_mass_kg_per_kw_delivered,1.36363636363636,67.041442744814
launch_cost_gbp_per_kg_to_staging_orbit,1830.90909090909,system_specific_mass_kg_per_kw_delivered,1.36363636363636,69.388663258947
launch_cost_gbp_per_kg_to_staging_orbit,1944.09090909091,system_specific_mass_kg_per_kw_delivered,1.36363636363636,71.7358837730799
launch_cost_gbp_per_kg_to_staging_orbit,2057.27272727273,system_specific_mass_kg_per_kw_delivered,1.36363636363636,74.0831042872129
launch_cost_gbp_per_kg_to_staging_orbit,2170.45454545455,system_specific_mass_kg_per_kw_delivered,1.36363636363636,76.4303248013458
launch_cost_gbp_per_kg_to_staging_orbit,2283.63636363636,system_specific_mass_kg_per_kw_delivered,1.36363636363636,78.7775453154788
launch_cost_gbp_per_kg_to_staging_orbit,2396.81818181818,system_specific_mass_kg_per_kw_delivered,1.36363636363636,81.1247658296117
launch_cost_gbp_per_kg_to_staging_orbit,2510,system_specific_mass_kg_per_kw_delivered,1.36363636363636,83.4719863437447
launch_cost_gbp_per_kg_to_staging_orbit,2623.18181818182,system_specific_mass_kg_per_kw_delivered,1.36363636363636,85.8192068578776
launch_cost_gbp_per_kg_to_staging_orbit,2736.36363636364,system_specific_mass_kg_per_kw_delivered,1.36363636363636,88.1664273720106
launch_cost_gbp_per_kg_to_staging_orbit,2849.54545454545,system_specific_mass_kg_per_kw_delivered,1.36363636363636,90.5136478861436
launch_cost_gbp_per_kg_to_staging_orbit,2962.72727272727,system_specific_mass_kg_per_kw_delivered,1.36363636363636,92.8608684002765
launch_cost_gbp_per_kg_to_staging_orbit,3075.90909090909,system_specific_mass_kg_per_kw_delivered,1.36363636363636,95.2080889144095
launch_cost_gbp_per_kg_to_staging_orbit,3189.09090909091,system_specific_mass_kg_per_kw_delivered,1.36363636363636,97.5553094285424
launch_cost_gbp_per_kg_to_staging_orbit,3302.27272727273,system_specific_mass_kg_per_kw_delivered,1.36363636363636,99.9025299426754
launch_cost_gbp_per_kg_to_staging_orbit,3415.45454545455,system_specific_mass_kg_per_kw_delivered,1.36363636363636,102.249750456808
launch_cost_gbp_per_kg_to_staging_orbit,3528.63636363636,system_specific_mass_kg_per_kw_delivered,1.36363636363636,104.596970970941
launch_cost_gbp_per_kg_to_staging_orbit,3641.81818181818,system_specific_mass_kg_per_kw_delivered,1.36363636363636,106.944191485074
launch_cost_gbp_per_kg_to_staging_orbit,3755,system_specific_mass_kg_per_kw_delivered,1.36363636363636,109.291411999207
launch_cost_gbp_per_kg_to_staging_orbit,3868.18181818182,system_specific_mass_kg_per_kw_delivered,1.36363636363636,111.63863251334
launch_cost_gbp_per_kg_to_staging_orbit,3981.36363636364,system_specific_mass_kg_per_kw_delivered,1.36363636363636,113.985853027473
launch_cost_gbp_per_kg_to_staging_orbit,4094.54545454545,system_specific_mass_kg_per_kw_delivered,1.36363636363636,116.333073541606
launch_cost_gbp_per_kg_to_staging_orbit,4207.72727272727,system_specific_mass_kg_per_kw_delivered,1.36363636363636,118.680294055739
launch_cost_gbp_per_kg_to_staging_orbit,4320.90909090909,system_specific_mass_kg_per_kw_delivered,1.36363636363636,121.027514569872
launch_cost_gbp_per_kg_to_staging_orbit,4434.09090909091,system_specific_mass_kg_per_kw_delivered,1.36363636363636,123.374735084005
launch_cost_gbp_per_kg_to_staging_orbit,4547.27272727273,system_specific_mass_kg_per_kw_delivered,1.36363636363636,125.721955598138
launch_cost_gbp_per_kg_to_staging_orbit,4660.45454545455,system_specific_mass_kg_per_kw_delivered,1.36363636363636,128.069176112271
launch_cost_gbp_per_kg_to_staging_orbit,4773.63636363636,system_specific_mass_kg_per_kw_delivered,1.36363636363636,130.416396626404
launch_cost_gbp_per_kg_to_staging_orbit,4886.81818181818,system_specific_mass_kg_per_kw_delivered,1.36363636363636,132.763617140537
launch_cost_gbp_per_kg_to_staging_orbit,5000,system_specific_mass_kg_per_kw_delivered,1.36363636363636,135.11083765467
launch_cost_gbp_per_kg_to_staging_orbit,20,system_specific_mass_kg_per_kw_delivered,1.57954545454545,32.8838854209403
launch_cost_gbp_per_kg_to_staging_orbit,133.181818181818,system_specific_mass_kg_per_kw_delivered,1.57954545454545,35.6027491831443
launch_cost_gbp_per_kg_to_staging_orbit,246.363636363636,system_specific_mass_kg_per_kw_delivered,1.57954545454545,38.3216129453483
launch_cost_gbp_per_kg_to_staging_orbit,359.545454545455,system_specific_mass_kg_per_kw_delivered,1.57954545454545,41.0404767075523
launch_cost_gbp_per_kg_to_staging_orbit,472.727272727273,system_specific_mass_kg_per_kw_delivered,1.57954545454545,43.7593404697563
launch_cost_gbp_per_kg_to_staging_orbit,585.909090909091,system_specific_mass_kg_per_kw_delivered,1.57954545454545,46.4782042319603
launch_cost_gbp_per_kg_to_staging_orbit,699.090909090909,system_specific_mass_kg_per_kw_delivered,1.57954545454545,49.1970679941643
launch_cost_gbp_per_kg_to_staging_orbit,812.272727272727,system_specific_mass_kg_per_kw_delivered,1.57954545454545,51.9159317563683
launch_cost_gbp_per_kg_to_staging_orbit,925.454545454545,system_specific_mass_kg_per_kw_delivered,1.57954545454545,54.6347955185723
launch_cost_gbp_per_kg_to_staging_orbit,1038.63636363636,system_specific_mass_kg_per_kw_delivered,1.57954545454545,57.3536592807763
launch_cost_gbp_per_kg_to_staging_orbit,1151.81818181818,system_specific_mass_kg_per_kw_delivered,1.57954545454545,60.0725230429803
launch_cost_gbp_per_kg_to_staging_orbit,1265,system_specific_mass_kg_per_kw_delivered,1.57954545454545,62.7913868051843
launch_cost_gbp_per_kg_to_staging_orbit,1378.18181818182,system_specific_mass_kg_per_kw_delivered,1.57954545454545,65.5102505673884
launch_cost_gbp_per_kg_to_staging_orbit,1491.36363636364,system_specific_mass_kg_per_kw_delivered,1.57954545454545,68.2291143295924
launch_cost_gbp_per_kg_to_staging_orbit,1604.54545454545,system_specific_mass_kg_per_kw_delivered,1.57954545454545,70.9479780917963
launch_cost_gbp_per_kg_to_staging_orbit,1717.72727272727,system_specific_mass_kg_per_kw_delivered,1.57954545454545,73.6668418540003
launch_cost_gbp_per_kg_to_staging_orbit,1830.90909090909,system_specific_mass_kg_per_kw_delivered,1.57954545454545,76.3857056162044
launch_cost_gbp_per_kg_to_staging_orbit,1944.09090909091,system_specific_mass_kg_per_kw_delivered,1.57954545454545,79.1045693784084
launch_cost_gbp_per_kg_to_staging_orbit,2057.27272727273,system_specific_mass_kg_per_kw_delivered,1.57954545454545,81.8234331406124
launch_cost_gbp_per_kg_to_staging_orbit,2170.45454545455,system_specific_mass_kg_per_kw_delivered,1.57954545454545,84.5422969028164
launch_cost_gbp_per_kg_to_staging_orbit,2283.63636363636,system_specific_mass_kg_per_kw_delivered,1.57954545454545,87.2611606650204
launch_cost_gbp_per_kg_to_staging_orbit,2396.81818181818,system_specific_mass_kg_per_kw_delivered,1.57954545454545,89.9800244272244
launch_cost_gbp_per_kg_to_staging_orbit,2510,system_specific_mass_kg_per_kw_delivered,1.57954545454545,92.6988881894284
launch_cost_gbp_per_kg_to_staging_orbit,2623.18181818182,system_specific_mass_kg_per_kw_delivered,1.57954545454545,95.4177519516324
launch_cost_gbp_per_kg_to_staging_orbit,2736.36363636364,system_specific_mass_kg_per_kw_delivered,1.57954545454545,98.1366157138364
launch_cost_gbp_per_kg_to_staging_orbit,2849.54545454545,system_specific_mass_kg_per_kw_delivered,1.57954545454545,100.85547947604
launch_cost_gbp_per_kg_to_staging_orbit,2962.72727272727,system_specific_mass_kg_per_kw_delivered,1.57954545454545,103.574343238244
launch_cost_gbp_per_kg_to_staging_orbit,3075.90909090909,system_specific_mass_kg_per_kw_delivered,1.57954545454545,106.293207000448
launch_cost_gbp_per_kg_to_staging_orbit,3189.09090909091,system_specific_mass_kg_per_kw_delivered,1.57954545454545,109.012070762652
launch_cost_gbp_per_kg_to_staging_orbit,3302.27272727273,system_specific_mass_kg_per_kw_delivered,1.57954545454545,111.730934524856
launch_cost_gbp_per_kg_to_staging_orbit,3415.45454545455,system_specific_mass_kg_per_kw_delivered,1.57954545454545,114.44979828706
launch_cost_gbp_per_kg_to_staging_orbit,3528.63636363636,system_specific_mass_kg_per_kw_delivered,1.57954545454545,117.168662049264
launch_cost_gbp_per_kg_to_staging_orbit,3641.81818181818,system_specific_mass_kg_per_kw_delivered,1.57954545454545,119.887525811468
launch_cost_gbp_per_kg_to_staging_orbit,3755,system_specific_mass_kg_per_kw_delivered,1.57954545454545,122.606389573672
launch_cost_gbp_per_kg_to_staging_orbit,3868.18181818182,system_specific_mass_kg_per_kw_delivered,1.57954545454545,125.325253335876
launch_cost_gbp_per_kg_to_staging_orbit,3981.36363636364,system_specific_mass_kg_per_kw_delivered,1.57954545454545,128.04411709808
launch_cost_gbp_per_kg_to_staging_orbit,4094.54545454545,system_specific_mass_kg_per_kw_delivered,1.57954545454545,130.762980860284
launch_cost_gbp_per_kg_to_staging_orbit,4207.72727272727,system_specific_mass_kg_per_kw_delivered,1.57954545454545,133.481844622488
launch_cost_gbp_per_kg_to_staging_orbit,4320.90909090909,system_specific_mass_kg_per_kw_delivered,1.57954545454545,136.200708384692
launch_cost_gbp_per_kg_to_staging_orbit,4434.09090909091,system_specific_mass_kg_per_kw_delivered,1.57954545454545,138.919572146896
launch_cost_gbp_per_kg_to_staging_orbit,4547.27272727273,system_specific_mass_kg_per_kw_delivered,1.57954545454545,141.6384359091
launch_cost_gbp_per_kg_to_staging_orbit,4660.45454545455,system_specific_mass_kg_per_kw_delivered,1.57954545454545,144.357299671304
launch_cost_gbp_per_kg_to_staging_orbit,4773.63636363636,system_specific_mass_kg_per_kw_delivered,1.57954545454545,147.076163433508
launch_cost_gbp_per_kg_to_staging_orbit,4886.81818181818,system_specific_mass_kg_per_kw_delivered,1.57954545454545,149.795027195712
launch_cost_gbp_per_kg_to_staging_orbit,5000,system_specific_mass_kg_per_kw_delivered,1.57954545454545,152.513890957916
launch_cost_gbp_per_kg_to_staging_orbit,20,system_specific_mass_kg_per_kw_delivered,1.79545454545455,33.9346358090609
launch_cost_gbp_per_kg_to_staging_orbit,133.181818181818,system_specific_mass_kg_per_kw_delivered,1.79545454545455,37.0251428193359
launch_cost_gbp_per_kg_to_staging_orbit,246.363636363636,system_specific_mass_kg_per_kw_delivered,1.79545454545455,40.115649829611
launch_cost_gbp_per_kg_to_staging_orbit,359.545454545455,system_specific_mass_kg_per_kw_delivered,1.79545454545455,43.206156839886
launch_cost_gbp_per_kg_to_staging_orbit,472.727272727273,system_specific_mass_kg_per_kw_delivered,1.79545454545455,46.2966638501611
launch_cost_gbp_per_kg_to_staging_orbit,585.909090909091,system_specific_mass_kg_per_kw_delivered,1.79545454545455,49.3871708604361
launch_cost_gbp_per_kg_to_staging_orbit,699.090909090909,system_specific_mass_kg_per_kw_delivered,1.79545454545455,52.4776778707112
launch_cost_gbp_per_kg_to_staging_orbit,812.272727272727,system_specific_mass_kg_per_kw_delivered,1.79545454545455,55.5681848809862
launch_cost_gbp_per_kg_to_staging_orbit,925.454545454545,system_specific_mass_kg_per_kw_delivered,1.79545454545455,58.6586918912613
launch_cost_gbp_per_kg_to_staging_orbit,1038.63636363636,system_specific_mass_kg_per_kw_delivered,1.79545454545455,61.7491989015364
launch_cost_gbp_per_kg_to_staging_orbit,1151.81818181818,system_specific_mass_kg_per_kw_delivered,1.79545454545455,64.8397059118114
launch_cost_gbp_per_kg_to_staging_orbit,1265,system_specific_mass_kg_per_kw_delivered,1.79545454545455,67.9302129220865
launch_cost_gbp_per_kg_to_staging_orbit,1378.18181818182,system_specific_mass_kg_per_kw_delivered,1.79545454545455,71.0207199323615
launch_cost_gbp_per_kg_to_staging_orbit,1491.36363636364,system_specific_mass_kg_per_kw_delivered,1.79545454545455,74.1112269426366
launch_cost_gbp_per_kg_to_staging_orbit,1604.54545454545,system_specific_mass_kg_per_kw_delivered,1.79545454545455,77.2017339529116
launch_cost_gbp_per_kg_to_staging_orbit,1717.72727272727,system_specific_mass_kg_per_kw_delivered,1.79545454545455,80.2922409631867
launch_cost_gbp_per_kg_to_staging_orbit,1830.90909090909,system_specific_mass_kg_per_kw_delivered,1.79545454545455,83.3827479734617
launch_cost_gbp_per_kg_to_staging_orbit,1944.09090909091,system_specific_mass_kg_per_kw_delivered,1.79545454545455,86.4732549837368
launch_cost_gbp_per_kg_to_staging_orbit,2057.27272727273,system_specific_mass_kg_per_kw_delivered,1.79545454545455,89.5637619940119
launch_cost_gbp_per_kg_to_staging_orbit,2170.45454545455,system_specific_mass_kg_per_kw_delivered,1.79545454545455,92.6542690042869
launch_cost_gbp_per_kg_to_staging_orbit,2283.63636363636,system_specific_mass_kg_per_kw_delivered,1.79545454545455,95.7447760145619
launch_cost_gbp_per_kg_to_staging_orbit,2396.81818181818,system_specific_mass_kg_per_kw_delivered,1.79545454545455,98.835283024837
launch_cost_gbp_per_kg_to_staging_orbit,2510,system_specific_mass_kg_per_kw_delivered,1.79545454545455,101.925790035112
launch_cost_gbp_per_kg_to_staging_orbit,2623.18181818182,system_specific_mass_kg_per_kw_delivered,1.79545454545455,105.016297045387
launch_cost_gbp_per_kg_to_staging_orbit,2736.36363636364,system_specific_mass_kg_per_kw_delivered,1.79545454545455,108.106804055662
launch_cost_gbp_per_kg_to_staging_orbit,2849.54545454545,system_specific_mass_kg_per_kw_delivered,1.79545454545455,111.197311065937
launch_cost_gbp_per_kg_to_staging_orbit,2962.72727272727,system_specific_mass_kg_per_kw_delivered,1.79545454545455,114.287818076212
launch_cost_gbp_per_kg_to_staging_orbit,3075.90909090909,system_specific_mass_kg_per_kw_delivered,1.79545454545455,117.378325086487
launch_cost_gbp_per_kg_to_staging_orbit,3189.09090909091,system_specific_mass_kg_per_kw_delivered,1.79545454545455,120.468832096762
launch_cost_gbp_per_kg_to_staging_orbit,3302.27272727273,system_specific_mass_kg_per_kw_delivered,1.79545454545455,123.559339107037
launch_cost_gbp_per_kg_to_staging_orbit,3415.45454545455,system_specific_mass_kg_per_kw_delivered,1.79545454545455,126.649846117312
launch_cost_gbp_per_kg_to_staging_orbit,3528.63636363636,system_specific_mass_kg_per_kw_delivered,1.79545454545455,129.740353127588
launch_cost_gbp_per_kg_to_staging_orbit,3641.81818181818,system_specific_mass_kg_per_kw_delivered,1.79545454545455,132.830860137863
launch_cost_gbp_per_kg_to_staging_orbit,3755,system_specific_mass_kg_per_kw_delivered,1.79545454545455,135.921367148138
launch_cost_gbp_per_kg_to_staging_orbit,3868.18181818182,system_specific_mass_kg_per_kw_delivered,1.79545454545455,139.011874158413
launch_cost_gbp_per_kg_to_staging_orbit,3981.36363636364,system_specific_mass_kg_per_kw_delivered,1.79545454545455,142.102381168688
launch_cost_gbp_per_kg_to_staging_orbit,4094.54545454545,system_specific_mass_kg_per_kw_delivered,1.79545454545455,145.192888178963
launch_cost_gbp_per_kg_to_staging_orbit,4207.72727272727,system_specific_mass_kg_per_kw_delivered,1.79545454545455,148.283395189238
launch_cost_gbp_per_kg_to_staging_orbit,4320.90909090909,system_specific_mass_kg_per_kw_delivered,1.79545454545455,151.373902199513
launch_cost_gbp_per_kg_to_staging_orbit,4434.09090909091,system_specific_mass_kg_per_kw_delivered,1.79545454545455,154.464409209788
launch_cost_gbp_per_kg_to_staging_orbit,4547.27272727273,system_specific_mass_kg_per_kw_delivered,1.79545454545455,157.554916220063
launch_cost_gbp_per_kg_to_staging_orbit,4660.45454545455,system_specific_mass_kg_per_kw_delivered,1.79545454545455,160.645423230338
launch_cost_gbp_per_kg_to_staging_orbit,4773.63636363636,system_specific_mass_kg_per_kw_delivered,1.79545454545455,163.735930240613
launch_cost_gbp_per_kg_to_staging_orbit,4886.81818181818,system_specific_mass_kg_per_kw_delivered,1.79545454545455,166.826437250888
launch_cost_gbp_per_kg_to_staging_orbit,5000,system_specific_mass_kg_per_kw_delivered,1.79545454545455,169.916944261163
launch_cost_gbp_per_kg_to_staging_orbit,20,system_specific_mass_kg_per_kw_delivered,2.01136363636364,34.9853861971814
launch_cost_gbp_per_kg_to_staging_orbit,133.181818181818,system_specific_mass_kg_per_kw_delivered,2.01136363636364,38.4475364555275
launch_cost_gbp_per_kg_to_staging_orbit,246.363636363636,system_specific_mass_kg_per_kw_delivered,2.01136363636364,41.9096867138736
launch_cost_gbp_per_kg_to_staging_orbit,359.545454545455,system_specific_mass_kg_per_kw_delivered,2.01136363636364,45.3718369722197
launch_cost_gbp_per_kg_to_staging_orbit,472.727272727273,system_specific_mass_kg_per_kw_delivered,2.01136363636364,48.8339872305659
launch_cost_gbp_per_kg_to_staging_orbit,585.909090909091,system_specific_mass_kg_per_kw_delivered,2.01136363636364,52.296137488912
launch_cost_gbp_per_kg_to_staging_orbit,699.090909090909,system_specific_mass_kg_per_kw_delivered,2.01136363636364,55.7582877472581
launch_cost_gbp_per_kg_to_staging_orbit,812.272727272727,system_specific_mass_kg_per_kw_delivered,2.01136363636364,59.2204380056042
launch_cost_gbp_per_kg_to_staging_orbit,925.454545454545,system_specific_mass_kg_per_kw_delivered,2.01136363636364,62.6825882639503
launch_cost_gbp_per_kg_to_staging_orbit,1038.63636363636,system_specific_mass_kg_per_kw_delivered,2.01136363636364,66.1447385222964
launch_cost_gbp_per_kg_to_staging_orbit,1151.81818181818,system_specific_mass_kg_per_kw_delivered,2.01136363636364,69.6068887806425
launch_cost_gbp_per_kg_to_staging_orbit,1265,system_specific_mass_kg_per_kw_delivered,2.01136363636364,73.0690390389886
launch_cost_gbp_per_kg_to_staging_orbit,1378.18181818182,system_specific_mass_kg_per_kw_delivered,2.01136363636364,76.5311892973347
launch_cost_gbp_per_kg_to_staging_orbit,1491.36363636364,system_specific_mass_kg_per_kw_delivered,2.01136363636364,79.9933395556808
launch_cost_gbp_per_kg_to_staging_orbit,1604.54545454545,system_specific_mass_kg_per_kw_delivered,2.01136363636364,83.4554898140269
launch_cost_gbp_per_kg_to_staging_orbit,1717.72727272727,system_specific_mass_kg_per_kw_delivered,2.01136363636364,86.917640072373
launch_cost_gbp_per_kg_to_staging_orbit,1830.90909090909,system_specific_mass_kg_per_kw_delivered,2.01136363636364,90.3797903307191
launch_cost_gbp_per_kg_to_staging_orbit,1944.09090909091,system_specific_mass_kg_per_kw_delivered,2.01136363636364,93.8419405890652
launch_cost_gbp_per_kg_to_staging_orbit,2057.27272727273,system_specific_mass_kg_per_kw_delivered,2.01136363636364,97.3040908474113
launch_cost_gbp_per_kg_to_staging_orbit,2170.45454545455,system_specific_mass_kg_per_kw_delivered,2.01136363636364,100.766241105757
launch_cost_gbp_per_kg_to_staging_orbit,2283.63636363636,system_specific_mass_kg_per_kw_delivered,2.01136363636364,104.228391364104
launch_cost_gbp_per_kg_to_staging_orbit,2396.81818181818,system_specific_mass_kg_per_kw_delivered,2.01136363636364,107.69054162245
launch_cost_gbp_per_kg_to_staging_orbit,2510,system_specific_mass_kg_per_kw_delivered,2.01136363636364,111.152691880796
launch_cost_gbp_per_kg_to_staging_orbit,2623.18181818182,system_specific_mass_kg_per_kw_delivered,2.01136363636364,114.614842139142
launch_cost_gbp_per_kg_to_staging_orbit,2736.36363636364,system_specific_mass_kg_per_kw_delivered,2.01136363636364,118.076992397488
launch_cost_gbp_per_kg_to_staging_orbit,2849.54545454545,system_specific_mass_kg_per_kw_delivered,2.01136363636364,121.539142655834
launch_cost_gbp_per_kg_to_staging_orbit,2962.72727272727,system_specific_mass_kg_per_kw_delivered,2.01136363636364,125.00129291418
launch_cost_gbp_per_kg_to_staging_orbit,3075.90909090909,system_specific_mass_kg_per_kw_delivered,2.01136363636364,128.463443172526
launch_cost_gbp_per_kg_to_staging_orbit,3189.09090909091,system_specific_mass_kg_per_kw_delivered,2.01136363636364,131.925593430872
launch_cost_gbp_per_kg_to_staging_orbit,3302.27272727273,system_specific_mass_kg_per_kw_delivered,2.01136363636364,135.387743689218
launch_cost_gbp_per_kg_to_staging_orbit,3415.45454545455,system_specific_mass_kg_per_kw_delivered,2.01136363636364,138.849893947565
launch_cost_gbp_per_kg_to_staging_orbit,3528.63636363636,system_specific_mass_kg_per_kw_delivered,2.01136363636364,142.312044205911
launch_cost_gbp_per_kg_to_staging_orbit,3641.81818181818,system_specific_mass_kg_per_kw_delivered,2.01136363636364,145.774194464257
launch_cost_gbp_per_kg_to_staging_orbit,3755,system_specific_mass_kg_per_kw_delivered,2.01136363636364,149.236344722603
launch_cost_gbp_per_kg_to_staging_orbit,3868.18181818182,system_specific_mass_kg_per_kw_delivered,2.01136363636364,152.698494980949
launch_cost_gbp_per_kg_to_staging_orbit,3981.36363636364,system_specific_mass_kg_per_kw_delivered,2.01136363636364,156.160645239295
launch_cost_gbp_per_kg_to_staging_orbit,4094.54545454545,system_specific_mass_kg_per_kw_delivered,2.01136363636364,159.622795497641
launch_cost_gbp_per_kg_to_staging_orbit,4207.72727272727,system_specific_mass_kg_per_kw_delivered,2.01136363636364,163.084945755987
launch_cost_gbp_per_kg_to_staging_orbit,4320.90909090909,system_specific_mass_kg_per_kw_delivered,2.01136363636364,166.547096014333
launch_cost_gbp_per_kg_to_staging_orbit,4434.09090909091,system_specific_mass_kg_per_kw_delivered,2.01136363636364,170.00924627268
launch_cost_gbp_per_kg_to_staging_orbit,4547.27272727273,system_specific_mass_kg_per_kw_delivered,2.01136363636364,173.471396531026
launch_cost_gbp_per_kg_to_staging_orbit,4660.45454545455,system_specific_mass_kg_per_kw_delivered,2.01136363636364,176.933546789372
launch_cost_gbp_per_kg_to_staging_orbit,4773.63636363636,system_specific_mass_kg_per_kw_delivered,2.01136363636364,180.395697047718
launch_cost_gbp_per_kg_to_staging_orbit,4886.81818181818,system_specific_mass_kg_per_kw_delivered,2.01136363636364,183.857847306064
launch_cost_gbp_per_kg_to_staging_orbit,5000,system_specific_mass_kg_per_kw_delivered,2.01136363636364,187.31999756441
launch_cost_gbp_per_kg_to_staging_orbit,20,system_specific_mass_kg_per_kw_delivered,2.22727272727273,36.036136585302
launch_cost_gbp_per_kg_to_staging_orbit,133.181818181818,system_specific_mass_kg_per_kw_delivered,2.22727272727273,39.8699300917191
launch_cost_gbp_per_kg_to_staging_orbit,246.363636363636,system_specific_mass_kg_per_kw_delivered,2.22727272727273,43.7037235981363
launch_cost_gbp_per_kg_to_staging_orbit,359.545454545455,system_specific_mass_kg_per_kw_delivered,2.22727272727273,47.5375171045535
launch_cost_gbp_per_kg_to_staging_orbit,472.727272727273,system_specific_mass_kg_per_kw_delivered,2.22727272727273,51.3713106109706
launch_cost_gbp_per_kg_to_staging_orbit,585.909090909091,system_specific_mass_kg_per_kw_delivered,2.22727272727273,55.2051041173878
launch_cost_gbp_per_kg_to_staging_orbit,699.090909090909,system_specific_mass_kg_per_kw_delivered,2.22727272727273,59.0388976238049
launch_cost_gbp_per_kg_to_staging_orbit,812.272727272727,system_specific_mass_kg_per_kw_delivered,2.22727272727273,62.8726911302221
launch_cost_gbp_per_kg_to_staging_orbit,925.454545454545,system_specific_mass_kg_per_kw_delivered,2.22727272727273,66.7064846366392
launch_cost_gbp_per_kg_to_staging_orbit,1038.63636363636,system_specific_mass_kg_per_kw_delivered,2.22727272727273,70.5402781430564
launch_cost_gbp_per_kg_to_staging_orbit,1151.81818181818,system_specific_mass_kg_per_kw_delivered,2.22727272727273,74.3740716494735
launch_cost_gbp_per_kg_to_staging_orbit,1265,system_specific_mass_kg_per_kw_delivered,2.22727272727273,78.2078651558907
launch_cost_gbp_per_kg_to_staging_orbit,1378.18181818182,system_specific_mass_kg_per_kw_delivered,2.22727272727273,82.0416586623079
launch_cost_gbp_per_kg_to_staging_orbit,1491.36363636364,system_specific_mass_kg_per_kw_delivered,2.22727272727273,85.875452168725
launch_cost_gbp_per_kg_to_staging_orbit,1604.54545454545,system_specific_mass_kg_per_kw_delivered,2.22727272727273,89.7092456751422
launch_cost_gbp_per_kg_to_staging_orbit,1717.72727272727,system_specific_mass_kg_per_kw_delivered,2.22727272727273,93.5430391815593
launch_cost_gbp_per_kg_to_staging_orbit,1830.90909090909,system_specific_mass_kg_per_kw_delivered,2.22727272727273,97.3768326879765
launch_cost_gbp_per_kg_to_staging_orbit,1944.09090909091,system_specific_mass_kg_per_kw_delivered,2.22727272727273,101.210626194394
launch_cost_gbp_per_kg_to_staging_orbit,2057.27272727273,system_specific_mass_kg_per_kw_delivered,2.22727272727273,105.044419700811
launch_cost_gbp_per_kg_to_staging_orbit,2170.45454545455,system_specific_mass_kg_per_kw_delivered,2.22727272727273,108.878213207228
launch_cost_gbp_per_kg_to_staging_orbit,2283.63636363636,system_specific_mass_kg_per_kw_delivered,2.22727272727273,112.712006713645
launch_cost_gbp_per_kg_to_staging_orbit,2396.81818181818,system_specific_mass_kg_per_kw_delivered,2.22727272727273,116.545800220062
launch_cost_gbp_per_kg_to_staging_orbit,2510,system_specific_mass_kg_per_kw_delivered,2.22727272727273,120.379593726479
launch_cost_gbp_per_kg_to_staging_orbit,2623.18181818182,system_specific_mass_kg_per_kw_delivered,2.22727272727273,124.213387232897
launch_cost_gbp_per_kg_to_staging_orbit,2736.36363636364,system_specific_mass_kg_per_kw_delivered,2.22727272727273,128.047180739314
launch_cost_gbp_per_kg_to_staging_orbit,2849.54545454545,system_specific_mass_kg_per_kw_delivered,2.22727272727273,131.880974245731
launch_cost_gbp_per_kg_to_staging_orbit,2962.72727272727,system_specific_mass_kg_per_kw_delivered,2.22727272727273,135.714767752148
launch_cost_gbp_per_kg_to_staging_orbit,3075.90909090909,system_specific_mass_kg_per_kw_delivered,2.22727272727273,139.548561258565
launch_cost_gbp_per_kg_to_staging_orbit,3189.09090909091,system_specific_mass_kg_per_kw_delivered,2.22727272727273,143.382354764982
launch_cost_gbp_per_kg_to_staging_orbit,3302.27272727273,system_specific_mass_kg_per_kw_delivered,2.22727272727273,147.2161482714
launch_cost_gbp_per_kg_to_staging_orbit,3415.45454545455,system_specific_mass_kg_per_kw_delivered,2.22727272727273,151.049941777817
launch_cost_gbp_per_kg_to_staging_orbit,3528.63636363636,system_specific_mass_kg_per_kw_delivered,2.22727272727273,154.883735284234
launch_cost_gbp_per_kg_to_staging_orbit,3641.81818181818,system_specific_mass_kg_per_kw_delivered,2.22727272727273,158.717528790651
launch_cost_gbp_per_kg_to_staging_orbit,3755,system_specific_mass_kg_per_kw_delivered,2.22727272727273,162.551322297068
launch_cost_gbp_per_kg_to_staging_orbit,3868.18181818182,system_specific_mass_kg_per_kw_delivered,2.22727272727273,166.385115803485
launch_cost_gbp_per_kg_to_staging_orbit,3981.36363636364,system_specific_mass_kg_per_kw_delivered,2.22727272727273,170.218909309902
launch_cost_gbp_per_kg_to_staging_orbit,4094.54545454545,system_specific_mass_kg_per_kw_delivered,2.22727272727273,174.05270281632
launch_cost_gbp_per_kg_to_staging_orbit,4207.72727272727,system_specific_mass_kg_per_kw_delivered,2.22727272727273,177.886496322737
launch_cost_gbp_per_kg_to_staging_orbit,4320.90909090909,system_specific_mass_kg_per_kw_delivered,2.22727272727273,181.720289829154
launch_cost_gbp_per_kg_to_staging_orbit,4434.09090909091,system_specific_mass_kg_per_kw_delivered,2.22727272727273,185.554083335571
launch_cost_gbp_per_kg_to_staging_orbit,4547.27272727273,system_specific_mass_kg_per_kw_delivered,2.22727272727273,189.387876841988
launch_cost_gbp_per_kg_to_staging_orbit,4660.45454545455,system_specific_mass_kg_per_kw_delivered,2.22727272727273,193.221670348405
launch_cost_gbp_per_kg_to_staging_orbit,4773.63636363636,system_specific_mass_kg_per_kw_delivered,2.22727272727273,197.055463854823
launch_cost_gbp_per_kg_to_staging_orbit,4886.81818181818,system_specific_mass_kg_per_kw_delivered,2.22727272727273,200.88925736124
launch_cost_gbp_per_kg_to_staging_orbit,5000,system_specific_mass_kg_per_kw_delivered,2.22727272727273,204.723050867657
launch_cost_gbp_per_kg_to_staging_orbit,20,system_specific_mass_kg_per_kw_delivered,2.44318181818182,37.0868869734226
launch_cost_gbp_per_kg_to_staging_orbit,133.181818181818,system_specific_mass_kg_per_kw_delivered,2.44318181818182,41.2923237279108
launch_cost_gbp_per_kg_to_staging_orbit,246.363636363636,system_specific_mass_kg_per_kw_delivered,2.44318181818182,45.497760482399
launch_cost_gbp_per_kg_to_staging_orbit,359.545454545455,system_specific_mass_kg_per_kw_delivered,2.44318181818182,49.7031972368872
launch_cost_gbp_per_kg_to_staging_orbit,472.727272727273,system_specific_mass_kg_per_kw_delivered,2.44318181818182,53.9086339913754
launch_cost_gbp_per_kg_to_staging_orbit,585.909090909091,system_specific_mass_kg_per_kw_delivered,2.44318181818182,58.1140707458636
launch_cost_gbp_per_kg_to_staging_orbit,699.090909090909,system_specific_mass_kg_per_kw_delivered,2.44318181818182,62.3195075003518
launch_cost_gbp_per_kg_to_staging_orbit,812.272727272727,system_specific_mass_kg_per_kw_delivered,2.44318181818182,66.52494425484
launch_cost_gbp_per_kg_to_staging_orbit,925.454545454545,system_specific_mass_kg_per_kw_delivered,2.44318181818182,70.7303810093282
launch_cost_gbp_per_kg_to_staging_orbit,1038.63636363636,system_specific_mass_kg_per_kw_delivered,2.44318181818182,74.9358177638164
launch_cost_gbp_per_kg_to_staging_orbit,1151.81818181818,system_specific_mass_kg_per_kw_delivered,2.44318181818182,79.1412545183046
launch_cost_gbp_per_kg_to_staging_orbit,1265,system_specific_mass_kg_per_kw_delivered,2.44318181818182,83.3466912727928
launch_cost_gbp_per_kg_to_staging_orbit,1378.18181818182,system_specific_mass_kg_per_kw_delivered,2.44318181818182,87.552128027281
launch_cost_gbp_per_kg_to_staging_orbit,1491.36363636364,system_specific_mass_kg_per_kw_delivered,2.44318181818182,91.7575647817692
launch_cost_gbp_per_kg_to_staging_orbit,1604.54545454545,system_specific_mass_kg_per_kw_delivered,2.44318181818182,95.9630015362575
launch_cost_gbp_per_kg_to_staging_orbit,1717.72727272727,system_specific_mass_kg_per_kw_delivered,2.44318181818182,100.168438290746
launch_cost_gbp_per_kg_to_staging_orbit,1830.90909090909,system_specific_mass_kg_per_kw_delivered,2.44318181818182,104.373875045234
launch_cost_gbp_per_kg_to_staging_orbit,1944.09090909091,system_specific_mass_kg_per_kw_delivered,2.44318181818182,108.579311799722
launch_cost_gbp_per_kg_to_staging_orbit,2057.27272727273,system_specific_mass_kg_per_kw_delivered,2.44318181818182,112.78474855421
launch_cost_gbp_per_kg_to_staging_orbit,2170.45454545455,system_specific_mass_kg_per_kw_delivered,2.44318181818182,116.990185308698
launch_cost_gbp_per_kg_to_staging_orbit,2283.63636363636,system_specific_mass_kg_per_kw_delivered,2.44318181818182,121.195622063187
launch_cost_gbp_per_kg_to_staging_orbit,2396.81818181818,system_specific_mass_kg_per_kw_delivered,2.44318181818182,125.401058817675
launch_cost_gbp_per_kg_to_staging_orbit,2510,system_specific_mass_kg_per_kw_delivered,2.44318181818182,129.606495572163
launch_cost_gbp_per_kg_to_staging_orbit,2623.18181818182,system_specific_mass_kg_per_kw_delivered,2.44318181818182,133.811932326651
launch_cost_gbp_per_kg_to_staging_orbit,2736.36363636364,system_specific_mass_kg_per_kw_delivered,2.44318181818182,138.01736908114
launch_cost_gbp_per_kg_to_staging_orbit,2849.54545454545,system_specific_mass_kg_per_kw_delivered,2.44318181818182,142.222805835628
launch_cost_gbp_per_kg_to_staging_orbit,2962.72727272727,system_specific_mass_kg_per_kw_delivered,2.44318181818182,146.428242590116
launch_cost_gbp_per_kg_to_staging_orbit,3075.90909090909,system_specific_mass_kg_per_kw_delivered,2.44318181818182,150.633679344604
launch_cost_gbp_per_kg_to_staging_orbit,3189.09090909091,system_specific_mass_kg_per_kw_delivered,2.44318181818182,154.839116099092
launch_cost_gbp_per_kg_to_staging_orbit,3302.27272727273,system_specific_mass_kg_per_kw_delivered,2.44318181818182,159.044552853581
launch_cost_gbp_per_kg_to_staging_orbit,3415.45454545455,system_specific_mass_kg_per_kw_delivered,2.44318181818182,163.249989608069
launch_cost_gbp_per_kg_to_staging_orbit,3528.63636363636,system_specific_mass_kg_per_kw_delivered,2.44318181818182,167.455426362557
launch_cost_gbp_per_kg_to_staging_orbit,3641.81818181818,system_specific_mass_kg_per_kw_delivered,2.44318181818182,171.660863117045
launch_cost_gbp_per_kg_to_staging_orbit,3755,system_specific_mass_kg_per_kw_delivered,2.44318181818182,175.866299871533
launch_cost_gbp_per_kg_to_staging_orbit,3868.18181818182,system_specific_mass_kg_per_kw_delivered,2.44318181818182,180.071736626022
launch_cost_gbp_per_kg_to_staging_orbit,3981.36363636364,system_specific_mass_kg_per_kw_delivered,2.44318181818182,184.27717338051
launch_cost_gbp_per_kg_to_staging_orbit,4094.54545454545,system_specific_mass_kg_per_kw_delivered,2.44318181818182,188.482610134998
launch_cost_gbp_per_kg_to_staging_orbit,4207.72727272727,system_specific_mass_kg_per_kw_delivered,2.44318181818182,192.688046889486
launch_cost_gbp_per_kg_to_staging_orbit,4320.90909090909,system_specific_mass_kg_per_kw_delivered,2.44318181818182,196.893483643974
launch_cost_gbp_per_kg_to_staging_orbit,4434.09090909091,system_specific_mass_kg_per_kw_delivered,2.44318181818182,201.098920398463
launch_cost_gbp_per_kg_to_staging_orbit,4547.27272727273,system_specific_mass_kg_per_kw_delivered,2.44318181818182,205.304357152951
launch_cost_gbp_per_kg_to_staging_orbit,4660.45454545455,system_specific_mass_kg_per_kw_delivered,2.44318181818182,209.509793907439
launch_cost_gbp_per_kg_to_staging_orbit,4773.63636363636,system_specific_mass_kg_per_kw_delivered,2.44318181818182,213.715230661927
launch_cost_gbp_per_kg_to_staging_orbit,4886.81818181818,system_specific_mass_kg_per_kw_delivered,2.44318181818182,217.920667416415
launch_cost_gbp_per_kg_to_staging_orbit,5000,system_specific_mass_kg_per_kw_delivered,2.44318181818182,222.126104170904
launch_cost_gbp_per_kg_to_staging_orbit,20,system_specific_mass_kg_per_kw_delivered,2.65909090909091,38.1376373615431
launch_cost_gbp_per_kg_to_staging_orbit,133.181818181818,system_specific_mass_kg_per_kw_delivered,2.65909090909091,42.7147173641024
launch_cost_gbp_per_kg_to_staging_orbit,246.363636363636,system_specific_mass_kg_per_kw_delivered,2.65909090909091,47.2917973666616
launch_cost_gbp_per_kg_to_staging_orbit,359.545454545455,system_specific_mass_kg_per_kw_delivered,2.65909090909091,51.8688773692209
launch_cost_gbp_per_kg_to_staging_orbit,472.727272727273,system_specific_mass_kg_per_kw_delivered,2.65909090909091,56.4459573717801
launch_cost_gbp_per_kg_to_staging_orbit,585.909090909091,system_specific_mass_kg_per_kw_delivered,2.65909090909091,61.0230373743394
launch_cost_gbp_per_kg_to_staging_orbit,699.090909090909,system_specific_mass_kg_per_kw_delivered,2.65909090909091,65.6001173768987
launch_cost_gbp_per_kg_to_staging_orbit,812.272727272727,system_specific_mass_kg_per_kw_delivered,2.65909090909091,70.1771973794579
launch_cost_gbp_per_kg_to_staging_orbit,925.454545454545,system_specific_mass_kg_per_kw_delivered,2.65909090909091,74.7542773820172
launch_cost_gbp_per_kg_to_staging_orbit,1038.63636363636,system_specific_mass_kg_per_kw_delivered,2.65909090909091,79.3313573845764
launch_cost_gbp_per_kg_to_staging_orbit,1151.81818181818,system_specific_mass_kg_per_kw_delivered,2.65909090909091,83.9084373871357
launch_cost_gbp_per_kg_to_staging_orbit,1265,system_specific_mass_kg_per_kw_delivered,2.65909090909091,88.4855173896949
launch_cost_gbp_per_kg_to_staging_orbit,1378.18181818182,system_specific_mass_kg_per_kw_delivered,2.65909090909091,93.0625973922542
launch_cost_gbp_per_kg_to_staging_orbit,1491.36363636364,system_specific_mass_kg_per_kw_delivered,2.65909090909091,97.6396773948134
launch_cost_gbp_per_kg_to_staging_orbit,1604.54545454545,system_specific_mass_kg_per_kw_delivered,2.65909090909091,102.216757397373
launch_cost_gbp_per_kg_to_staging_orbit,1717.72727272727,system_specific_mass_kg_per_kw_delivered,2.65909090909091,106.793837399932
launch_cost_gbp_per_kg_to_staging_orbit,1830.90909090909,system_specific_mass_kg_per_kw_delivered,2.65909090909091,111.370917402491
launch_cost_gbp_per_kg_to_staging_orbit,1944.09090909091,system_specific_mass_kg_per_kw_delivered,2.65909090909091,115.947997405051
launch_cost_gbp_per_kg_to_staging_orbit,2057.27272727273,system_specific_mass_kg_per_kw_delivered,2.65909090909091,120.52507740761
launch_cost_gbp_per_kg_to_staging_orbit,2170.45454545455,system_specific_mass_kg_per_kw_delivered,2.65909090909091,125.102157410169
launch_cost_gbp_per_kg_to_staging_orbit,2283.63636363636,system_specific_mass_kg_per_kw_delivered,2.65909090909091,129.679237412728
launch_cost_gbp_per_kg_to_staging_orbit,2396.81818181818,system_specific_mass_kg_per_kw_delivered,2.65909090909091,134.256317415288
launch_cost_gbp_per_kg_to_staging_orbit,2510,system_specific_mass_kg_per_kw_delivered,2.65909090909091,138.833397417847
launch_cost_gbp_per_kg_to_staging_orbit,2623.18181818182,system_specific_mass_kg_per_kw_delivered,2.65909090909091,143.410477420406
launch_cost_gbp_per_kg_to_staging_orbit,2736.36363636364,system_specific_mass_kg_per_kw_delivered,2.65909090909091,147.987557422965
launch_cost_gbp_per_kg_to_staging_orbit,2849.54545454545,system_specific_mass_kg_per_kw_delivered,2.65909090909091,152.564637425525
launch_cost_gbp_per_kg_to_staging_orbit,2962.72727272727,system_specific_mass_kg_per_kw_delivered,2.65909090909091,157.141717428084
launch_cost_gbp_per_kg_to_staging_orbit,3075.90909090909,system_specific_mass_kg_per_kw_delivered,2.65909090909091,161.718797430643
launch_cost_gbp_per_kg_to_staging_orbit,3189.09090909091,system_specific_mass_kg_per_kw_delivered,2.65909090909091,166.295877433202
launch_cost_gbp_per_kg_to_staging_orbit,3302.27272727273,system_specific_mass_kg_per_kw_delivered,2.65909090909091,170.872957435762
launch_cost_gbp_per_kg_to_staging_orbit,3415.45454545455,system_specific_mass_kg_per_kw_delivered,2.65909090909091,175.450037438321
launch_cost_gbp_per_kg_to_staging_orbit,3528.63636363636,system_specific_mass_kg_per_kw_delivered,2.65909090909091,180.02711744088
launch_cost_gbp_per_kg_to_staging_orbit,3641.81818181818,system_specific_mass_kg_per_kw_delivered,2.65909090909091,184.604197443439
launch_cost_gbp_per_kg_to_staging_orbit,3755,system_specific_mass_kg_per_kw_delivered,2.65909090909091,189.181277445999
launch_cost_gbp_per_kg_to_staging_orbit,3868.18181818182,system_specific_mass_kg_per_kw_delivered,2.65909090909091,193.758357448558
launch_cost_gbp_per_kg_to_staging_orbit,3981.36363636364,system_specific_mass_kg_per_kw_delivered,2.65909090909091,198.335437451117
launch_cost_gbp_per_kg_to_staging_orbit,4094.54545454545,system_specific_mass_kg_per_kw_delivered,2.65909090909091,202.912517453676
launch_cost_gbp_per_kg_to_staging_orbit,4207.72727272727,system_specific_mass_kg_per_kw_delivered,2.65909090909091,207.489597456236
launch_cost_gbp_per_kg_to_staging_orbit,4320.90909090909,system_specific_mass_kg_per_kw_delivered,2.65909090909091,212.066677458795
launch_cost_gbp_per_kg_to_staging_orbit,4434.09090909091,system_specific_mass_kg_per_kw_delivered,2.65909090909091,216.643757461354
launch_cost_gbp_per_kg_to_staging_orbit,4547.27272727273,system_specific_mass_kg_per_kw_delivered,2.65909090909091,221.220837463913
launch_cost_gbp_per_kg_to_staging_orbit,4660.45454545455,system_specific_mass_kg_per_kw_delivered,2.65909090909091,225.797917466473
launch_cost_gbp_per_kg_to_staging_orbit,4773.63636363636,system_specific_mass_kg_per_kw_delivered,2.65909090909091,230.374997469032
launch_cost_gbp_per_kg_to_staging_orbit,4886.81818181818,system_specific_mass_kg_per_kw_delivered,2.65909090909091,234.952077471591
launch_cost_gbp_per_kg_to_staging_orbit,5000,system_specific_mass_kg_per_kw_delivered,2.65909090909091,239.52915747415
launch_cost_gbp_per_kg_to_staging_orbit,20,system_specific_mass_kg_per_kw_delivered,2.875,39.1883877496637
launch_cost_gbp_per_kg_to_staging_orbit,133.181818181818,system_specific_mass_kg_per_kw_delivered,2.875,44.137111000294
launch_cost_gbp_per_kg_to_staging_orbit,246.363636363636,system_specific_mass_kg_per_kw_delivered,2.875,49.0858342509243
launch_cost_gbp_per_kg_to_staging_orbit,359.545454545455,system_specific_mass_kg_per_kw_delivered,2.875,54.0345575015546
launch_cost_gbp_per_kg_to_staging_orbit,472.727272727273,system_specific_mass_kg_per_kw_delivered,2.875,58.9832807521849
launch_cost_gbp_per_kg_to_staging_orbit,585.909090909091,system_specific_mass_kg_per_kw_delivered,2.875,63.9320040028152
launch_cost_gbp_per_kg_to_staging_orbit,699.090909090909,system_specific_mass_kg_per_kw_delivered,2.875,68.8807272534455
launch_cost_gbp_per_kg_to_staging_orbit,812.272727272727,system_specific_mass_kg_per_kw_delivered,2.875,73.8294505040758
launch_cost_gbp_per_kg_to_staging_orbit,925.454545454545,system_specific_mass_kg_per_kw_delivered,2.875,78.7781737547061
launch_cost_gbp_per_kg_to_staging_orbit,1038.63636363636,system_specific_mass_kg_per_kw_delivered,2.875,83.7268970053364
launch_cost_gbp_per_kg_to_staging_orbit,1151.81818181818,system_specific_mass_kg_per_kw_delivered,2.875,88.6756202559668
launch_cost_gbp_per_kg_to_staging_orbit,1265,system_specific_mass_kg_per_kw_delivered,2.875,93.6243435065971
launch_cost_gbp_per_kg_to_staging_orbit,1378.18181818182,system_specific_mass_kg_per_kw_delivered,2.875,98.5730667572274
launch_cost_gbp_per_kg_to_staging_orbit,1491.36363636364,system_specific_mass_kg_per_kw_delivered,2.875,103.521790007858
launch_cost_gbp_per_kg_to_staging_orbit,1604.54545454545,system_specific_mass_kg_per_kw_delivered,2.875,108.470513258488
launch_cost_gbp_per_kg_to_staging_orbit,1717.72727272727,system_specific_mass_kg_per_kw_delivered,2.875,113.419236509118
launch_cost_gbp_per_kg_to_staging_orbit,1830.90909090909,system_specific_mass_kg_per_kw_delivered,2.875,118.367959759749
launch_cost_gbp_per_kg_to_staging_orbit,1944.09090909091,system_specific_mass_kg_per_kw_delivered,2.875,123.316683010379
launch_cost_gbp_per_kg_to_staging_orbit,2057.27272727273,system_specific_mass_kg_per_kw_delivered,2.875,128.265406261009
launch_cost_gbp_per_kg_to_staging_orbit,2170.45454545455,system_specific_mass_kg_per_kw_delivered,2.875,133.21412951164
launch_cost_gbp_per_kg_to_staging_orbit,2283.63636363636,system_specific_mass_kg_per_kw_delivered,2.875,138.16285276227
launch_cost_gbp_per_kg_to_staging_orbit,2396.81818181818,system_specific_mass_kg_per_kw_delivered,2.875,143.1115760129
launch_cost_gbp_per_kg_to_staging_orbit,2510,system_specific_mass_kg_per_kw_delivered,2.875,148.06029926353
launch_cost_gbp_per_kg_to_staging_orbit,2623.18181818182,system_specific_mass_kg_per_kw_delivered,2.875,153.009022514161
launch_cost_gbp_per_kg_to_staging_orbit,2736.36363636364,system_specific_mass_kg_per_kw_delivered,2.875,157.957745764791
launch_cost_gbp_per_kg_to_staging_orbit,2849.54545454545,system_specific_mass_kg_per_kw_delivered,2.875,162.906469015421
launch_cost_gbp_per_kg_to_staging_orbit,2962.72727272727,system_specific_mass_kg_per_kw_delivered,2.875,167.855192266052
launch_cost_gbp_per_kg_to_staging_orbit,3075.90909090909,system_specific_mass_kg_per_kw_delivered,2.875,172.803915516682
launch_cost_gbp_per_kg_to_staging_orbit,3189.09090909091,system_specific_mass_kg_per_kw_delivered,2.875,177.752638767312
launch_cost_gbp_per_kg_to_staging_orbit,3302.27272727273,system_specific_mass_kg_per_kw_delivered,2.875,182.701362017943
launch_cost_gbp_per_kg_to_staging_orbit,3415.45454545455,system_specific_mass_kg_per_kw_delivered,2.875,187.650085268573
launch_cost_gbp_per_kg_to_staging_orbit,3528.63636363636,system_specific_mass_kg_per_kw_delivered,2.875,192.598808519203
launch_cost_gbp_per_kg_to_staging_orbit,3641.81818181818,system_specific_mass_kg_per_kw_delivered,2.875,197.547531769834
launch_cost_gbp_per_kg_to_staging_orbit,3755,system_specific_mass_kg_per_kw_delivered,2.875,202.496255020464
launch_cost_gbp_per_kg_to_staging_orbit,3868.18181818182,system_specific_mass_kg_per_kw_delivered,2.875,207.444978271094
launch_cost_gbp_per_kg_to_staging_orbit,3981.36363636364,system_specific_mass_kg_per_kw_delivered,2.875,212.393701521724
launch_cost_gbp_per_kg_to_staging_orbit,4094.54545454545,system_specific_mass_kg_per_kw_delivered,2.875,217.342424772355
launch_cost_gbp_per_kg_to_staging_orbit,4207.72727272727,system_specific_mass_kg_per_kw_delivered,2.875,222.291148022985
launch_cost_gbp_per_kg_to_staging_orbit,4320.90909090909,system_specific_mass_kg_per_kw_delivered,2.875,227.239871273615
launch_cost_gbp_per_kg_to_staging_orbit,4434.09090909091,system_specific_mass_kg_per_kw_delivered,2.875,232.188594524246
launch_cost_gbp_per_kg_to_staging_orbit,4547.27272727273,system_specific_mass_kg_per_kw_delivered,2.875,237.137317774876
launch_cost_gbp_per_kg_to_staging_orbit,4660.45454545455,system_specific_mass_kg_per_kw_delivered,2.875,242.086041025506
launch_cost_gbp_per_kg_to_staging_orbit,4773.63636363636,system_specific_mass_kg_per_kw_delivered,2.875,247.034764276137
launch_cost_gbp_per_kg_to_staging_orbit,4886.81818181818,system_specific_mass_kg_per_kw_delivered,2.875,251.983487526767
launch_cost_gbp_per_kg_to_staging_orbit,5000,system_specific_mass_kg_per_kw_delivered,2.875,256.932210777397
launch_cost_gbp_per_kg_to_staging_orbit,20,system_specific_mass_kg_per_kw_delivered,3.09090909090909,40.2391381377842
launch_cost_gbp_per_kg_to_staging_orbit,133.181818181818,system_specific_mass_kg_per_kw_delivered,3.09090909090909,45.5595046364856
launch_cost_gbp_per_kg_to_staging_orbit,246.363636363636,system_specific_mass_kg_per_kw_delivered,3.09090909090909,50.8798711351869
launch_cost_gbp_per_kg_to_staging_orbit,359.545454545455,system_specific_mass_kg_per_kw_delivered,3.09090909090909,56.2002376338883
launch_cost_gbp_per_kg_to_staging_orbit,472.727272727273,system_specific_mass_kg_per_kw_delivered,3.09090909090909,61.5206041325897
launch_cost_gbp_per_kg_to_staging_orbit,585.909090909091,system_specific_mass_kg_per_kw_delivered,3.09090909090909,66.840970631291
launch_cost_gbp_per_kg_to_staging_orbit,699.090909090909,system_specific_mass_kg_per_kw_delivered,3.09090909090909,72.1613371299924
launch_cost_gbp_per_kg_to_staging_orbit,812.272727272727,system_specific_mass_kg_per_kw_delivered,3.09090909090909,77.4817036286937
launch_cost_gbp_per_kg_to_staging_orbit,925.454545454545,system_specific_mass_kg_per_kw_delivered,3.09090909090909,82.8020701273951
launch_cost_gbp_per_kg_to_staging_orbit,1038.63636363636,system_specific_mass_kg_per_kw_delivered,3.09090909090909,88.1224366260965
launch_cost_gbp_per_kg_to_staging_orbit,1151.81818181818,system_specific_mass_kg_per_kw_delivered,3.09090909090909,93.4428031247978
launch_cost_gbp_per_kg_to_staging_orbit,1265,system_specific_mass_kg_per_kw_delivered,3.09090909090909,98.7631696234992
launch_cost_gbp_per_kg_to_staging_orbit,1378.18181818182,system_specific_mass_kg_per_kw_delivered,3.09090909090909,104.083536122201
launch_cost_gbp_per_kg_to_staging_orbit,1491.36363636364,system_specific_mass_kg_per_kw_delivered,3.09090909090909,109.403902620902
launch_cost_gbp_per_kg_to_staging_orbit,1604.54545454545,system_specific_mass_kg_per_kw_delivered,3.09090909090909,114.724269119603
launch_cost_gbp_per_kg_to_staging_orbit,1717.72727272727,system_specific_mass_kg_per_kw_delivered,3.09090909090909,120.044635618305
launch_cost_gbp_per_kg_to_staging_orbit,1830.90909090909,system_specific_mass_kg_per_kw_delivered,3.09090909090909,125.365002117006
launch_cost_gbp_per_kg_to_staging_orbit,1944.09090909091,system_specific_mass_kg_per_kw_delivered,3.09090909090909,130.685368615707
launch_cost_gbp_per_kg_to_staging_orbit,2057.27272727273,system_specific_mass_kg_per_kw_delivered,3.09090909090909,136.005735114409
launch_cost_gbp_per_kg_to_staging_orbit,2170.45454545455,system_specific_mass_kg_per_kw_delivered,3.09090909090909,141.32610161311
launch_cost_gbp_per_kg_to_staging_orbit,2283.63636363636,system_specific_mass_kg_per_kw_delivered,3.09090909090909,146.646468111811
launch_cost_gbp_per_kg_to_staging_orbit,2396.81818181818,system_specific_mass_kg_per_kw_delivered,3.09090909090909,151.966834610513
launch_cost_gbp_per_kg_to_staging_orbit,2510,system_specific_mass_kg_per_kw_delivered,3.09090909090909,157.287201109214
launch_cost_gbp_per_kg_to_staging_orbit,2623.18181818182,system_specific_mass_kg_per_kw_delivered,3.09090909090909,162.607567607915
launch_cost_gbp_per_kg_to_staging_orbit,2736.36363636364,system_specific_mass_kg_per_kw_delivered,3.09090909090909,167.927934106617
launch_cost_gbp_per_kg_to_staging_orbit,2849.54545454545,system_specific_mass_kg_per_kw_delivered,3.09090909090909,173.248300605318
launch_cost_gbp_per_kg_to_staging_orbit,2962.72727272727,system_specific_mass_kg_per_kw_delivered,3.09090909090909,178.56866710402
launch_cost_gbp_per_kg_to_staging_orbit,3075.90909090909,system_specific_mass_kg_per_kw_delivered,3.09090909090909,183.889033602721
launch_cost_gbp_per_kg_to_staging_orbit,3189.09090909091,system_specific_mass_kg_per_kw_delivered,3.09090909090909,189.209400101422
launch_cost_gbp_per_kg_to_staging_orbit,3302.27272727273,system_specific_mass_kg_per_kw_delivered,3.09090909090909,194.529766600124
launch_cost_gbp_per_kg_to_staging_orbit,3415.45454545455,system_specific_mass_kg_per_kw_delivered,3.09090909090909,199.850133098825
launch_cost_gbp_per_kg_to_staging_orbit,3528.63636363636,system_specific_mass_kg_per_kw_delivered,3.09090909090909,205.170499597526
launch_cost_gbp_per_kg_to_staging_orbit,3641.81818181818,system_specific_mass_kg_per_kw_delivered,3.09090909090909,210.490866096228
launch_cost_gbp_per_kg_to_staging_orbit,3755,system_specific_mass_kg_per_kw_delivered,3.09090909090909,215.811232594929
launch_cost_gbp_per_kg_to_staging_orbit,3868.18181818182,system_specific_mass_kg_per_kw_delivered,3.09090909090909,221.13159909363
launch_cost_gbp_per_kg_to_staging_orbit,3981.36363636364,system_specific_mass_kg_per_kw_delivered,3.09090909090909,226.451965592332
launch_cost_gbp_per_kg_to_staging_orbit,4094.54545454545,system_specific_mass_kg_per_kw_delivered,3.09090909090909,231.772332091033
launch_cost_gbp_per_kg_to_staging_orbit,4207.72727272727,system_specific_mass_kg_per_kw_delivered,3.09090909090909,237.092698589735
launch_cost_gbp_per_kg_to_staging_orbit,4320.90909090909,system_specific_mass_kg_per_kw_delivered,3.09090909090909,242.413065088436
launch_cost_gbp_per_kg_to_staging_orbit,4434.09090909091,system_specific_mass_kg_per_kw_delivered,3.09090909090909,247.733431587137
launch_cost_gbp_per_kg_to_staging_orbit,4547.27272727273,system_specific_mass_kg_per_kw_delivered,3.09090909090909,253.053798085839
launch_cost_gbp_per_kg_to_staging_orbit,4660.45454545455,system_specific_mass_kg_per_kw_delivered,3.09090909090909,258.37416458454
launch_cost_gbp_per_kg_to_staging_orbit,4773.63636363636,system_specific_mass_kg_per_kw_delivered,3.09090909090909,263.694531083241
launch_cost_gbp_per_kg_to_staging_orbit,4886.81818181818,system_specific_mass_kg_per_kw_delivered,3.09090909090909,269.014897581943
launch_cost_gbp_per_kg_to_staging_orbit,5000,system_specific_mass_kg_per_kw_delivered,3.09090909090909,274.335264080644
launch_cost_gbp_per_kg_to_staging_orbit,20,system_specific_mass_kg_per_kw_delivered,3.30681818181818,41.2898885259048
launch_cost_gbp_per_kg_to_staging_orbit,133.181818181818,system_specific_mass_kg_per_kw_delivered,3.30681818181818,46.9818982726772
launch_cost_gbp_per_kg_to_staging_orbit,246.363636363636,system_specific_mass_kg_per_kw_delivered,3.30681818181818,52.6739080194496
launch_cost_gbp_per_kg_to_staging_orbit,359.545454545455,system_specific_mass_kg_per_kw_delivered,3.30681818181818,58.365917766222
launch_cost_gbp_per_kg_to_staging_orbit,472.727272727273,system_specific_mass_kg_per_kw_delivered,3.30681818181818,64.0579275129944
launch_cost_gbp_per_kg_to_staging_orbit,585.909090909091,system_specific_mass_kg_per_kw_delivered,3.30681818181818,69.7499372597669
launch_cost_gbp_per_kg_to_staging_orbit,699.090909090909,system_specific_mass_kg_per_kw_delivered,3.30681818181818,75.4419470065393
launch_cost_gbp_per_kg_to_staging_orbit,812.272727272727,system_specific_mass_kg_per_kw_delivered,3.30681818181818,81.1339567533117
launch_cost_gbp_per_kg_to_staging_orbit,925.454545454545,system_specific_mass_kg_per_kw_delivered,3.30681818181818,86.8259665000841
launch_cost_gbp_per_kg_to_staging_orbit,1038.63636363636,system_specific_mass_kg_per_kw_delivered,3.30681818181818,92.5179762468565
launch_cost_gbp_per_kg_to_staging_orbit,1151.81818181818,system_specific_mass_kg_per_kw_delivered,3.30681818181818,98.2099859936289
launch_cost_gbp_per_kg_to_staging_orbit,1265,system_specific_mass_kg_per_kw_delivered,3.30681818181818,103.901995740401
launch_cost_gbp_per_kg_to_staging_orbit,1378.18181818182,system_specific_mass_kg_per_kw_delivered,3.30681818181818,109.594005487174
launch_cost_gbp_per_kg_to_staging_orbit,1491.36363636364,system_specific_mass_kg_per_kw_delivered,3.30681818181818,115.286015233946
launch_cost_gbp_per_kg_to_staging_orbit,1604.54545454545,system_specific_mass_kg_per_kw_delivered,3.30681818181818,120.978024980719
launch_cost_gbp_per_kg_to_staging_orbit,1717.72727272727,system_specific_mass_kg_per_kw_delivered,3.30681818181818,126.670034727491
launch_cost_gbp_per_kg_to_staging_orbit,1830.90909090909,system_specific_mass_kg_per_kw_delivered,3.30681818181818,132.362044474263
launch_cost_gbp_per_kg_to_staging_orbit,1944.09090909091,system_specific_mass_kg_per_kw_delivered,3.30681818181818,138.054054221036
launch_cost_gbp_per_kg_to_staging_orbit,2057.27272727273,system_specific_mass_kg_per_kw_delivered,3.30681818181818,143.746063967808
launch_cost_gbp_per_kg_to_staging_orbit,2170.45454545455,system_specific_mass_kg_per_kw_delivered,3.30681818181818,149.438073714581
launch_cost_gbp_per_kg_to_staging_orbit,2283.63636363636,system_specific_mass_kg_per_kw_delivered,3.30681818181818,155.130083461353
launch_cost_gbp_per_kg_to_staging_orbit,2396.81818181818,system_specific_mass_kg_per_kw_delivered,3.30681818181818,160.822093208125
launch_cost_gbp_per_kg_to_staging_orbit,2510,system_specific_mass_kg_per_kw_delivered,3.30681818181818,166.514102954898
launch_cost_gbp_per_kg_to_staging_orbit,2623.18181818182,system_specific_mass_kg_per_kw_delivered,3.30681818181818,172.20611270167
launch_cost_gbp_per_kg_to_staging_orbit,2736.36363636364,system_specific_mass_kg_per_kw_delivered,3.30681818181818,177.898122448443
launch_cost_gbp_per_kg_to_staging_orbit,2849.54545454545,system_specific_mass_kg_per_kw_delivered,3.30681818181818,183.590132195215
launch_cost_gbp_per_kg_to_staging_orbit,2962.72727272727,system_specific_mass_kg_per_kw_delivered,3.30681818181818,189.282141941987
launch_cost_gbp_per_kg_to_staging_orbit,3075.90909090909,system_specific_mass_kg_per_kw_delivered,3.30681818181818,194.97415168876
launch_cost_gbp_per_kg_to_staging_orbit,3189.09090909091,system_specific_mass_kg_per_kw_delivered,3.30681818181818,200.666161435532
launch_cost_gbp_per_kg_to_staging_orbit,3302.27272727273,system_specific_mass_kg_per_kw_delivered,3.30681818181818,206.358171182305
launch_cost_gbp_per_kg_to_staging_orbit,3415.45454545455,system_specific_mass_kg_per_kw_delivered,3.30681818181818,212.050180929077
launch_cost_gbp_per_kg_to_staging_orbit,3528.63636363636,system_specific_mass_kg_per_kw_delivered,3.30681818181818,217.74219067585
launch_cost_gbp_per_kg_to_staging_orbit,3641.81818181818,system_specific_mass_kg_per_kw_delivered,3.30681818181818,223.434200422622
launch_cost_gbp_per_kg_to_staging_orbit,3755,system_specific_mass_kg_per_kw_delivered,3.30681818181818,229.126210169394
launch_cost_gbp_per_kg_to_staging_orbit,3868.18181818182,system_specific_mass_kg_per_kw_delivered,3.30681818181818,234.818219916167
launch_cost_gbp_per_kg_to_staging_orbit,3981.36363636364,system_specific_mass_kg_per_kw_delivered,3.30681818181818,240.510229662939
launch_cost_gbp_per_kg_to_staging_orbit,4094.54545454545,system_specific_mass_kg_per_kw_delivered,3.30681818181818,246.202239409711
launch_cost_gbp_per_kg_to_staging_orbit,4207.72727272727,system_specific_mass_kg_per_kw_delivered,3.30681818181818,251.894249156484
launch_cost_gbp_per_kg_to_staging_orbit,4320.90909090909,system_specific_mass_kg_per_kw_delivered,3.30681818181818,257.586258903256
launch_cost_gbp_per_kg_to_staging_orbit,4434.09090909091,system_specific_mass_kg_per_kw_delivered,3.30681818181818,263.278268650029
launch_cost_gbp_per_kg_to_staging_orbit,4547.27272727273,system_specific_mass_kg_per_kw_delivered,3.30681818181818,268.970278396801
launch_cost_gbp_per_kg_to_staging_orbit,4660.45454545455,system_specific_mass_kg_per_kw_delivered,3.30681818181818,274.662288143574
launch_cost_gbp_per_kg_to_staging_orbit,4773.63636363636,system_specific_mass_kg_per_kw_delivered,3.30681818181818,280.354297890346
launch_cost_gbp_per_kg_to_staging_orbit,4886.81818181818,system_specific_mass_kg_per_kw_delivered,3.30681818181818,286.046307637118
launch_cost_gbp_per_kg_to_staging_orbit,5000,system_specific_mass_kg_per_kw_delivered,3.30681818181818,291.738317383891
launch_cost_gbp_per_kg_to_staging_orbit,20,system_specific_mass_kg_per_kw_delivered,3.52272727272727,42.3406389140254
launch_cost_gbp_per_kg_to_staging_orbit,133.181818181818,system_specific_mass_kg_per_kw_delivered,3.52272727272727,48.4042919088688
launch_cost_gbp_per_kg_to_staging_orbit,246.363636363636,system_specific_mass_kg_per_kw_delivered,3.52272727272727,54.4679449037123
launch_cost_gbp_per_kg_to_staging_orbit,359.545454545455,system_specific_mass_kg_per_kw_delivered,3.52272727272727,60.5315978985557
launch_cost_gbp_per_kg_to_staging_orbit,472.727272727273,system_specific_mass_kg_per_kw_delivered,3.52272727272727,66.5952508933992
launch_cost_gbp_per_kg_to_staging_orbit,585.909090909091,system_specific_mass_kg_per_kw_delivered,3.52272727272727,72.6589038882427
launch_cost_gbp_per_kg_to_staging_orbit,699.090909090909,system_specific_mass_kg_per_kw_delivered,3.52272727272727,78.7225568830861
launch_cost_gbp_per_kg_to_staging_orbit,812.272727272727,system_specific_mass_kg_per_kw_delivered,3.52272727272727,84.7862098779296
launch_cost_gbp_per_kg_to_staging_orbit,925.454545454545,system_specific_mass_kg_per_kw_delivered,3.52272727272727,90.849862872773
launch_cost_gbp_per_kg_to_staging_orbit,1038.63636363636,system_specific_mass_kg_per_kw_delivered,3.52272727272727,96.9135158676165
launch_cost_gbp_per_kg_to_staging_orbit,1151.81818181818,system_specific_mass_kg_per_kw_delivered,3.52272727272727,102.97716886246
launch_cost_gbp_per_kg_to_staging_orbit,1265,system_specific_mass_kg_per_kw_delivered,3.52272727272727,109.040821857303
launch_cost_gbp_per_kg_to_staging_orbit,1378.18181818182,system_specific_mass_kg_per_kw_delivered,3.52272727272727,115.104474852147
launch_cost_gbp_per_kg_to_staging_orbit,1491.36363636364,system_specific_mass_kg_per_kw_delivered,3.52272727272727,121.16812784699
launch_cost_gbp_per_kg_to_staging_orbit,1604.54545454545,system_specific_mass_kg_per_kw_delivered,3.52272727272727,127.231780841834
launch_cost_gbp_per_kg_to_staging_orbit,1717.72727272727,system_specific_mass_kg_per_kw_delivered,3.52272727272727,133.295433836677
launch_cost_gbp_per_kg_to_staging_orbit,1830.90909090909,system_specific_mass_kg_per_kw_delivered,3.52272727272727,139.359086831521
launch_cost_gbp_per_kg_to_staging_orbit,1944.09090909091,system_specific_mass_kg_per_kw_delivered,3.52272727272727,145.422739826364
launch_cost_gbp_per_kg_to_staging_orbit,2057.27272727273,system_specific_mass_kg_per_kw_delivered,3.52272727272727,151.486392821208
launch_cost_gbp_per_kg_to_staging_orbit,2170.45454545455,system_specific_mass_kg_per_kw_delivered,3.52272727272727,157.550045816051
launch_cost_gbp_per_kg_to_staging_orbit,2283.63636363636,system_specific_mass_kg_per_kw_delivered,3.52272727272727,163.613698810895
launch_cost_gbp_per_kg_to_staging_orbit,2396.81818181818,system_specific_mass_kg_per_kw_delivered,3.52272727272727,169.677351805738
launch_cost_gbp_per_kg_to_staging_orbit,2510,system_specific_mass_kg_per_kw_delivered,3.52272727272727,175.741004800581
launch_cost_gbp_per_kg_to_staging_orbit,2623.18181818182,system_specific_mass_kg_per_kw_delivered,3.52272727272727,181.804657795425
launch_cost_gbp_per_kg_to_staging_orbit,2736.36363636364,system_specific_mass_kg_per_kw_delivered,3.52272727272727,187.868310790268
launch_cost_gbp_per_kg_to_staging_orbit,2849.54545454545,system_specific_mass_kg_per_kw_delivered,3.52272727272727,193.931963785112
launch_cost_gbp_per_kg_to_staging_orbit,2962.72727272727,system_specific_mass_kg_per_kw_delivered,3.52272727272727,199.995616779955
launch_cost_gbp_per_kg_to_staging_orbit,3075.90909090909,system_specific_mass_kg_per_kw_delivered,3.52272727272727,206.059269774799
launch_cost_gbp_per_kg_to_staging_orbit,3189.09090909091,system_specific_mass_kg_per_kw_delivered,3.52272727272727,212.122922769642
launch_cost_gbp_per_kg_to_staging_orbit,3302.27272727273,system_specific_mass_kg_per_kw_delivered,3.52272727272727,218.186575764486
launch_cost_gbp_per_kg_to_staging_orbit,3415.45454545455,system_specific_mass_kg_per_kw_delivered,3.52272727272727,224.250228759329
launch_cost_gbp_per_kg_to_staging_orbit,3528.63636363636,system_specific_mass_kg_per_kw_delivered,3.52272727272727,230.313881754173
launch_cost_gbp_per_kg_to_staging_orbit,3641.81818181818,system_specific_mass_kg_per_kw_delivered,3.52272727272727,236.377534749016
launch_cost_gbp_per_kg_to_staging_orbit,3755,system_specific_mass_kg_per_kw_delivered,3.52272727272727,242.44118774386
launch_cost_gbp_per_kg_to_staging_orbit,3868.18181818182,system_specific_mass_kg_per_kw_delivered,3.52272727272727,248.504840738703
launch_cost_gbp_per_kg_to_staging_orbit,3981.36363636364,system_specific_mass_kg_per_kw_delivered,3.52272727272727,254.568493733546
launch_cost_gbp_per_kg_to_staging_orbit,4094.54545454545,system_specific_mass_kg_per_kw_delivered,3.52272727272727,260.63214672839
launch_cost_gbp_per_kg_to_staging_orbit,4207.72727272727,system_specific_mass_kg_per_kw_delivered,3.52272727272727,266.695799723233
launch_cost_gbp_per_kg_to_staging_orbit,4320.90909090909,system_specific_mass_kg_per_kw_delivered,3.52272727272727,272.759452718077
launch_cost_gbp_per_kg_to_staging_orbit,4434.09090909091,system_specific_mass_kg_per_kw_delivered,3.52272727272727,278.82310571292
launch_cost_gbp_per_kg_to_staging_orbit,4547.27272727273,system_specific_mass_kg_per_kw_delivered,3.52272727272727,284.886758707764
launch_cost_gbp_per_kg_to_staging_orbit,4660.45454545455,system_specific_mass_kg_per_kw_delivered,3.52272727272727,290.950411702607
launch_cost_gbp_per_kg_to_staging_orbit,4773.63636363636,system_specific_mass_kg_per_kw_delivered,3.52272727272727,297.014064697451
launch_cost_gbp_per_kg_to_staging_orbit,4886.81818181818,system_specific_mass_kg_per_kw_delivered,3.52272727272727,303.077717692294
launch_cost_gbp_per_kg_to_staging_orbit,5000,system_specific_mass_kg_per_kw_delivered,3.52272727272727,309.141370687138
launch_cost_gbp_per_kg_to_staging_orbit,20,system_specific_mass_kg_per_kw_delivered,3.73863636363636,43.3913893021459
launch_cost_gbp_per_kg_to_staging_orbit,133.181818181818,system_specific_mass_kg_per_kw_delivered,3.73863636363636,49.8266855450604
launch_cost_gbp_per_kg_to_staging_orbit,246.363636363636,system_specific_mass_kg_per_kw_delivered,3.73863636363636,56.2619817879749
launch_cost_gbp_per_kg_to_staging_orbit,359.545454545455,system_specific_mass_kg_per_kw_delivered,3.73863636363636,62.6972780308895
launch_cost_gbp_per_kg_to_staging_orbit,472.727272727273,system_specific_mass_kg_per_kw_delivered,3.73863636363636,69.132574273804
launch_cost_gbp_per_kg_to_staging_orbit,585.909090909091,system_specific_mass_kg_per_kw_delivered,3.73863636363636,75.5678705167185
launch_cost_gbp_per_kg_to_staging_orbit,699.090909090909,system_specific_mass_kg_per_kw_delivered,3.73863636363636,82.003166759633
launch_cost_gbp_per_kg_to_staging_orbit,812.272727272727,system_specific_mass_kg_per_kw_delivered,3.73863636363636,88.4384630025475
launch_cost_gbp_per_kg_to_staging_orbit,925.454545454545,system_specific_mass_kg_per_kw_delivered,3.73863636363636,94.873759245462
launch_cost_gbp_per_kg_to_staging_orbit,1038.63636363636,system_specific_mass_kg_per_kw_delivered,3.73863636363636,101.309055488377
launch_cost_gbp_per_kg_to_staging_orbit,1151.81818181818,system_specific_mass_kg_per_kw_delivered,3.73863636363636,107.744351731291
launch_cost_gbp_per_kg_to_staging_orbit,1265,system_specific_mass_kg_per_kw_delivered,3.73863636363636,114.179647974206
launch_cost_gbp_per_kg_to_staging_orbit,1378.18181818182,system_specific_mass_kg_per_kw_delivered,3.73863636363636,120.61494421712
launch_cost_gbp_per_kg_to_staging_orbit,1491.36363636364,system_specific_mass_kg_per_kw_delivered,3.73863636363636,127.050240460035
launch_cost_gbp_per_kg_to_staging_orbit,1604.54545454545,system_specific_mass_kg_per_kw_delivered,3.73863636363636,133.485536702949
launch_cost_gbp_per_kg_to_staging_orbit,1717.72727272727,system_specific_mass_kg_per_kw_delivered,3.73863636363636,139.920832945864
launch_cost_gbp_per_kg_to_staging_orbit,1830.90909090909,system_specific_mass_kg_per_kw_delivered,3.73863636363636,146.356129188778
launch_cost_gbp_per_kg_to_staging_orbit,1944.09090909091,system_specific_mass_kg_per_kw_delivered,3.73863636363636,152.791425431693
launch_cost_gbp_per_kg_to_staging_orbit,2057.27272727273,system_specific_mass_kg_per_kw_delivered,3.73863636363636,159.226721674607
launch_cost_gbp_per_kg_to_staging_orbit,2170.45454545455,system_specific_mass_kg_per_kw_delivered,3.73863636363636,165.662017917522
launch_cost_gbp_per_kg_to_staging_orbit,2283.63636363636,system_specific_mass_kg_per_kw_delivered,3.73863636363636,172.097314160436
launch_cost_gbp_per_kg_to_staging_orbit,2396.81818181818,system_specific_mass_kg_per_kw_delivered,3.73863636363636,178.532610403351
launch_cost_gbp_per_kg_to_staging_orbit,2510,system_specific_mass_kg_per_kw_delivered,3.73863636363636,184.967906646265
launch_cost_gbp_per_kg_to_staging_orbit,2623.18181818182,system_specific_mass_kg_per_kw_delivered,3.73863636363636,191.40320288918
launch_cost_gbp_per_kg_to_staging_orbit,2736.36363636364,system_specific_mass_kg_per_kw_delivered,3.73863636363636,197.838499132094
launch_cost_gbp_per_kg_to_staging_orbit,2849.54545454545,system_specific_mass_kg_per_kw_delivered,3.73863636363636,204.273795375009
launch_cost_gbp_per_kg_to_staging_orbit,2962.72727272727,system_specific_mass_kg_per_kw_delivered,3.73863636363636,210.709091617923
launch_cost_gbp_per_kg_to_staging_orbit,3075.90909090909,system_specific_mass_kg_per_kw_delivered,3.73863636363636,217.144387860838
launch_cost_gbp_per_kg_to_staging_orbit,3189.09090909091,system_specific_mass_kg_per_kw_delivered,3.73863636363636,223.579684103752
launch_cost_gbp_per_kg_to_staging_orbit,3302.27272727273,system_specific_mass_kg_per_kw_delivered,3.73863636363636,230.014980346667
launch_cost_gbp_per_kg_to_staging_orbit,3415.45454545455,system_specific_mass_kg_per_kw_delivered,3.73863636363636,236.450276589581
launch_cost_gbp_per_kg_to_staging_orbit,3528.63636363636,system_specific_mass_kg_per_kw_delivered,3.73863636363636,242.885572832496
launch_cost_gbp_per_kg_to_staging_orbit,3641.81818181818,system_specific_mass_kg_per_kw_delivered,3.73863636363636,249.32086907541
launch_cost_gbp_per_kg_to_staging_orbit,3755,system_specific_mass_kg_per_kw_delivered,3.73863636363636,255.756165318325
launch_cost_gbp_per_kg_to_staging_orbit,3868.18181818182,system_specific_mass_kg_per_kw_delivered,3.73863636363636,262.191461561239
launch_cost_gbp_per_kg_to_staging_orbit,3981.36363636364,system_specific_mass_kg_per_kw_delivered,3.73863636363636,268.626757804154
launch_cost_gbp_per_kg_to_staging_orbit,4094.54545454545,system_specific_mass_kg_per_kw_delivered,3.73863636363636,275.062054047068
launch_cost_gbp_per_kg_to_staging_orbit,4207.72727272727,system_specific_mass_kg_per_kw_delivered,3.73863636363636,281.497350289983
launch_cost_gbp_per_kg_to_staging_orbit,4320.90909090909,system_specific_mass_kg_per_kw_delivered,3.73863636363636,287.932646532897
launch_cost_gbp_per_kg_to_staging_orbit,4434.09090909091,system_specific_mass_kg_per_kw_delivered,3.73863636363636,294.367942775812
launch_cost_gbp_per_kg_to_staging_orbit,4547.27272727273,system_specific_mass_kg_per_kw_delivered,3.73863636363636,300.803239018726
launch_cost_gbp_per_kg_to_staging_orbit,4660.45454545455,system_specific_mass_kg_per_kw_delivered,3.73863636363636,307.238535261641
launch_cost_gbp_per_kg_to_staging_orbit,4773.63636363636,system_specific_mass_kg_per_kw_delivered,3.73863636363636,313.673831504555
launch_cost_gbp_per_kg_to_staging_orbit,4886.81818181818,system_specific_mass_kg_per_kw_delivered,3.73863636363636,320.10912774747
launch_cost_gbp_per_kg_to_staging_orbit,5000,system_specific_mass_kg_per_kw_delivered,3.73863636363636,326.544423990384
launch_cost_gbp_per_kg_to_staging_orbit,20,system_specific_mass_kg_per_kw_delivered,3.95454545454545,44.4421396902665
launch_cost_gbp_per_kg_to_staging_orbit,133.181818181818,system_specific_mass_kg_per_kw_delivered,3.95454545454545,51.249079181252
launch_cost_gbp_per_kg_to_staging_orbit,246.363636363636,system_specific_mass_kg_per_kw_delivered,3.95454545454545,58.0560186722376
launch_cost_gbp_per_kg_to_staging_orbit,359.545454545455,system_specific_mass_kg_per_kw_delivered,3.95454545454545,64.8629581632232
launch_cost_gbp_per_kg_to_staging_orbit,472.727272727273,system_specific_mass_kg_per_kw_delivered,3.95454545454545,71.6698976542087
launch_cost_gbp_per_kg_to_staging_orbit,585.909090909091,system_specific_mass_kg_per_kw_delivered,3.95454545454545,78.4768371451943
launch_cost_gbp_per_kg_to_staging_orbit,699.090909090909,system_specific_mass_kg_per_kw_delivered,3.95454545454545,85.2837766361799
launch_cost_gbp_per_kg_to_staging_orbit,812.272727272727,system_specific_mass_kg_per_kw_delivered,3.95454545454545,92.0907161271654
launch_cost_gbp_per_kg_to_staging_orbit,925.454545454545,system_specific_mass_kg_per_kw_delivered,3.95454545454545,98.897655618151
launch_cost_gbp_per_kg_to_staging_orbit,1038.63636363636,system_specific_mass_kg_per_kw_delivered,3.95454545454545,105.704595109137
launch_cost_gbp_per_kg_to_staging_orbit,1151.81818181818,system_specific_mass_kg_per_kw_delivered,3.95454545454545,112.511534600122
launch_cost_gbp_per_kg_to_staging_orbit,1265,system_specific_mass_kg_per_kw_delivered,3.95454545454545,119.318474091108
launch_cost_gbp_per_kg_to_staging_orbit,1378.18181818182,system_specific_mass_kg_per_kw_delivered,3.95454545454545,126.125413582093
launch_cost_gbp_per_kg_to_staging_orbit,1491.36363636364,system_specific_mass_kg_per_kw_delivered,3.95454545454545,132.932353073079
launch_cost_gbp_per_kg_to_staging_orbit,1604.54545454545,system_specific_mass_kg_per_kw_delivered,3.95454545454545,139.739292564064
launch_cost_gbp_per_kg_to_staging_orbit,1717.72727272727,system_specific_mass_kg_per_kw_delivered,3.95454545454545,146.54623205505
launch_cost_gbp_per_kg_to_staging_orbit,1830.90909090909,system_specific_mass_kg_per_kw_delivered,3.95454545454545,153.353171546035
launch_cost_gbp_per_kg_to_staging_orbit,1944.09090909091,system_specific_mass_kg_per_kw_delivered,3.95454545454545,160.160111037021
launch_cost_gbp_per_kg_to_staging_orbit,2057.27272727273,system_specific_mass_kg_per_kw_delivered,3.95454545454545,166.967050528007
launch_cost_gbp_per_kg_to_staging_orbit,2170.45454545455,system_specific_mass_kg_per_kw_delivered,3.95454545454545,173.773990018992
launch_cost_gbp_per_kg_to_staging_orbit,2283.63636363636,system_specific_mass_kg_per_kw_delivered,3.95454545454545,180.580929509978
launch_cost_gbp_per_kg_to_staging_orbit,2396.81818181818,system_specific_mass_kg_per_kw_delivered,3.95454545454545,187.387869000963
launch_cost_gbp_per_kg_to_staging_orbit,2510,system_specific_mass_kg_per_kw_delivered,3.95454545454545,194.194808491949
launch_cost_gbp_per_kg_to_staging_orbit,2623.18181818182,system_specific_mass_kg_per_kw_delivered,3.95454545454545,201.001747982934
launch_cost_gbp_per_kg_to_staging_orbit,2736.36363636364,system_specific_mass_kg_per_kw_delivered,3.95454545454545,207.80868747392
launch_cost_gbp_per_kg_to_staging_orbit,2849.54545454545,system_specific_mass_kg_per_kw_delivered,3.95454545454545,214.615626964906
launch_cost_gbp_per_kg_to_staging_orbit,2962.72727272727,system_specific_mass_kg_per_kw_delivered,3.95454545454545,221.422566455891
launch_cost_gbp_per_kg_to_staging_orbit,3075.90909090909,system_specific_mass_kg_per_kw_delivered,3.95454545454545,228.229505946877
launch_cost_gbp_per_kg_to_staging_orbit,3189.09090909091,system_specific_mass_kg_per_kw_delivered,3.95454545454545,235.036445437862
launch_cost_gbp_per_kg_to_staging_orbit,3302.27272727273,system_specific_mass_kg_per_kw_delivered,3.95454545454545,241.843384928848
launch_cost_gbp_per_kg_to_staging_orbit,3415.45454545455,system_specific_mass_kg_per_kw_delivered,3.95454545454545,248.650324419833
launch_cost_gbp_per_kg_to_staging_orbit,3528.63636363636,system_specific_mass_kg_per_kw_delivered,3.95454545454545,255.457263910819
launch_cost_gbp_per_kg_to_staging_orbit,3641.81818181818,system_specific_mass_kg_per_kw_delivered,3.95454545454545,262.264203401805
launch_cost_gbp_per_kg_to_staging_orbit,3755,system_specific_mass_kg_per_kw_delivered,3.95454545454545,269.07114289279
launch_cost_gbp_per_kg_to_staging_orbit,3868.18181818182,system_specific_mass_kg_per_kw_delivered,3.95454545454545,275.878082383776
launch_cost_gbp_per_kg_to_staging_orbit,3981.36363636364,system_specific_mass_kg_per_kw_delivered,3.95454545454545,282.685021874761
launch_cost_gbp_per_kg_to_staging_orbit,4094.54545454545,system_specific_mass_kg_per_kw_delivered,3.95454545454545,289.491961365747
launch_cost_gbp_per_kg_to_staging_orbit,4207.72727272727,system_specific_mass_kg_per_kw_delivered,3.95454545454545,296.298900856732
launch_cost_gbp_per_kg_to_staging_orbit,4320.90909090909,system_specific_mass_kg_per_kw_delivered,3.95454545454545,303.105840347718
launch_cost_gbp_per_kg_to_staging_orbit,4434.09090909091,system_specific_mass_kg_per_kw_delivered,3.95454545454545,309.912779838703
launch_cost_gbp_per_kg_to_staging_orbit,4547.27272727273,system_specific_mass_kg_per_kw_delivered,3.95454545454545,316.719719329689
launch_cost_gbp_per_kg_to_staging_orbit,4660.45454545455,system_specific_mass_kg_per_kw_delivered,3.95454545454545,323.526658820675
launch_cost_gbp_per_kg_to_staging_orbit,4773.63636363636,system_specific_mass_kg_per_kw_delivered,3.95454545454545,330.33359831166
launch_cost_gbp_per_kg_to_staging_orbit,4886.81818181818,system_specific_mass_kg_per_kw_delivered,3.95454545454545,337.140537802646
launch_cost_gbp_per_kg_to_staging_orbit,5000,system_specific_mass_kg_per_kw_delivered,3.95454545454545,343.947477293631
launch_cost_gbp_per_kg_to_staging_orbit,20,system_specific_mass_kg_per_kw_delivered,4.17045454545454,45.492890078387
launch_cost_gbp_per_kg_to_staging_orbit,133.181818181818,system_specific_mass_kg_per_kw_delivered,4.17045454545454,52.6714728174437
launch_cost_gbp_per_kg_to_staging_orbit,246.363636363636,system_specific_mass_kg_per_kw_delivered,4.17045454545454,59.8500555565003
launch_cost_gbp_per_kg_to_staging_orbit,359.545454545455,system_specific_mass_kg_per_kw_delivered,4.17045454545454,67.0286382955569
launch_cost_gbp_per_kg_to_staging_orbit,472.727272727273,system_specific_mass_kg_per_kw_delivered,4.17045454545454,74.2072210346135
launch_cost_gbp_per_kg_to_staging_orbit,585.909090909091,system_specific_mass_kg_per_kw_delivered,4.17045454545454,81.3858037736701
launch_cost_gbp_per_kg_to_staging_orbit,699.090909090909,system_specific_mass_kg_per_kw_delivered,4.17045454545454,88.5643865127267
launch_cost_gbp_per_kg_to_staging_orbit,812.272727272727,system_specific_mass_kg_per_kw_delivered,4.17045454545454,95.7429692517833
launch_cost_gbp_per_kg_to_staging_orbit,925.454545454545,system_specific_mass_kg_per_kw_delivered,4.17045454545454,102.92155199084
launch_cost_gbp_per_kg_to_staging_orbit,1038.63636363636,system_specific_mass_kg_per_kw_delivered,4.17045454545454,110.100134729897
launch_cost_gbp_per_kg_to_staging_orbit,1151.81818181818,system_specific_mass_kg_per_kw_delivered,4.17045454545454,117.278717468953
launch_cost_gbp_per_kg_to_staging_orbit,1265,system_specific_mass_kg_per_kw_delivered,4.17045454545454,124.45730020801
launch_cost_gbp_per_kg_to_staging_orbit,1378.18181818182,system_specific_mass_kg_per_kw_delivered,4.17045454545454,131.635882947066
launch_cost_gbp_per_kg_to_staging_orbit,1491.36363636364,system_specific_mass_kg_per_kw_delivered,4.17045454545454,138.814465686123
launch_cost_gbp_per_kg_to_staging_orbit,1604.54545454545,system_specific_mass_kg_per_kw_delivered,4.17045454545454,145.99304842518
launch_cost_gbp_per_kg_to_staging_orbit,1717.72727272727,system_specific_mass_kg_per_kw_delivered,4.17045454545454,153.171631164236
launch_cost_gbp_per_kg_to_staging_orbit,1830.90909090909,system_specific_mass_kg_per_kw_delivered,4.17045454545454,160.350213903293
launch_cost_gbp_per_kg_to_staging_orbit,1944.09090909091,system_specific_mass_kg_per_kw_delivered,4.17045454545454,167.528796642349
launch_cost_gbp_per_kg_to_staging_orbit,2057.27272727273,system_specific_mass_kg_per_kw_delivered,4.17045454545454,174.707379381406
launch_cost_gbp_per_kg_to_staging_orbit,2170.45454545455,system_specific_mass_kg_per_kw_delivered,4.17045454545454,181.885962120463
launch_cost_gbp_per_kg_to_staging_orbit,2283.63636363636,system_specific_mass_kg_per_kw_delivered,4.17045454545454,189.064544859519
launch_cost_gbp_per_kg_to_staging_orbit,2396.81818181818,system_specific_mass_kg_per_kw_delivered,4.17045454545454,196.243127598576
launch_cost_gbp_per_kg_to_staging_orbit,2510,system_specific_mass_kg_per_kw_delivered,4.17045454545454,203.421710337633
launch_cost_gbp_per_kg_to_staging_orbit,2623.18181818182,system_specific_mass_kg_per_kw_delivered,4.17045454545454,210.600293076689
launch_cost_gbp_per_kg_to_staging_orbit,2736.36363636364,system_specific_mass_kg_per_kw_delivered,4.17045454545454,217.778875815746
launch_cost_gbp_per_kg_to_staging_orbit,2849.54545454545,system_specific_mass_kg_per_kw_delivered,4.17045454545454,224.957458554802
launch_cost_gbp_per_kg_to_staging_orbit,2962.72727272727,system_specific_mass_kg_per_kw_delivered,4.17045454545454,232.136041293859
launch_cost_gbp_per_kg_to_staging_orbit,3075.90909090909,system_specific_mass_kg_per_kw_delivered,4.17045454545454,239.314624032916
launch_cost_gbp_per_kg_to_staging_orbit,3189.09090909091,system_specific_mass_kg_per_kw_delivered,4.17045454545454,246.493206771972
launch_cost_gbp_per_kg_to_staging_orbit,3302.27272727273,system_specific_mass_kg_per_kw_delivered,4.17045454545454,253.671789511029
launch_cost_gbp_per_kg_to_staging_orbit,3415.45454545455,system_specific_mass_kg_per_kw_delivered,4.17045454545454,260.850372250085
launch_cost_gbp_per_kg_to_staging_orbit,3528.63636363636,system_specific_mass_kg_per_kw_delivered,4.17045454545454,268.028954989142
launch_cost_gbp_per_kg_to_staging_orbit,3641.81818181818,system_specific_mass_kg_per_kw_delivered,4.17045454545454,275.207537728199
launch_cost_gbp_per_kg_to_staging_orbit,3755,system_specific_mass_kg_per_kw_delivered,4.17045454545454,282.386120467255
launch_cost_gbp_per_kg_to_staging_orbit,3868.18181818182,system_specific_mass_kg_per_kw_delivered,4.17045454545454,289.564703206312
launch_cost_gbp_per_kg_to_staging_orbit,3981.36363636364,system_specific_mass_kg_per_kw_delivered,4.17045454545454,296.743285945368
launch_cost_gbp_per_kg_to_staging_orbit,4094.54545454545,system_specific_mass_kg_per_kw_delivered,4.17045454545454,303.921868684425
launch_cost_gbp_per_kg_to_staging_orbit,4207.72727272727,system_specific_mass_kg_per_kw_delivered,4.17045454545454,311.100451423482
launch_cost_gbp_per_kg_to_staging_orbit,4320.90909090909,system_specific_mass_kg_per_kw_delivered,4.17045454545454,318.279034162538
launch_cost_gbp_per_kg_to_staging_orbit,4434.09090909091,system_specific_mass_kg_per_kw_delivered,4.17045454545454,325.457616901595
launch_cost_gbp_per_kg_to_staging_orbit,4547.27272727273,system_specific_mass_kg_per_kw_delivered,4.17045454545454,332.636199640652
launch_cost_gbp_per_kg_to_staging_orbit,4660.45454545455,system_specific_mass_kg_per_kw_delivered,4.17045454545454,339.814782379708
launch_cost_gbp_per_kg_to_staging_orbit,4773.63636363636,system_specific_mass_kg_per_kw_delivered,4.17045454545454,346.993365118765
launch_cost_gbp_per_kg_to_staging_orbit,4886.81818181818,system_specific_mass_kg_per_kw_delivered,4.17045454545454,354.171947857821
launch_cost_gbp_per_kg_to_staging_orbit,5000,system_specific_mass_kg_per_kw_delivered,4.17045454545454,361.350530596878
launch_cost_gbp_per_kg_to_staging_orbit,20,system_specific_mass_kg_per_kw_delivered,4.38636363636364,46.5436404665076
launch_cost_gbp_per_kg_to_staging_orbit,133.181818181818,system_specific_mass_kg_per_kw_delivered,4.38636363636364,54.0938664536353
launch_cost_gbp_per_kg_to_staging_orbit,246.363636363636,system_specific_mass_kg_per_kw_delivered,4.38636363636364,61.6440924407629
launch_cost_gbp_per_kg_to_staging_orbit,359.545454545455,system_specific_mass_kg_per_kw_delivered,4.38636363636364,69.1943184278906
launch_cost_gbp_per_kg_to_staging_orbit,472.727272727273,system_specific_mass_kg_per_kw_delivered,4.38636363636364,76.7445444150183
launch_cost_gbp_per_kg_to_staging_orbit,585.909090909091,system_specific_mass_kg_per_kw_delivered,4.38636363636364,84.2947704021459
launch_cost_gbp_per_kg_to_staging_orbit,699.090909090909,system_specific_mass_kg_per_kw_delivered,4.38636363636364,91.8449963892736
launch_cost_gbp_per_kg_to_staging_orbit,812.272727272727,system_specific_mass_kg_per_kw_delivered,4.38636363636364,99.3952223764013
launch_cost_gbp_per_kg_to_staging_orbit,925.454545454545,system_specific_mass_kg_per_kw_delivered,4.38636363636364,106.945448363529
launch_cost_gbp_per_kg_to_staging_orbit,1038.63636363636,system_specific_mass_kg_per_kw_delivered,4.38636363636364,114.495674350657
launch_cost_gbp_per_kg_to_staging_orbit,1151.81818181818,system_specific_mass_kg_per_kw_delivered,4.38636363636364,122.045900337784
launch_cost_gbp_per_kg_to_staging_orbit,1265,system_specific_mass_kg_per_kw_delivered,4.38636363636364,129.596126324912
launch_cost_gbp_per_kg_to_staging_orbit,1378.18181818182,system_specific_mass_kg_per_kw_delivered,4.38636363636364,137.14635231204
launch_cost_gbp_per_kg_to_staging_orbit,1491.36363636364,system_specific_mass_kg_per_kw_delivered,4.38636363636364,144.696578299167
launch_cost_gbp_per_kg_to_staging_orbit,1604.54545454545,system_specific_mass_kg_per_kw_delivered,4.38636363636364,152.246804286295
launch_cost_gbp_per_kg_to_staging_orbit,1717.72727272727,system_specific_mass_kg_per_kw_delivered,4.38636363636364,159.797030273423
launch_cost_gbp_per_kg_to_staging_orbit,1830.90909090909,system_specific_mass_kg_per_kw_delivered,4.38636363636364,167.34725626055
launch_cost_gbp_per_kg_to_staging_orbit,1944.09090909091,system_specific_mass_kg_per_kw_delivered,4.38636363636364,174.897482247678
launch_cost_gbp_per_kg_to_staging_orbit,2057.27272727273,system_specific_mass_kg_per_kw_delivered,4.38636363636364,182.447708234806
launch_cost_gbp_per_kg_to_staging_orbit,2170.45454545455,system_specific_mass_kg_per_kw_delivered,4.38636363636364,189.997934221933
launch_cost_gbp_per_kg_to_staging_orbit,2283.63636363636,system_specific_mass_kg_per_kw_delivered,4.38636363636364,197.548160209061
launch_cost_gbp_per_kg_to_staging_orbit,2396.81818181818,system_specific_mass_kg_per_kw_delivered,4.38636363636364,205.098386196189
launch_cost_gbp_per_kg_to_staging_orbit,2510,system_specific_mass_kg_per_kw_delivered,4.38636363636364,212.648612183316
launch_cost_gbp_per_kg_to_staging_orbit,2623.18181818182,system_specific_mass_kg_per_kw_delivered,4.38636363636364,220.198838170444
launch_cost_gbp_per_kg_to_staging_orbit,2736.36363636364,system_specific_mass_kg_per_kw_delivered,4.38636363636364,227.749064157572
launch_cost_gbp_per_kg_to_staging_orbit,2849.54545454545,system_specific_mass_kg_per_kw_delivered,4.38636363636364,235.299290144699
launch_cost_gbp_per_kg_to_staging_orbit,2962.72727272727,system_specific_mass_kg_per_kw_delivered,4.38636363636364,242.849516131827
launch_cost_gbp_per_kg_to_staging_orbit,3075.90909090909,system_specific_mass_kg_per_kw_delivered,4.38636363636364,250.399742118955
launch_cost_gbp_per_kg_to_staging_orbit,3189.09090909091,system_specific_mass_kg_per_kw_delivered,4.38636363636364,257.949968106082
launch_cost_gbp_per_kg_to_staging_orbit,3302.27272727273,system_specific_mass_kg_per_kw_delivered,4.38636363636364,265.50019409321
launch_cost_gbp_per_kg_to_staging_orbit,3415.45454545455,system_specific_mass_kg_per_kw_delivered,4.38636363636364,273.050420080338
launch_cost_gbp_per_kg_to_staging_orbit,3528.63636363636,system_specific_mass_kg_per_kw_delivered,4.38636363636364,280.600646067465
launch_cost_gbp_per_kg_to_staging_orbit,3641.81818181818,system_specific_mass_kg_per_kw_delivered,4.38636363636364,288.150872054593
launch_cost_gbp_per_kg_to_staging_orbit,3755,system_specific_mass_kg_per_kw_delivered,4.38636363636364,295.701098041721
launch_cost_gbp_per_kg_to_staging_orbit,3868.18181818182,system_specific_mass_kg_per_kw_delivered,4.38636363636364,303.251324028848
launch_cost_gbp_per_kg_to_staging_orbit,3981.36363636364,system_specific_mass_kg_per_kw_delivered,4.38636363636364,310.801550015976
launch_cost_gbp_per_kg_to_staging_orbit,4094.54545454545,system_specific_mass_kg_per_kw_delivered,4.38636363636364,318.351776003104
launch_cost_gbp_per_kg_to_staging_orbit,4207.72727272727,system_specific_mass_kg_per_kw_delivered,4.38636363636364,325.902001990231
launch_cost_gbp_per_kg_to_staging_orbit,4320.90909090909,system_specific_mass_kg_per_kw_delivered,4.38636363636364,333.452227977359
launch_cost_gbp_per_kg_to_staging_orbit,4434.09090909091,system_specific_mass_kg_per_kw_delivered,4.38636363636364,341.002453964486
launch_cost_gbp_per_kg_to_staging_orbit,4547.27272727273,system_specific_mass_kg_per_kw_delivered,4.38636363636364,348.552679951614
launch_cost_gbp_per_kg_to_staging_orbit,4660.45454545455,system_specific_mass_kg_per_kw_delivered,4.38636363636364,356.102905938742
launch_cost_gbp_per_kg_to_staging_orbit,4773.63636363636,system_specific_mass_kg_per_kw_delivered,4.38636363636364,363.653131925869
launch_cost_gbp_per_kg_to_staging_orbit,4886.81818181818,system_specific_mass_kg_per_kw_delivered,4.38636363636364,371.203357912997
launch_cost_gbp_per_kg_to_staging_orbit,5000,system_specific_mass_kg_per_kw_delivered,4.38636363636364,378.753583900125
launch_cost_gbp_per_kg_to_staging_orbit,20,system_specific_mass_kg_per_kw_delivered,4.60227272727273,47.5943908546282
launch_cost_gbp_per_kg_to_staging_orbit,133.181818181818,system_specific_mass_kg_per_kw_delivered,4.60227272727273,55.5162600898269
launch_cost_gbp_per_kg_to_staging_orbit,246.363636363636,system_specific_mass_kg_per_kw_delivered,4.60227272727273,63.4381293250256
launch_cost_gbp_per_kg_to_staging_orbit,359.545454545455,system_specific_mass_kg_per_kw_delivered,4.60227272727273,71.3599985602243
launch_cost_gbp_per_kg_to_staging_orbit,472.727272727273,system_specific_mass_kg_per_kw_delivered,4.60227272727273,79.281867795423
launch_cost_gbp_per_kg_to_staging_orbit,585.909090909091,system_specific_mass_kg_per_kw_delivered,4.60227272727273,87.2037370306218
launch_cost_gbp_per_kg_to_staging_orbit,699.090909090909,system_specific_mass_kg_per_kw_delivered,4.60227272727273,95.1256062658205
launch_cost_gbp_per_kg_to_staging_orbit,812.272727272727,system_specific_mass_kg_per_kw_delivered,4.60227272727273,103.047475501019
launch_cost_gbp_per_kg_to_staging_orbit,925.454545454545,system_specific_mass_kg_per_kw_delivered,4.60227272727273,110.969344736218
launch_cost_gbp_per_kg_to_staging_orbit,1038.63636363636,system_specific_mass_kg_per_kw_delivered,4.60227272727273,118.891213971417
launch_cost_gbp_per_kg_to_staging_orbit,1151.81818181818,system_specific_mass_kg_per_kw_delivered,4.60227272727273,126.813083206615
launch_cost_gbp_per_kg_to_staging_orbit,1265,system_specific_mass_kg_per_kw_delivered,4.60227272727273,134.734952441814
launch_cost_gbp_per_kg_to_staging_orbit,1378.18181818182,system_specific_mass_kg_per_kw_delivered,4.60227272727273,142.656821677013
launch_cost_gbp_per_kg_to_staging_orbit,1491.36363636364,system_specific_mass_kg_per_kw_delivered,4.60227272727273,150.578690912211
launch_cost_gbp_per_kg_to_staging_orbit,1604.54545454545,system_specific_mass_kg_per_kw_delivered,4.60227272727273,158.50056014741
launch_cost_gbp_per_kg_to_staging_orbit,1717.72727272727,system_specific_mass_kg_per_kw_delivered,4.60227272727273,166.422429382609
launch_cost_gbp_per_kg_to_staging_orbit,1830.90909090909,system_specific_mass_kg_per_kw_delivered,4.60227272727273,174.344298617808
launch_cost_gbp_per_kg_to_staging_orbit,1944.09090909091,system_specific_mass_kg_per_kw_delivered,4.60227272727273,182.266167853006
launch_cost_gbp_per_kg_to_staging_orbit,2057.27272727273,system_specific_mass_kg_per_kw_delivered,4.60227272727273,190.188037088205
launch_cost_gbp_per_kg_to_staging_orbit,2170.45454545455,system_specific_mass_kg_per_kw_delivered,4.60227272727273,198.109906323404
launch_cost_gbp_per_kg_to_staging_orbit,2283.63636363636,system_specific_mass_kg_per_kw_delivered,4.60227272727273,206.031775558602
launch_cost_gbp_per_kg_to_staging_orbit,2396.81818181818,system_specific_mass_kg_per_kw_delivered,4.60227272727273,213.953644793801
launch_cost_gbp_per_kg_to_staging_orbit,2510,system_specific_mass_kg_per_kw_delivered,4.60227272727273,221.875514029
launch_cost_gbp_per_kg_to_staging_orbit,2623.18181818182,system_specific_mass_kg_per_kw_delivered,4.60227272727273,229.797383264199
launch_cost_gbp_per_kg_to_staging_orbit,2736.36363636364,system_specific_mass_kg_per_kw_delivered,4.60227272727273,237.719252499397
launch_cost_gbp_per_kg_to_staging_orbit,2849.54545454545,system_specific_mass_kg_per_kw_delivered,4.60227272727273,245.641121734596
launch_cost_gbp_per_kg_to_staging_orbit,2962.72727272727,system_specific_mass_kg_per_kw_delivered,4.60227272727273,253.562990969795
launch_cost_gbp_per_kg_to_staging_orbit,3075.90909090909,system_specific_mass_kg_per_kw_delivered,4.60227272727273,261.484860204993
launch_cost_gbp_per_kg_to_staging_orbit,3189.09090909091,system_specific_mass_kg_per_kw_delivered,4.60227272727273,269.406729440192
launch_cost_gbp_per_kg_to_staging_orbit,3302.27272727273,system_specific_mass_kg_per_kw_delivered,4.60227272727273,277.328598675391
launch_cost_gbp_per_kg_to_staging_orbit,3415.45454545455,system_specific_mass_kg_per_kw_delivered,4.60227272727273,285.25046791059
launch_cost_gbp_per_kg_to_staging_orbit,3528.63636363636,system_specific_mass_kg_per_kw_delivered,4.60227272727273,293.172337145788
launch_cost_gbp_per_kg_to_staging_orbit,3641.81818181818,system_specific_mass_kg_per_kw_delivered,4.60227272727273,301.094206380987
launch_cost_gbp_per_kg_to_staging_orbit,3755,system_specific_mass_kg_per_kw_delivered,4.60227272727273,309.016075616186
launch_cost_gbp_per_kg_to_staging_orbit,3868.18181818182,system_specific_mass_kg_per_kw_delivered,4.60227272727273,316.937944851384
launch_cost_gbp_per_kg_to_staging_orbit,3981.36363636364,system_specific_mass_kg_per_kw_delivered,4.60227272727273,324.859814086583
launch_cost_gbp_per_kg_to_staging_orbit,4094.54545454545,system_specific_mass_kg_per_kw_delivered,4.60227272727273,332.781683321782
launch_cost_gbp_per_kg_to_staging_orbit,4207.72727272727,system_specific_mass_kg_per_kw_delivered,4.60227272727273,340.703552556981
launch_cost_gbp_per_kg_to_staging_orbit,4320.90909090909,system_specific_mass_kg_per_kw_delivered,4.60227272727273,348.625421792179
launch_cost_gbp_per_kg_to_staging_orbit,4434.09090909091,system_specific_mass_kg_per_kw_delivered,4.60227272727273,356.547291027378
launch_cost_gbp_per_kg_to_staging_orbit,4547.27272727273,system_specific_mass_kg_per_kw_delivered,4.60227272727273,364.469160262577
launch_cost_gbp_per_kg_to_staging_orbit,4660.45454545455,system_specific_mass_kg_per_kw_delivered,4.60227272727273,372.391029497775
launch_cost_gbp_per_kg_to_staging_orbit,4773.63636363636,system_specific_mass_kg_per_kw_delivered,4.60227272727273,380.312898732974
launch_cost_gbp_per_kg_to_staging_orbit,4886.81818181818,system_specific_mass_kg_per_kw_delivered,4.60227272727273,388.234767968173
launch_cost_gbp_per_kg_to_staging_orbit,5000,system_specific_mass_kg_per_kw_delivered,4.60227272727273,396.156637203372
launch_cost_gbp_per_kg_to_staging_orbit,20,system_specific_mass_kg_per_kw_delivered,4.81818181818182,48.6451412427487
launch_cost_gbp_per_kg_to_staging_orbit,133.181818181818,system_specific_mass_kg_per_kw_delivered,4.81818181818182,56.9386537260185
launch_cost_gbp_per_kg_to_staging_orbit,246.363636363636,system_specific_mass_kg_per_kw_delivered,4.81818181818182,65.2321662092883
launch_cost_gbp_per_kg_to_staging_orbit,359.545454545455,system_specific_mass_kg_per_kw_delivered,4.81818181818182,73.525678692558
launch_cost_gbp_per_kg_to_staging_orbit,472.727272727273,system_specific_mass_kg_per_kw_delivered,4.81818181818182,81.8191911758278
launch_cost_gbp_per_kg_to_staging_orbit,585.909090909091,system_specific_mass_kg_per_kw_delivered,4.81818181818182,90.1127036590976
launch_cost_gbp_per_kg_to_staging_orbit,699.090909090909,system_specific_mass_kg_per_kw_delivered,4.81818181818182,98.4062161423673
launch_cost_gbp_per_kg_to_staging_orbit,812.272727272727,system_specific_mass_kg_per_kw_delivered,4.81818181818182,106.699728625637
launch_cost_gbp_per_kg_to_staging_orbit,925.454545454545,system_specific_mass_kg_per_kw_delivered,4.81818181818182,114.993241108907
launch_cost_gbp_per_kg_to_staging_orbit,1038.63636363636,system_specific_mass_kg_per_kw_delivered,4.81818181818182,123.286753592177
launch_cost_gbp_per_kg_to_staging_orbit,1151.81818181818,system_specific_mass_kg_per_kw_delivered,4.81818181818182,131.580266075446
launch_cost_gbp_per_kg_to_staging_orbit,1265,system_specific_mass_kg_per_kw_delivered,4.81818181818182,139.873778558716
launch_cost_gbp_per_kg_to_staging_orbit,1378.18181818182,system_specific_mass_kg_per_kw_delivered,4.81818181818182,148.167291041986
launch_cost_gbp_per_kg_to_staging_orbit,1491.36363636364,system_specific_mass_kg_per_kw_delivered,4.81818181818182,156.460803525256
launch_cost_gbp_per_kg_to_staging_orbit,1604.54545454545,system_specific_mass_kg_per_kw_delivered,4.81818181818182,164.754316008525
launch_cost_gbp_per_kg_to_staging_orbit,1717.72727272727,system_specific_mass_kg_per_kw_delivered,4.81818181818182,173.047828491795
launch_cost_gbp_per_kg_to_staging_orbit,1830.90909090909,system_specific_mass_kg_per_kw_delivered,4.81818181818182,181.341340975065
launch_cost_gbp_per_kg_to_staging_orbit,1944.09090909091,system_specific_mass_kg_per_kw_delivered,4.81818181818182,189.634853458335
launch_cost_gbp_per_kg_to_staging_orbit,2057.27272727273,system_specific_mass_kg_per_kw_delivered,4.81818181818182,197.928365941605
launch_cost_gbp_per_kg_to_staging_orbit,2170.45454545455,system_specific_mass_kg_per_kw_delivered,4.81818181818182,206.221878424874
launch_cost_gbp_per_kg_to_staging_orbit,2283.63636363636,system_specific_mass_kg_per_kw_delivered,4.81818181818182,214.515390908144
launch_cost_gbp_per_kg_to_staging_orbit,2396.81818181818,system_specific_mass_kg_per_kw_delivered,4.81818181818182,222.808903391414
launch_cost_gbp_per_kg_to_staging_orbit,2510,system_specific_mass_kg_per_kw_delivered,4.81818181818182,231.102415874684
launch_cost_gbp_per_kg_to_staging_orbit,2623.18181818182,system_specific_mass_kg_per_kw_delivered,4.81818181818182,239.395928357953
launch_cost_gbp_per_kg_to_staging_orbit,2736.36363636364,system_specific_mass_kg_per_kw_delivered,4.81818181818182,247.689440841223
launch_cost_gbp_per_kg_to_staging_orbit,2849.54545454545,system_specific_mass_kg_per_kw_delivered,4.81818181818182,255.982953324493
launch_cost_gbp_per_kg_to_staging_orbit,2962.72727272727,system_specific_mass_kg_per_kw_delivered,4.81818181818182,264.276465807763
launch_cost_gbp_per_kg_to_staging_orbit,3075.90909090909,system_specific_mass_kg_per_kw_delivered,4.81818181818182,272.569978291032
launch_cost_gbp_per_kg_to_staging_orbit,3189.09090909091,system_specific_mass_kg_per_kw_delivered,4.81818181818182,280.863490774302
launch_cost_gbp_per_kg_to_staging_orbit,3302.27272727273,system_specific_mass_kg_per_kw_delivered,4.81818181818182,289.157003257572
launch_cost_gbp_per_kg_to_staging_orbit,3415.45454545455,system_specific_mass_kg_per_kw_delivered,4.81818181818182,297.450515740842
launch_cost_gbp_per_kg_to_staging_orbit,3528.63636363636,system_specific_mass_kg_per_kw_delivered,4.81818181818182,305.744028224112
launch_cost_gbp_per_kg_to_staging_orbit,3641.81818181818,system_specific_mass_kg_per_kw_delivered,4.81818181818182,314.037540707381
launch_cost_gbp_per_kg_to_staging_orbit,3755,system_specific_mass_kg_per_kw_delivered,4.81818181818182,322.331053190651
launch_cost_gbp_per_kg_to_staging_orbit,3868.18181818182,system_specific_mass_kg_per_kw_delivered,4.81818181818182,330.624565673921
launch_cost_gbp_per_kg_to_staging_orbit,3981.36363636364,system_specific_mass_kg_per_kw_delivered,4.81818181818182,338.918078157191
launch_cost_gbp_per_kg_to_staging_orbit,4094.54545454545,system_specific_mass_kg_per_kw_delivered,4.81818181818182,347.21159064046
launch_cost_gbp_per_kg_to_staging_orbit,4207.72727272727,system_specific_mass_kg_per_kw_delivered,4.81818181818182,355.50510312373
launch_cost_gbp_per_kg_to_staging_orbit,4320.90909090909,system_specific_mass_kg_per_kw_delivered,4.81818181818182,363.798615607
launch_cost_gbp_per_kg_to_staging_orbit,4434.09090909091,system_specific_mass_kg_per_kw_delivered,4.81818181818182,372.09212809027
launch_cost_gbp_per_kg_to_staging_orbit,4547.27272727273,system_specific_mass_kg_per_kw_delivered,4.81818181818182,380.385640573539
launch_cost_gbp_per_kg_to_staging_orbit,4660.45454545455,system_specific_mass_kg_per_kw_delivered,4.81818181818182,388.679153056809
launch_cost_gbp_per_kg_to_staging_orbit,4773.63636363636,system_specific_mass_kg_per_kw_delivered,4.81818181818182,396.972665540079
launch_cost_gbp_per_kg_to_staging_orbit,4886.81818181818,system_specific_mass_kg_per_kw_delivered,4.81818181818182,405.266178023349
launch_cost_gbp_per_kg_to_staging_orbit,5000,system_specific_mass_kg_per_kw_delivered,4.81818181818182,413.559690506618
launch_cost_gbp_per_kg_to_staging_orbit,20,system_specific_mass_kg_per_kw_delivered,5.03409090909091,49.6958916308693
launch_cost_gbp_per_kg_to_staging_orbit,133.181818181818,system_specific_mass_kg_per_kw_delivered,5.03409090909091,58.3610473622101
launch_cost_gbp_per_kg_to_staging_orbit,246.363636363636,system_specific_mass_kg_per_kw_delivered,5.03409090909091,67.0262030935509
launch_cost_gbp_per_kg_to_staging_orbit,359.545454545455,system_specific_mass_kg_per_kw_delivered,5.03409090909091,75.6913588248917
launch_cost_gbp_per_kg_to_staging_orbit,472.727272727273,system_specific_mass_kg_per_kw_delivered,5.03409090909091,84.3565145562325
launch_cost_gbp_per_kg_to_staging_orbit,585.909090909091,system_specific_mass_kg_per_kw_delivered,5.03409090909091,93.0216702875734
launch_cost_gbp_per_kg_to_staging_orbit,699.090909090909,system_specific_mass_kg_per_kw_delivered,5.03409090909091,101.686826018914
launch_cost_gbp_per_kg_to_staging_orbit,812.272727272727,system_specific_mass_kg_per_kw_delivered,5.03409090909091,110.351981750255
launch_cost_gbp_per_kg_to_staging_orbit,925.454545454545,system_specific_mass_kg_per_kw_delivered,5.03409090909091,119.017137481596
launch_cost_gbp_per_kg_to_staging_orbit,1038.63636363636,system_specific_mass_kg_per_kw_delivered,5.03409090909091,127.682293212937
launch_cost_gbp_per_kg_to_staging_orbit,1151.81818181818,system_specific_mass_kg_per_kw_delivered,5.03409090909091,136.347448944277
launch_cost_gbp_per_kg_to_staging_orbit,1265,system_specific_mass_kg_per_kw_delivered,5.03409090909091,145.012604675618
launch_cost_gbp_per_kg_to_staging_orbit,1378.18181818182,system_specific_mass_kg_per_kw_delivered,5.03409090909091,153.677760406959
launch_cost_gbp_per_kg_to_staging_orbit,1491.36363636364,system_specific_mass_kg_per_kw_delivered,5.03409090909091,162.3429161383
launch_cost_gbp_per_kg_to_staging_orbit,1604.54545454545,system_specific_mass_kg_per_kw_delivered,5.03409090909091,171.008071869641
launch_cost_gbp_per_kg_to_staging_orbit,1717.72727272727,system_specific_mass_kg_per_kw_delivered,5.03409090909091,179.673227600982
launch_cost_gbp_per_kg_to_staging_orbit,1830.90909090909,system_specific_mass_kg_per_kw_delivered,5.03409090909091,188.338383332322
launch_cost_gbp_per_kg_to_staging_orbit,1944.09090909091,system_specific_mass_kg_per_kw_delivered,5.03409090909091,197.003539063663
launch_cost_gbp_per_kg_to_staging_orbit,2057.27272727273,system_specific_mass_kg_per_kw_delivered,5.03409090909091,205.668694795004
launch_cost_gbp_per_kg_to_staging_orbit,2170.45454545455,system_specific_mass_kg_per_kw_delivered,5.03409090909091,214.333850526345
launch_cost_gbp_per_kg_to_staging_orbit,2283.63636363636,system_specific_mass_kg_per_kw_delivered,5.03409090909091,222.999006257686
launch_cost_gbp_per_kg_to_staging_orbit,2396.81818181818,system_specific_mass_kg_per_kw_delivered,5.03409090909091,231.664161989026
launch_cost_gbp_per_kg_to_staging_orbit,2510,system_specific_mass_kg_per_kw_delivered,5.03409090909091,240.329317720367
launch_cost_gbp_per_kg_to_staging_orbit,2623.18181818182,system_specific_mass_kg_per_kw_delivered,5.03409090909091,248.994473451708
launch_cost_gbp_per_kg_to_staging_orbit,2736.36363636364,system_specific_mass_kg_per_kw_delivered,5.03409090909091,257.659629183049
launch_cost_gbp_per_kg_to_staging_orbit,2849.54545454545,system_specific_mass_kg_per_kw_delivered,5.03409090909091,266.32478491439
launch_cost_gbp_per_kg_to_staging_orbit,2962.72727272727,system_specific_mass_kg_per_kw_delivered,5.03409090909091,274.98994064573
launch_cost_gbp_per_kg_to_staging_orbit,3075.90909090909,system_specific_mass_kg_per_kw_delivered,5.03409090909091,283.655096377071
launch_cost_gbp_per_kg_to_staging_orbit,3189.09090909091,system_specific_mass_kg_per_kw_delivered,5.03409090909091,292.320252108412
launch_cost_gbp_per_kg_to_staging_orbit,3302.27272727273,system_specific_mass_kg_per_kw_delivered,5.03409090909091,300.985407839753
launch_cost_gbp_per_kg_to_staging_orbit,3415.45454545455,system_specific_mass_kg_per_kw_delivered,5.03409090909091,309.650563571094
launch_cost_gbp_per_kg_to_staging_orbit,3528.63636363636,system_specific_mass_kg_per_kw_delivered,5.03409090909091,318.315719302435
launch_cost_gbp_per_kg_to_staging_orbit,3641.81818181818,system_specific_mass_kg_per_kw_delivered,5.03409090909091,326.980875033775
launch_cost_gbp_per_kg_to_staging_orbit,3755,system_specific_mass_kg_per_kw_delivered,5.03409090909091,335.646030765116
launch_cost_gbp_per_kg_to_staging_orbit,3868.18181818182,system_specific_mass_kg_per_kw_delivered,5.03409090909091,344.311186496457
launch_cost_gbp_per_kg_to_staging_orbit,3981.36363636364,system_specific_mass_kg_per_kw_delivered,5.03409090909091,352.976342227798
launch_cost_gbp_per_kg_to_staging_orbit,4094.54545454545,system_specific_mass_kg_per_kw_delivered,5.03409090909091,361.641497959139
launch_cost_gbp_per_kg_to_staging_orbit,4207.72727272727,system_specific_mass_kg_per_kw_delivered,5.03409090909091,370.306653690479
launch_cost_gbp_per_kg_to_staging_orbit,4320.90909090909,system_specific_mass_kg_per_kw_delivered,5.03409090909091,378.97180942182
launch_cost_gbp_per_kg_to_staging_orbit,4434.09090909091,system_specific_mass_kg_per_kw_delivered,5.03409090909091,387.636965153161
launch_cost_gbp_per_kg_to_staging_orbit,4547.27272727273,system_specific_mass_kg_per_kw_delivered,5.03409090909091,396.302120884502
launch_cost_gbp_per_kg_to_staging_orbit,4660.45454545455,system_specific_mass_kg_per_kw_delivered,5.03409090909091,404.967276615843
launch_cost_gbp_per_kg_to_staging_orbit,4773.63636363636,system_specific_mass_kg_per_kw_delivered,5.03409090909091,413.632432347184
launch_cost_gbp_per_kg_to_staging_orbit,4886.81818181818,system_specific_mass_kg_per_kw_delivered,5.03409090909091,422.297588078524
launch_cost_gbp_per_kg_to_staging_orbit,5000,system_specific_mass_kg_per_kw_delivered,5.03409090909091,430.962743809865
launch_cost_gbp_per_kg_to_staging_orbit,20,system_specific_mass_kg_per_kw_delivered,5.25,50.7466420189899
launch_cost_gbp_per_kg_to_staging_orbit,133.181818181818,system_specific_mass_kg_per_kw_delivered,5.25,59.7834409984017
launch_cost_gbp_per_kg_to_staging_orbit,246.363636363636,system_specific_mass_kg_per_kw_delivered,5.25,68.8202399778136
launch_cost_gbp_per_kg_to_staging_orbit,359.545454545455,system_specific_mass_kg_per_kw_delivered,5.25,77.8570389572254
launch_cost_gbp_per_kg_to_staging_orbit,472.727272727273,system_specific_mass_kg_per_kw_delivered,5.25,86.8938379366373
launch_cost_gbp_per_kg_to_staging_orbit,585.909090909091,system_specific_mass_kg_per_kw_delivered,5.25,95.9306369160492
launch_cost_gbp_per_kg_to_staging_orbit,699.090909090909,system_specific_mass_kg_per_kw_delivered,5.25,104.967435895461
launch_cost_gbp_per_kg_to_staging_orbit,812.272727272727,system_specific_mass_kg_per_kw_delivered,5.25,114.004234874873
launch_cost_gbp_per_kg_to_staging_orbit,925.454545454545,system_specific_mass_kg_per_kw_delivered,5.25,123.041033854285
launch_cost_gbp_per_kg_to_staging_orbit,1038.63636363636,system_specific_mass_kg_per_kw_delivered,5.25,132.077832833697
launch_cost_gbp_per_kg_to_staging_orbit,1151.81818181818,system_specific_mass_kg_per_kw_delivered,5.25,141.114631813109
launch_cost_gbp_per_kg_to_staging_orbit,1265,system_specific_mass_kg_per_kw_delivered,5.25,150.15143079252
launch_cost_gbp_per_kg_to_staging_orbit,1378.18181818182,system_specific_mass_kg_per_kw_delivered,5.25,159.188229771932
launch_cost_gbp_per_kg_to_staging_orbit,1491.36363636364,system_specific_mass_kg_per_kw_delivered,5.25,168.225028751344
launch_cost_gbp_per_kg_to_staging_orbit,1604.54545454545,system_specific_mass_kg_per_kw_delivered,5.25,177.261827730756
launch_cost_gbp_per_kg_to_staging_orbit,1717.72727272727,system_specific_mass_kg_per_kw_delivered,5.25,186.298626710168
launch_cost_gbp_per_kg_to_staging_orbit,1830.90909090909,system_specific_mass_kg_per_kw_delivered,5.25,195.33542568958
launch_cost_gbp_per_kg_to_staging_orbit,1944.09090909091,system_specific_mass_kg_per_kw_delivered,5.25,204.372224668992
launch_cost_gbp_per_kg_to_staging_orbit,2057.27272727273,system_specific_mass_kg_per_kw_delivered,5.25,213.409023648403
launch_cost_gbp_per_kg_to_staging_orbit,2170.45454545455,system_specific_mass_kg_per_kw_delivered,5.25,222.445822627815
launch_cost_gbp_per_kg_to_staging_orbit,2283.63636363636,system_specific_mass_kg_per_kw_delivered,5.25,231.482621607227
launch_cost_gbp_per_kg_to_staging_orbit,2396.81818181818,system_specific_mass_kg_per_kw_delivered,5.25,240.519420586639
launch_cost_gbp_per_kg_to_staging_orbit,2510,system_specific_mass_kg_per_kw_delivered,5.25,249.556219566051
launch_cost_gbp_per_kg_to_staging_orbit,2623.18181818182,system_specific_mass_kg_per_kw_delivered,5.25,258.593018545463
launch_cost_gbp_per_kg_to_staging_orbit,2736.36363636364,system_specific_mass_kg_per_kw_delivered,5.25,267.629817524875
launch_cost_gbp_per_kg_to_staging_orbit,2849.54545454545,system_specific_mass_kg_per_kw_delivered,5.25,276.666616504287
launch_cost_gbp_per_kg_to_staging_orbit,2962.72727272727,system_specific_mass_kg_per_kw_delivered,5.25,285.703415483698
launch_cost_gbp_per_kg_to_staging_orbit,3075.90909090909,system_specific_mass_kg_per_kw_delivered,5.25,294.74021446311
launch_cost_gbp_per_kg_to_staging_orbit,3189.09090909091,system_specific_mass_kg_per_kw_delivered,5.25,303.777013442522
launch_cost_gbp_per_kg_to_staging_orbit,3302.27272727273,system_specific_mass_kg_per_kw_delivered,5.25,312.813812421934
launch_cost_gbp_per_kg_to_staging_orbit,3415.45454545455,system_specific_mass_kg_per_kw_delivered,5.25,321.850611401346
launch_cost_gbp_per_kg_to_staging_orbit,3528.63636363636,system_specific_mass_kg_per_kw_delivered,5.25,330.887410380758
launch_cost_gbp_per_kg_to_staging_orbit,3641.81818181818,system_specific_mass_kg_per_kw_delivered,5.25,339.92420936017
launch_cost_gbp_per_kg_to_staging_orbit,3755,system_specific_mass_kg_per_kw_delivered,5.25,348.961008339581
launch_cost_gbp_per_kg_to_staging_orbit,3868.18181818182,system_specific_mass_kg_per_kw_delivered,5.25,357.997807318993
launch_cost_gbp_per_kg_to_staging_orbit,3981.36363636364,system_specific_mass_kg_per_kw_delivered,5.25,367.034606298405
launch_cost_gbp_per_kg_to_staging_orbit,4094.54545454545,system_specific_mass_kg_per_kw_delivered,5.25,376.071405277817
launch_cost_gbp_per_kg_to_staging_orbit,4207.72727272727,system_specific_mass_kg_per_kw_delivered,5.25,385.108204257229
launch_cost_gbp_per_kg_to_staging_orbit,4320.90909090909,system_specific_mass_kg_per_kw_delivered,5.25,394.145003236641
launch_cost_gbp_per_kg_to_staging_orbit,4434.09090909091,system_specific_mass_kg_per_kw_delivered,5.25,403.181802216053
launch_cost_gbp_per_kg_to_staging_orbit,4547.27272727273,system_specific_mass_kg_per_kw_delivered,5.25,412.218601195465
launch_cost_gbp_per_kg_to_staging_orbit,4660.45454545455,system_specific_mass_kg_per_kw_delivered,5.25,421.255400174876
launch_cost_gbp_per_kg_to_staging_orbit,4773.63636363636,system_specific_mass_kg_per_kw_delivered,5.25,430.292199154288
launch_cost_gbp_per_kg_to_staging_orbit,4886.81818181818,system_specific_mass_kg_per_kw_delivered,5.25,439.3289981337
launch_cost_gbp_per_kg_to_staging_orbit,5000,system_specific_mass_kg_per_kw_delivered,5.25,448.365797113112
launch_cost_gbp_per_kg_to_staging_orbit,20,system_specific_mass_kg_per_kw_delivered,5.46590909090909,51.7973924071104
launch_cost_gbp_per_kg_to_staging_orbit,133.181818181818,system_specific_mass_kg_per_kw_delivered,5.46590909090909,61.2058346345933
launch_cost_gbp_per_kg_to_staging_orbit,246.363636363636,system_specific_mass_kg_per_kw_delivered,5.46590909090909,70.6142768620762
launch_cost_gbp_per_kg_to_staging_orbit,359.545454545455,system_specific_mass_kg_per_kw_delivered,5.46590909090909,80.0227190895592
launch_cost_gbp_per_kg_to_staging_orbit,472.727272727273,system_specific_mass_kg_per_kw_delivered,5.46590909090909,89.4311613170421
launch_cost_gbp_per_kg_to_staging_orbit,585.909090909091,system_specific_mass_kg_per_kw_delivered,5.46590909090909,98.839603544525
launch_cost_gbp_per_kg_to_staging_orbit,699.090909090909,system_specific_mass_kg_per_kw_delivered,5.46590909090909,108.248045772008
launch_cost_gbp_per_kg_to_staging_orbit,812.272727272727,system_specific_mass_kg_per_kw_delivered,5.46590909090909,117.656487999491
launch_cost_gbp_per_kg_to_staging_orbit,925.454545454545,system_specific_mass_kg_per_kw_delivered,5.46590909090909,127.064930226974
launch_cost_gbp_per_kg_to_staging_orbit,1038.63636363636,system_specific_mass_kg_per_kw_delivered,5.46590909090909,136.473372454457
launch_cost_gbp_per_kg_to_staging_orbit,1151.81818181818,system_specific_mass_kg_per_kw_delivered,5.46590909090909,145.88181468194
launch_cost_gbp_per_kg_to_staging_orbit,1265,system_specific_mass_kg_per_kw_delivered,5.46590909090909,155.290256909423
launch_cost_gbp_per_kg_to_staging_orbit,1378.18181818182,system_specific_mass_kg_per_kw_delivered,5.46590909090909,164.698699136905
launch_cost_gbp_per_kg_to_staging_orbit,1491.36363636364,system_specific_mass_kg_per_kw_delivered,5.46590909090909,174.107141364388
launch_cost_gbp_per_kg_to_staging_orbit,1604.54545454545,system_specific_mass_kg_per_kw_delivered,5.46590909090909,183.515583591871
launch_cost_gbp_per_kg_to_staging_orbit,1717.72727272727,system_specific_mass_kg_per_kw_delivered,5.46590909090909,192.924025819354
launch_cost_gbp_per_kg_to_staging_orbit,1830.90909090909,system_specific_mass_kg_per_kw_delivered,5.46590909090909,202.332468046837
launch_cost_gbp_per_kg_to_staging_orbit,1944.09090909091,system_specific_mass_kg_per_kw_delivered,5.46590909090909,211.74091027432
launch_cost_gbp_per_kg_to_staging_orbit,2057.27272727273,system_specific_mass_kg_per_kw_delivered,5.46590909090909,221.149352501803
launch_cost_gbp_per_kg_to_staging_orbit,2170.45454545455,system_specific_mass_kg_per_kw_delivered,5.46590909090909,230.557794729286
launch_cost_gbp_per_kg_to_staging_orbit,2283.63636363636,system_specific_mass_kg_per_kw_delivered,5.46590909090909,239.966236956769
launch_cost_gbp_per_kg_to_staging_orbit,2396.81818181818,system_specific_mass_kg_per_kw_delivered,5.46590909090909,249.374679184252
launch_cost_gbp_per_kg_to_staging_orbit,2510,system_specific_mass_kg_per_kw_delivered,5.46590909090909,258.783121411735
launch_cost_gbp_per_kg_to_staging_orbit,2623.18181818182,system_specific_mass_kg_per_kw_delivered,5.46590909090909,268.191563639218
launch_cost_gbp_per_kg_to_staging_orbit,2736.36363636364,system_specific_mass_kg_per_kw_delivered,5.46590909090909,277.6000058667
launch_cost_gbp_per_kg_to_staging_orbit,2849.54545454545,system_specific_mass_kg_per_kw_delivered,5.46590909090909,287.008448094183
launch_cost_gbp_per_kg_to_staging_orbit,2962.72727272727,system_specific_mass_kg_per_kw_delivered,5.46590909090909,296.416890321666
launch_cost_gbp_per_kg_to_staging_orbit,3075.90909090909,system_specific_mass_kg_per_kw_delivered,5.46590909090909,305.825332549149
launch_cost_gbp_per_kg_to_staging_orbit,3189.09090909091,system_specific_mass_kg_per_kw_delivered,5.46590909090909,315.233774776632
launch_cost_gbp_per_kg_to_staging_orbit,3302.27272727273,system_specific_mass_kg_per_kw_delivered,5.46590909090909,324.642217004115
launch_cost_gbp_per_kg_to_staging_orbit,3415.45454545455,system_specific_mass_kg_per_kw_delivered,5.46590909090909,334.050659231598
launch_cost_gbp_per_kg_to_staging_orbit,3528.63636363636,system_specific_mass_kg_per_kw_delivered,5.46590909090909,343.459101459081
launch_cost_gbp_per_kg_to_staging_orbit,3641.81818181818,system_specific_mass_kg_per_kw_delivered,5.46590909090909,352.867543686564
launch_cost_gbp_per_kg_to_staging_orbit,3755,system_specific_mass_kg_per_kw_delivered,5.46590909090909,362.275985914047
launch_cost_gbp_per_kg_to_staging_orbit,3868.18181818182,system_specific_mass_kg_per_kw_delivered,5.46590909090909,371.68442814153
launch_cost_gbp_per_kg_to_staging_orbit,3981.36363636364,system_specific_mass_kg_per_kw_delivered,5.46590909090909,381.092870369013
launch_cost_gbp_per_kg_to_staging_orbit,4094.54545454545,system_specific_mass_kg_per_kw_delivered,5.46590909090909,390.501312596495
launch_cost_gbp_per_kg_to_staging_orbit,4207.72727272727,system_specific_mass_kg_per_kw_delivered,5.46590909090909,399.909754823978
launch_cost_gbp_per_kg_to_staging_orbit,4320.90909090909,system_specific_mass_kg_per_kw_delivered,5.46590909090909,409.318197051461
launch_cost_gbp_per_kg_to_staging_orbit,4434.09090909091,system_specific_mass_kg_per_kw_delivered,5.46590909090909,418.726639278944
launch_cost_gbp_per_kg_to_staging_orbit,4547.27272727273,system_specific_mass_kg_per_kw_delivered,5.46590909090909,428.135081506427
launch_cost_gbp_per_kg_to_staging_orbit,4660.45454545455,system_specific_mass_kg_per_kw_delivered,5.46590909090909,437.54352373391
launch_cost_gbp_per_kg_to_staging_orbit,4773.63636363636,system_specific_mass_kg_per_kw_delivered,5.46590909090909,446.951965961393
launch_cost_gbp_per_kg_to_staging_orbit,4886.81818181818,system_specific_mass_kg_per_kw_delivered,5.46590909090909,456.360408188876
launch_cost_gbp_per_kg_to_staging_orbit,5000,system_specific_mass_kg_per_kw_delivered,5.46590909090909,465.768850416359
launch_cost_gbp_per_kg_to_staging_orbit,20,system_specific_mass_kg_per_kw_delivered,5.68181818181818,52.848142795231
launch_cost_gbp_per_kg_to_staging_orbit,133.181818181818,system_specific_mass_kg_per_kw_delivered,5.68181818181818,62.6282282707849
launch_cost_gbp_per_kg_to_staging_orbit,246.363636363636,system_specific_mass_kg_per_kw_delivered,5.68181818181818,72.4083137463389
launch_cost_gbp_per_kg_to_staging_orbit,359.545454545455,system_specific_mass_kg_per_kw_delivered,5.68181818181818,82.1883992218929
launch_cost_gbp_per_kg_to_staging_orbit,472.727272727273,system_specific_mass_kg_per_kw_delivered,5.68181818181818,91.9684846974468
launch_cost_gbp_per_kg_to_staging_orbit,585.909090909091,system_specific_mass_kg_per_kw_delivered,5.68181818181818,101.748570173001
launch_cost_gbp_per_kg_to_staging_orbit,699.090909090909,system_specific_mass_kg_per_kw_delivered,5.68181818181818,111.528655648555
launch_cost_gbp_per_kg_to_staging_orbit,812.272727272727,system_specific_mass_kg_per_kw_delivered,5.68181818181818,121.308741124109
launch_cost_gbp_per_kg_to_staging_orbit,925.454545454545,system_specific_mass_kg_per_kw_delivered,5.68181818181818,131.088826599663
launch_cost_gbp_per_kg_to_staging_orbit,1038.63636363636,system_specific_mass_kg_per_kw_delivered,5.68181818181818,140.868912075217
launch_cost_gbp_per_kg_to_staging_orbit,1151.81818181818,system_specific_mass_kg_per_kw_delivered,5.68181818181818,150.648997550771
launch_cost_gbp_per_kg_to_staging_orbit,1265,system_specific_mass_kg_per_kw_delivered,5.68181818181818,160.429083026325
launch_cost_gbp_per_kg_to_staging_orbit,1378.18181818182,system_specific_mass_kg_per_kw_delivered,5.68181818181818,170.209168501879
launch_cost_gbp_per_kg_to_staging_orbit,1491.36363636364,system_specific_mass_kg_per_kw_delivered,5.68181818181818,179.989253977433
launch_cost_gbp_per_kg_to_staging_orbit,1604.54545454545,system_specific_mass_kg_per_kw_delivered,5.68181818181818,189.769339452986
launch_cost_gbp_per_kg_to_staging_orbit,1717.72727272727,system_specific_mass_kg_per_kw_delivered,5.68181818181818,199.54942492854
launch_cost_gbp_per_kg_to_staging_orbit,1830.90909090909,system_specific_mass_kg_per_kw_delivered,5.68181818181818,209.329510404094
launch_cost_gbp_per_kg_to_staging_orbit,1944.09090909091,system_specific_mass_kg_per_kw_delivered,5.68181818181818,219.109595879648
launch_cost_gbp_per_kg_to_staging_orbit,2057.27272727273,system_specific_mass_kg_per_kw_delivered,5.68181818181818,228.889681355202
launch_cost_gbp_per_kg_to_staging_orbit,2170.45454545455,system_specific_mass_kg_per_kw_delivered,5.68181818181818,238.669766830756
launch_cost_gbp_per_kg_to_staging_orbit,2283.63636363636,system_specific_mass_kg_per_kw_delivered,5.68181818181818,248.44985230631
launch_cost_gbp_per_kg_to_staging_orbit,2396.81818181818,system_specific_mass_kg_per_kw_delivered,5.68181818181818,258.229937781864
launch_cost_gbp_per_kg_to_staging_orbit,2510,system_specific_mass_kg_per_kw_delivered,5.68181818181818,268.010023257418
launch_cost_gbp_per_kg_to_staging_orbit,2623.18181818182,system_specific_mass_kg_per_kw_delivered,5.68181818181818,277.790108732972
launch_cost_gbp_per_kg_to_staging_orbit,2736.36363636364,system_specific_mass_kg_per_kw_delivered,5.68181818181818,287.570194208526
launch_cost_gbp_per_kg_to_staging_orbit,2849.54545454545,system_specific_mass_kg_per_kw_delivered,5.68181818181818,297.35027968408
launch_cost_gbp_per_kg_to_staging_orbit,2962.72727272727,system_specific_mass_kg_per_kw_delivered,5.68181818181818,307.130365159634
launch_cost_gbp_per_kg_to_staging_orbit,3075.90909090909,system_specific_mass_kg_per_kw_delivered,5.68181818181818,316.910450635188
launch_cost_gbp_per_kg_to_staging_orbit,3189.09090909091,system_specific_mass_kg_per_kw_delivered,5.68181818181818,326.690536110742
launch_cost_gbp_per_kg_to_staging_orbit,3302.27272727273,system_specific_mass_kg_per_kw_delivered,5.68181818181818,336.470621586296
launch_cost_gbp_per_kg_to_staging_orbit,3415.45454545455,system_specific_mass_kg_per_kw_delivered,5.68181818181818,346.25070706185
launch_cost_gbp_per_kg_to_staging_orbit,3528.63636363636,system_specific_mass_kg_per_kw_delivered,5.68181818181818,356.030792537404
launch_cost_gbp_per_kg_to_staging_orbit,3641.81818181818,system_specific_mass_kg_per_kw_delivered,5.68181818181818,365.810878012958
launch_cost_gbp_per_kg_to_staging_orbit,3755,system_specific_mass_kg_per_kw_delivered,5.68181818181818,375.590963488512
launch_cost_gbp_per_kg_to_staging_orbit,3868.18181818182,system_specific_mass_kg_per_kw_delivered,5.68181818181818,385.371048964066
launch_cost_gbp_per_kg_to_staging_orbit,3981.36363636364,system_specific_mass_kg_per_kw_delivered,5.68181818181818,395.15113443962
launch_cost_gbp_per_kg_to_staging_orbit,4094.54545454545,system_specific_mass_kg_per_kw_delivered,5.68181818181818,404.931219915174
launch_cost_gbp_per_kg_to_staging_orbit,4207.72727272727,system_specific_mass_kg_per_kw_delivered,5.68181818181818,414.711305390728
launch_cost_gbp_per_kg_to_staging_orbit,4320.90909090909,system_specific_mass_kg_per_kw_delivered,5.68181818181818,424.491390866282
launch_cost_gbp_per_kg_to_staging_orbit,4434.09090909091,system_specific_mass_kg_per_kw_delivered,5.68181818181818,434.271476341836
launch_cost_gbp_per_kg_to_staging_orbit,4547.27272727273,system_specific_mass_kg_per_kw_delivered,5.68181818181818,444.05156181739
launch_cost_gbp_per_kg_to_staging_orbit,4660.45454545455,system_specific_mass_kg_per_kw_delivered,5.68181818181818,453.831647292944
launch_cost_gbp_per_kg_to_staging_orbit,4773.63636363636,system_specific_mass_kg_per_kw_delivered,5.68181818181818,463.611732768498
launch_cost_gbp_per_kg_to_staging_orbit,4886.81818181818,system_specific_mass_kg_per_kw_delivered,5.68181818181818,473.391818244052
launch_cost_gbp_per_kg_to_staging_orbit,5000,system_specific_mass_kg_per_kw_delivered,5.68181818181818,483.171903719605
launch_cost_gbp_per_kg_to_staging_orbit,20,system_specific_mass_kg_per_kw_delivered,5.89772727272727,53.8988931833515
launch_cost_gbp_per_kg_to_staging_orbit,133.181818181818,system_specific_mass_kg_per_kw_delivered,5.89772727272727,64.0506219069765
launch_cost_gbp_per_kg_to_staging_orbit,246.363636363636,system_specific_mass_kg_per_kw_delivered,5.89772727272727,74.2023506306016
launch_cost_gbp_per_kg_to_staging_orbit,359.545454545455,system_specific_mass_kg_per_kw_delivered,5.89772727272727,84.3540793542266
launch_cost_gbp_per_kg_to_staging_orbit,472.727272727273,system_specific_mass_kg_per_kw_delivered,5.89772727272727,94.5058080778516
launch_cost_gbp_per_kg_to_staging_orbit,585.909090909091,system_specific_mass_kg_per_kw_delivered,5.89772727272727,104.657536801477
launch_cost_gbp_per_kg_to_staging_orbit,699.090909090909,system_specific_mass_kg_per_kw_delivered,5.89772727272727,114.809265525102
launch_cost_gbp_per_kg_to_staging_orbit,812.272727272727,system_specific_mass_kg_per_kw_delivered,5.89772727272727,124.960994248727
launch_cost_gbp_per_kg_to_staging_orbit,925.454545454545,system_specific_mass_kg_per_kw_delivered,5.89772727272727,135.112722972352
launch_cost_gbp_per_kg_to_staging_orbit,1038.63636363636,system_specific_mass_kg_per_kw_delivered,5.89772727272727,145.264451695977
launch_cost_gbp_per_kg_to_staging_orbit,1151.81818181818,system_specific_mass_kg_per_kw_delivered,5.89772727272727,155.416180419602
launch_cost_gbp_per_kg_to_staging_orbit,1265,system_specific_mass_kg_per_kw_delivered,5.89772727272727,165.567909143227
launch_cost_gbp_per_kg_to_staging_orbit,1378.18181818182,system_specific_mass_kg_per_kw_delivered,5.89772727272727,175.719637866852
launch_cost_gbp_per_kg_to_staging_orbit,1491.36363636364,system_specific_mass_kg_per_kw_delivered,5.89772727272727,185.871366590477
launch_cost_gbp_per_kg_to_staging_orbit,1604.54545454545,system_specific_mass_kg_per_kw_delivered,5.89772727272727,196.023095314102
launch_cost_gbp_per_kg_to_staging_orbit,1717.72727272727,system_specific_mass_kg_per_kw_delivered,5.89772727272727,206.174824037727
launch_cost_gbp_per_kg_to_staging_orbit,1830.90909090909,system_specific_mass_kg_per_kw_delivered,5.89772727272727,216.326552761352
launch_cost_gbp_per_kg_to_staging_orbit,1944.09090909091,system_specific_mass_kg_per_kw_delivered,5.89772727272727,226.478281484977
launch_cost_gbp_per_kg_to_staging_orbit,2057.27272727273,system_specific_mass_kg_per_kw_delivered,5.89772727272727,236.630010208602
launch_cost_gbp_per_kg_to_staging_orbit,2170.45454545455,system_specific_mass_kg_per_kw_delivered,5.89772727272727,246.781738932227
launch_cost_gbp_per_kg_to_staging_orbit,2283.63636363636,system_specific_mass_kg_per_kw_delivered,5.89772727272727,256.933467655852
launch_cost_gbp_per_kg_to_staging_orbit,2396.81818181818,system_specific_mass_kg_per_kw_delivered,5.89772727272727,267.085196379477
launch_cost_gbp_per_kg_to_staging_orbit,2510,system_specific_mass_kg_per_kw_delivered,5.89772727272727,277.236925103102
launch_cost_gbp_per_kg_to_staging_orbit,2623.18181818182,system_specific_mass_kg_per_kw_delivered,5.89772727272727,287.388653826727
launch_cost_gbp_per_kg_to_staging_orbit,2736.36363636364,system_specific_mass_kg_per_kw_delivered,5.89772727272727,297.540382550352
launch_cost_gbp_per_kg_to_staging_orbit,2849.54545454545,system_specific_mass_kg_per_kw_delivered,5.89772727272727,307.692111273977
launch_cost_gbp_per_kg_to_staging_orbit,2962.72727272727,system_specific_mass_kg_per_kw_delivered,5.89772727272727,317.843839997602
launch_cost_gbp_per_kg_to_staging_orbit,3075.90909090909,system_specific_mass_kg_per_kw_delivered,5.89772727272727,327.995568721227
launch_cost_gbp_per_kg_to_staging_orbit,3189.09090909091,system_specific_mass_kg_per_kw_delivered,5.89772727272727,338.147297444852
launch_cost_gbp_per_kg_to_staging_orbit,3302.27272727273,system_specific_mass_kg_per_kw_delivered,5.89772727272727,348.299026168477
launch_cost_gbp_per_kg_to_staging_orbit,3415.45454545455,system_specific_mass_kg_per_kw_delivered,5.89772727272727,358.450754892102
launch_cost_gbp_per_kg_to_staging_orbit,3528.63636363636,system_specific_mass_kg_per_kw_delivered,5.89772727272727,368.602483615727
launch_cost_gbp_per_kg_to_staging_orbit,3641.81818181818,system_specific_mass_kg_per_kw_delivered,5.89772727272727,378.754212339352
launch_cost_gbp_per_kg_to_staging_orbit,3755,system_specific_mass_kg_per_kw_delivered,5.89772727272727,388.905941062977
launch_cost_gbp_per_kg_to_staging_orbit,3868.18181818182,system_specific_mass_kg_per_kw_delivered,5.89772727272727,399.057669786602
launch_cost_gbp_per_kg_to_staging_orbit,3981.36363636364,system_specific_mass_kg_per_kw_delivered,5.89772727272727,409.209398510227
launch_cost_gbp_per_kg_to_staging_orbit,4094.54545454545,system_specific_mass_kg_per_kw_delivered,5.89772727272727,419.361127233852
launch_cost_gbp_per_kg_to_staging_orbit,4207.72727272727,system_specific_mass_kg_per_kw_delivered,5.89772727272727,429.512855957477
launch_cost_gbp_per_kg_to_staging_orbit,4320.90909090909,system_specific_mass_kg_per_kw_delivered,5.89772727272727,439.664584681102
launch_cost_gbp_per_kg_to_staging_orbit,4434.09090909091,system_specific_mass_kg_per_kw_delivered,5.89772727272727,449.816313404727
launch_cost_gbp_per_kg_to_staging_orbit,4547.27272727273,system_specific_mass_kg_per_kw_delivered,5.89772727272727,459.968042128352
launch_cost_gbp_per_kg_to_staging_orbit,4660.45454545455,system_specific_mass_kg_per_kw_delivered,5.89772727272727,470.119770851977
launch_cost_gbp_per_kg_to_staging_orbit,4773.63636363636,system_specific_mass_kg_per_kw_delivered,5.89772727272727,480.271499575602
launch_cost_gbp_per_kg_to_staging_orbit,4886.81818181818,system_specific_mass_kg_per_kw_delivered,5.89772727272727,490.423228299227
launch_cost_gbp_per_kg_to_staging_orbit,5000,system_specific_mass_kg_per_kw_delivered,5.89772727272727,500.574957022852
launch_cost_gbp_per_kg_to_staging_orbit,20,system_specific_mass_kg_per_kw_delivered,6.11363636363636,54.9496435714721
launch_cost_gbp_per_kg_to_staging_orbit,133.181818181818,system_specific_mass_kg_per_kw_delivered,6.11363636363636,65.4730155431682
launch_cost_gbp_per_kg_to_staging_orbit,246.363636363636,system_specific_mass_kg_per_kw_delivered,6.11363636363636,75.9963875148642
launch_cost_gbp_per_kg_to_staging_orbit,359.545454545455,system_specific_mass_kg_per_kw_delivered,6.11363636363636,86.5197594865603
launch_cost_gbp_per_kg_to_staging_orbit,472.727272727273,system_specific_mass_kg_per_kw_delivered,6.11363636363636,97.0431314582564
launch_cost_gbp_per_kg_to_staging_orbit,585.909090909091,system_specific_mass_kg_per_kw_delivered,6.11363636363636,107.566503429952
launch_cost_gbp_per_kg_to_staging_orbit,699.090909090909,system_specific_mass_kg_per_kw_delivered,6.11363636363636,118.089875401649
launch_cost_gbp_per_kg_to_staging_orbit,812.272727272727,system_specific_mass_kg_per_kw_delivered,6.11363636363636,128.613247373345
launch_cost_gbp_per_kg_to_staging_orbit,925.454545454545,system_specific_mass_kg_per_kw_delivered,6.11363636363636,139.136619345041
launch_cost_gbp_per_kg_to_staging_orbit,1038.63636363636,system_specific_mass_kg_per_kw_delivered,6.11363636363636,149.659991316737
launch_cost_gbp_per_kg_to_staging_orbit,1151.81818181818,system_specific_mass_kg_per_kw_delivered,6.11363636363636,160.183363288433
launch_cost_gbp_per_kg_to_staging_orbit,1265,system_specific_mass_kg_per_kw_delivered,6.11363636363636,170.706735260129
launch_cost_gbp_per_kg_to_staging_orbit,1378.18181818182,system_specific_mass_kg_per_kw_delivered,6.11363636363636,181.230107231825
launch_cost_gbp_per_kg_to_staging_orbit,1491.36363636364,system_specific_mass_kg_per_kw_delivered,6.11363636363636,191.753479203521
launch_cost_gbp_per_kg_to_staging_orbit,1604.54545454545,system_specific_mass_kg_per_kw_delivered,6.11363636363636,202.276851175217
launch_cost_gbp_per_kg_to_staging_orbit,1717.72727272727,system_specific_mass_kg_per_kw_delivered,6.11363636363636,212.800223146913
launch_cost_gbp_per_kg_to_staging_orbit,1830.90909090909,system_specific_mass_kg_per_kw_delivered,6.11363636363636,223.323595118609
launch_cost_gbp_per_kg_to_staging_orbit,1944.09090909091,system_specific_mass_kg_per_kw_delivered,6.11363636363636,233.846967090305
launch_cost_gbp_per_kg_to_staging_orbit,2057.27272727273,system_specific_mass_kg_per_kw_delivered,6.11363636363636,244.370339062001
launch_cost_gbp_per_kg_to_staging_orbit,2170.45454545455,system_specific_mass_kg_per_kw_delivered,6.11363636363636,254.893711033697
launch_cost_gbp_per_kg_to_staging_orbit,2283.63636363636,system_specific_mass_kg_per_kw_delivered,6.11363636363636,265.417083005393
launch_cost_gbp_per_kg_to_staging_orbit,2396.81818181818,system_specific_mass_kg_per_kw_delivered,6.11363636363636,275.94045497709
launch_cost_gbp_per_kg_to_staging_orbit,2510,system_specific_mass_kg_per_kw_delivered,6.11363636363636,286.463826948786
launch_cost_gbp_per_kg_to_staging_orbit,2623.18181818182,system_specific_mass_kg_per_kw_delivered,6.11363636363636,296.987198920482
launch_cost_gbp_per_kg_to_staging_orbit,2736.36363636364,system_specific_mass_kg_per_kw_delivered,6.11363636363636,307.510570892178
launch_cost_gbp_per_kg_to_staging_orbit,2849.54545454545,system_specific_mass_kg_per_kw_delivered,6.11363636363636,318.033942863874
launch_cost_gbp_per_kg_to_staging_orbit,2962.72727272727,system_specific_mass_kg_per_kw_delivered,6.11363636363636,328.55731483557
launch_cost_gbp_per_kg_to_staging_orbit,3075.90909090909,system_specific_mass_kg_per_kw_delivered,6.11363636363636,339.080686807266
launch_cost_gbp_per_kg_to_staging_orbit,3189.09090909091,system_specific_mass_kg_per_kw_delivered,6.11363636363636,349.604058778962
launch_cost_gbp_per_kg_to_staging_orbit,3302.27272727273,system_specific_mass_kg_per_kw_delivered,6.11363636363636,360.127430750658
launch_cost_gbp_per_kg_to_staging_orbit,3415.45454545455,system_specific_mass_kg_per_kw_delivered,6.11363636363636,370.650802722354
launch_cost_gbp_per_kg_to_staging_orbit,3528.63636363636,system_specific_mass_kg_per_kw_delivered,6.11363636363636,381.17417469405
launch_cost_gbp_per_kg_to_staging_orbit,3641.81818181818,system_specific_mass_kg_per_kw_delivered,6.11363636363636,391.697546665746
launch_cost_gbp_per_kg_to_staging_orbit,3755,system_specific_mass_kg_per_kw_delivered,6.11363636363636,402.220918637442
launch_cost_gbp_per_kg_to_staging_orbit,3868.18181818182,system_specific_mass_kg_per_kw_delivered,6.11363636363636,412.744290609138
launch_cost_gbp_per_kg_to_staging_orbit,3981.36363636364,system_specific_mass_kg_per_kw_delivered,6.11363636363636,423.267662580835
launch_cost_gbp_per_kg_to_staging_orbit,4094.54545454545,system_specific_mass_kg_per_kw_delivered,6.11363636363636,433.791034552531
launch_cost_gbp_per_kg_to_staging_orbit,4207.72727272727,system_specific_mass_kg_per_kw_delivered,6.11363636363636,444.314406524227
launch_cost_gbp_per_kg_to_staging_orbit,4320.90909090909,system_specific_mass_kg_per_kw_delivered,6.11363636363636,454.837778495923
launch_cost_gbp_per_kg_to_staging_orbit,4434.09090909091,system_specific_mass_kg_per_kw_delivered,6.11363636363636,465.361150467619
launch_cost_gbp_per_kg_to_staging_orbit,4547.27272727273,system_specific_mass_kg_per_kw_delivered,6.11363636363636,475.884522439315
launch_cost_gbp_per_kg_to_staging_orbit,4660.45454545455,system_specific_mass_kg_per_kw_delivered,6.11363636363636,486.407894411011
launch_cost_gbp_per_kg_to_staging_orbit,4773.63636363636,system_specific_mass_kg_per_kw_delivered,6.11363636363636,496.931266382707
launch_cost_gbp_per_kg_to_staging_orbit,4886.81818181818,system_specific_mass_kg_per_kw_delivered,6.11363636363636,507.454638354403
launch_cost_gbp_per_kg_to_staging_orbit,5000,system_specific_mass_kg_per_kw_delivered,6.11363636363636,517.978010326099
launch_cost_gbp_per_kg_to_staging_orbit,20,system_specific_mass_kg_per_kw_delivered,6.32954545454546,56.0003939595927
launch_cost_gbp_per_kg_to_staging_orbit,133.181818181818,system_specific_mass_kg_per_kw_delivered,6.32954545454546,66.8954091793598
launch_cost_gbp_per_kg_to_staging_orbit,246.363636363636,system_specific_mass_kg_per_kw_delivered,6.32954545454546,77.7904243991269
launch_cost_gbp_per_kg_to_staging_orbit,359.545454545455,system_specific_mass_kg_per_kw_delivered,6.32954545454546,88.685439618894
launch_cost_gbp_per_kg_to_staging_orbit,472.727272727273,system_specific_mass_kg_per_kw_delivered,6.32954545454546,99.5804548386612
launch_cost_gbp_per_kg_to_staging_orbit,585.909090909091,system_specific_mass_kg_per_kw_delivered,6.32954545454546,110.475470058428
launch_cost_gbp_per_kg_to_staging_orbit,699.090909090909,system_specific_mass_kg_per_kw_delivered,6.32954545454546,121.370485278195
launch_cost_gbp_per_kg_to_staging_orbit,812.272727272727,system_specific_mass_kg_per_kw_delivered,6.32954545454546,132.265500497963
launch_cost_gbp_per_kg_to_staging_orbit,925.454545454545,system_specific_mass_kg_per_kw_delivered,6.32954545454546,143.16051571773
launch_cost_gbp_per_kg_to_staging_orbit,1038.63636363636,system_specific_mass_kg_per_kw_delivered,6.32954545454546,154.055530937497
launch_cost_gbp_per_kg_to_staging_orbit,1151.81818181818,system_specific_mass_kg_per_kw_delivered,6.32954545454546,164.950546157264
launch_cost_gbp_per_kg_to_staging_orbit,1265,system_specific_mass_kg_per_kw_delivered,6.32954545454546,175.845561377031
launch_cost_gbp_per_kg_to_staging_orbit,1378.18181818182,system_specific_mass_kg_per_kw_delivered,6.32954545454546,186.740576596798
launch_cost_gbp_per_kg_to_staging_orbit,1491.36363636364,system_specific_mass_kg_per_kw_delivered,6.32954545454546,197.635591816565
launch_cost_gbp_per_kg_to_staging_orbit,1604.54545454545,system_specific_mass_kg_per_kw_delivered,6.32954545454546,208.530607036332
launch_cost_gbp_per_kg_to_staging_orbit,1717.72727272727,system_specific_mass_kg_per_kw_delivered,6.32954545454546,219.425622256099
launch_cost_gbp_per_kg_to_staging_orbit,1830.90909090909,system_specific_mass_kg_per_kw_delivered,6.32954545454546,230.320637475867
launch_cost_gbp_per_kg_to_staging_orbit,1944.09090909091,system_specific_mass_kg_per_kw_delivered,6.32954545454546,241.215652695634
launch_cost_gbp_per_kg_to_staging_orbit,2057.27272727273,system_specific_mass_kg_per_kw_delivered,6.32954545454546,252.110667915401
launch_cost_gbp_per_kg_to_staging_orbit,2170.45454545455,system_specific_mass_kg_per_kw_delivered,6.32954545454546,263.005683135168
launch_cost_gbp_per_kg_to_staging_orbit,2283.63636363636,system_specific_mass_kg_per_kw_delivered,6.32954545454546,273.900698354935
launch_cost_gbp_per_kg_to_staging_orbit,2396.81818181818,system_specific_mass_kg_per_kw_delivered,6.32954545454546,284.795713574702
launch_cost_gbp_per_kg_to_staging_orbit,2510,system_specific_mass_kg_per_kw_delivered,6.32954545454546,295.690728794469
launch_cost_gbp_per_kg_to_staging_orbit,2623.18181818182,system_specific_mass_kg_per_kw_delivered,6.32954545454546,306.585744014236
launch_cost_gbp_per_kg_to_staging_orbit,2736.36363636364,system_specific_mass_kg_per_kw_delivered,6.32954545454546,317.480759234004
launch_cost_gbp_per_kg_to_staging_orbit,2849.54545454545,system_specific_mass_kg_per_kw_delivered,6.32954545454546,328.375774453771
launch_cost_gbp_per_kg_to_staging_orbit,2962.72727272727,system_specific_mass_kg_per_kw_delivered,6.32954545454546,339.270789673538
launch_cost_gbp_per_kg_to_staging_orbit,3075.90909090909,system_specific_mass_kg_per_kw_delivered,6.32954545454546,350.165804893305
launch_cost_gbp_per_kg_to_staging_orbit,3189.09090909091,system_specific_mass_kg_per_kw_delivered,6.32954545454546,361.060820113072
launch_cost_gbp_per_kg_to_staging_orbit,3302.27272727273,system_specific_mass_kg_per_kw_delivered,6.32954545454546,371.955835332839
launch_cost_gbp_per_kg_to_staging_orbit,3415.45454545455,system_specific_mass_kg_per_kw_delivered,6.32954545454546,382.850850552606
launch_cost_gbp_per_kg_to_staging_orbit,3528.63636363636,system_specific_mass_kg_per_kw_delivered,6.32954545454546,393.745865772373
launch_cost_gbp_per_kg_to_staging_orbit,3641.81818181818,system_specific_mass_kg_per_kw_delivered,6.32954545454546,404.640880992141
launch_cost_gbp_per_kg_to_staging_orbit,3755,system_specific_mass_kg_per_kw_delivered,6.32954545454546,415.535896211908
launch_cost_gbp_per_kg_to_staging_orbit,3868.18181818182,system_specific_mass_kg_per_kw_delivered,6.32954545454546,426.430911431675
launch_cost_gbp_per_kg_to_staging_orbit,3981.36363636364,system_specific_mass_kg_per_kw_delivered,6.32954545454546,437.325926651442
launch_cost_gbp_per_kg_to_staging_orbit,4094.54545454545,system_specific_mass_kg_per_kw_delivered,6.32954545454546,448.220941871209
launch_cost_gbp_per_kg_to_staging_orbit,4207.72727272727,system_specific_mass_kg_per_kw_delivered,6.32954545454546,459.115957090976
launch_cost_gbp_per_kg_to_staging_orbit,4320.90909090909,system_specific_mass_kg_per_kw_delivered,6.32954545454546,470.010972310743
launch_cost_gbp_per_kg_to_staging_orbit,4434.09090909091,system_specific_mass_kg_per_kw_delivered,6.32954545454546,480.90598753051
launch_cost_gbp_per_kg_to_staging_orbit,4547.27272727273,system_specific_mass_kg_per_kw_delivered,6.32954545454546,491.801002750278
launch_cost_gbp_per_kg_to_staging_orbit,4660.45454545455,system_specific_mass_kg_per_kw_delivered,6.32954545454546,502.696017970045
launch_cost_gbp_per_kg_to_staging_orbit,4773.63636363636,system_specific_mass_kg_per_kw_delivered,6.32954545454546,513.591033189812
launch_cost_gbp_per_kg_to_staging_orbit,4886.81818181818,system_specific_mass_kg_per_kw_delivered,6.32954545454546,524.486048409579
launch_cost_gbp_per_kg_to_staging_orbit,5000,system_specific_mass_kg_per_kw_delivered,6.32954545454546,535.381063629346
launch_cost_gbp_per_kg_to_staging_orbit,20,system_specific_mass_kg_per_kw_delivered,6.54545454545455,57.0511443477132
launch_cost_gbp_per_kg_to_staging_orbit,133.181818181818,system_specific_mass_kg_per_kw_delivered,6.54545454545455,68.3178028155514
launch_cost_gbp_per_kg_to_staging_orbit,246.363636363636,system_specific_mass_kg_per_kw_delivered,6.54545454545455,79.5844612833896
launch_cost_gbp_per_kg_to_staging_orbit,359.545454545455,system_specific_mass_kg_per_kw_delivered,6.54545454545455,90.8511197512277
launch_cost_gbp_per_kg_to_staging_orbit,472.727272727273,system_specific_mass_kg_per_kw_delivered,6.54545454545455,102.117778219066
launch_cost_gbp_per_kg_to_staging_orbit,585.909090909091,system_specific_mass_kg_per_kw_delivered,6.54545454545455,113.384436686904
launch_cost_gbp_per_kg_to_staging_orbit,699.090909090909,system_specific_mass_kg_per_kw_delivered,6.54545454545455,124.651095154742
launch_cost_gbp_per_kg_to_staging_orbit,812.272727272727,system_specific_mass_kg_per_kw_delivered,6.54545454545455,135.91775362258
launch_cost_gbp_per_kg_to_staging_orbit,925.454545454545,system_specific_mass_kg_per_kw_delivered,6.54545454545455,147.184412090419
launch_cost_gbp_per_kg_to_staging_orbit,1038.63636363636,system_specific_mass_kg_per_kw_delivered,6.54545454545455,158.451070558257
launch_cost_gbp_per_kg_to_staging_orbit,1151.81818181818,system_specific_mass_kg_per_kw_delivered,6.54545454545455,169.717729026095
launch_cost_gbp_per_kg_to_staging_orbit,1265,system_specific_mass_kg_per_kw_delivered,6.54545454545455,180.984387493933
launch_cost_gbp_per_kg_to_staging_orbit,1378.18181818182,system_specific_mass_kg_per_kw_delivered,6.54545454545455,192.251045961771
launch_cost_gbp_per_kg_to_staging_orbit,1491.36363636364,system_specific_mass_kg_per_kw_delivered,6.54545454545455,203.517704429609
launch_cost_gbp_per_kg_to_staging_orbit,1604.54545454545,system_specific_mass_kg_per_kw_delivered,6.54545454545455,214.784362897448
launch_cost_gbp_per_kg_to_staging_orbit,1717.72727272727,system_specific_mass_kg_per_kw_delivered,6.54545454545455,226.051021365286
launch_cost_gbp_per_kg_to_staging_orbit,1830.90909090909,system_specific_mass_kg_per_kw_delivered,6.54545454545455,237.317679833124
launch_cost_gbp_per_kg_to_staging_orbit,1944.09090909091,system_specific_mass_kg_per_kw_delivered,6.54545454545455,248.584338300962
launch_cost_gbp_per_kg_to_staging_orbit,2057.27272727273,system_specific_mass_kg_per_kw_delivered,6.54545454545455,259.8509967688
launch_cost_gbp_per_kg_to_staging_orbit,2170.45454545455,system_specific_mass_kg_per_kw_delivered,6.54545454545455,271.117655236638
launch_cost_gbp_per_kg_to_staging_orbit,2283.63636363636,system_specific_mass_kg_per_kw_delivered,6.54545454545455,282.384313704477
launch_cost_gbp_per_kg_to_staging_orbit,2396.81818181818,system_specific_mass_kg_per_kw_delivered,6.54545454545455,293.650972172315
launch_cost_gbp_per_kg_to_staging_orbit,2510,system_specific_mass_kg_per_kw_delivered,6.54545454545455,304.917630640153
launch_cost_gbp_per_kg_to_staging_orbit,2623.18181818182,system_specific_mass_kg_per_kw_delivered,6.54545454545455,316.184289107991
launch_cost_gbp_per_kg_to_staging_orbit,2736.36363636364,system_specific_mass_kg_per_kw_delivered,6.54545454545455,327.450947575829
launch_cost_gbp_per_kg_to_staging_orbit,2849.54545454545,system_specific_mass_kg_per_kw_delivered,6.54545454545455,338.717606043668
launch_cost_gbp_per_kg_to_staging_orbit,2962.72727272727,system_specific_mass_kg_per_kw_delivered,6.54545454545455,349.984264511506
launch_cost_gbp_per_kg_to_staging_orbit,3075.90909090909,system_specific_mass_kg_per_kw_delivered,6.54545454545455,361.250922979344
launch_cost_gbp_per_kg_to_staging_orbit,3189.09090909091,system_specific_mass_kg_per_kw_delivered,6.54545454545455,372.517581447182
launch_cost_gbp_per_kg_to_staging_orbit,3302.27272727273,system_specific_mass_kg_per_kw_delivered,6.54545454545455,383.78423991502
launch_cost_gbp_per_kg_to_staging_orbit,3415.45454545455,system_specific_mass_kg_per_kw_delivered,6.54545454545455,395.050898382858
launch_cost_gbp_per_kg_to_staging_orbit,3528.63636363636,system_specific_mass_kg_per_kw_delivered,6.54545454545455,406.317556850697
launch_cost_gbp_per_kg_to_staging_orbit,3641.81818181818,system_specific_mass_kg_per_kw_delivered,6.54545454545455,417.584215318535
launch_cost_gbp_per_kg_to_staging_orbit,3755,system_specific_mass_kg_per_kw_delivered,6.54545454545455,428.850873786373
launch_cost_gbp_per_kg_to_staging_orbit,3868.18181818182,system_specific_mass_kg_per_kw_delivered,6.54545454545455,440.117532254211
launch_cost_gbp_per_kg_to_staging_orbit,3981.36363636364,system_specific_mass_kg_per_kw_delivered,6.54545454545455,451.384190722049
launch_cost_gbp_per_kg_to_staging_orbit,4094.54545454545,system_specific_mass_kg_per_kw_delivered,6.54545454545455,462.650849189888
launch_cost_gbp_per_kg_to_staging_orbit,4207.72727272727,system_specific_mass_kg_per_kw_delivered,6.54545454545455,473.917507657726
launch_cost_gbp_per_kg_to_staging_orbit,4320.90909090909,system_specific_mass_kg_per_kw_delivered,6.54545454545455,485.184166125564
launch_cost_gbp_per_kg_to_staging_orbit,4434.09090909091,system_specific_mass_kg_per_kw_delivered,6.54545454545455,496.450824593402
launch_cost_gbp_per_kg_to_staging_orbit,4547.27272727273,system_specific_mass_kg_per_kw_delivered,6.54545454545455,507.71748306124
launch_cost_gbp_per_kg_to_staging_orbit,4660.45454545455,system_specific_mass_kg_per_kw_delivered,6.54545454545455,518.984141529078
launch_cost_gbp_per_kg_to_staging_orbit,4773.63636363636,system_specific_mass_kg_per_kw_delivered,6.54545454545455,530.250799996916
launch_cost_gbp_per_kg_to_staging_orbit,4886.81818181818,system_specific_mass_kg_per_kw_delivered,6.54545454545455,541.517458464755
launch_cost_gbp_per_kg_to_staging_orbit,5000,system_specific_mass_kg_per_kw_delivered,6.54545454545455,552.784116932593
launch_cost_gbp_per_kg_to_staging_orbit,20,system_specific_mass_kg_per_kw_delivered,6.76136363636364,58.1018947358338
launch_cost_gbp_per_kg_to_staging_orbit,133.181818181818,system_specific_mass_kg_per_kw_delivered,6.76136363636364,69.740196451743
launch_cost_gbp_per_kg_to_staging_orbit,246.363636363636,system_specific_mass_kg_per_kw_delivered,6.76136363636364,81.3784981676522
launch_cost_gbp_per_kg_to_staging_orbit,359.545454545455,system_specific_mass_kg_per_kw_delivered,6.76136363636364,93.0167998835614
launch_cost_gbp_per_kg_to_staging_orbit,472.727272727273,system_specific_mass_kg_per_kw_delivered,6.76136363636364,104.655101599471
launch_cost_gbp_per_kg_to_staging_orbit,585.909090909091,system_specific_mass_kg_per_kw_delivered,6.76136363636364,116.29340331538
launch_cost_gbp_per_kg_to_staging_orbit,699.090909090909,system_specific_mass_kg_per_kw_delivered,6.76136363636364,127.931705031289
launch_cost_gbp_per_kg_to_staging_orbit,812.272727272727,system_specific_mass_kg_per_kw_delivered,6.76136363636364,139.570006747198
launch_cost_gbp_per_kg_to_staging_orbit,925.454545454545,system_specific_mass_kg_per_kw_delivered,6.76136363636364,151.208308463108
launch_cost_gbp_per_kg_to_staging_orbit,1038.63636363636,system_specific_mass_kg_per_kw_delivered,6.76136363636364,162.846610179017
launch_cost_gbp_per_kg_to_staging_orbit,1151.81818181818,system_specific_mass_kg_per_kw_delivered,6.76136363636364,174.484911894926
launch_cost_gbp_per_kg_to_staging_orbit,1265,system_specific_mass_kg_per_kw_delivered,6.76136363636364,186.123213610835
launch_cost_gbp_per_kg_to_staging_orbit,1378.18181818182,system_specific_mass_kg_per_kw_delivered,6.76136363636364,197.761515326744
launch_cost_gbp_per_kg_to_staging_orbit,1491.36363636364,system_specific_mass_kg_per_kw_delivered,6.76136363636364,209.399817042654
launch_cost_gbp_per_kg_to_staging_orbit,1604.54545454545,system_specific_mass_kg_per_kw_delivered,6.76136363636364,221.038118758563
launch_cost_gbp_per_kg_to_staging_orbit,1717.72727272727,system_specific_mass_kg_per_kw_delivered,6.76136363636364,232.676420474472
launch_cost_gbp_per_kg_to_staging_orbit,1830.90909090909,system_specific_mass_kg_per_kw_delivered,6.76136363636364,244.314722190381
launch_cost_gbp_per_kg_to_staging_orbit,1944.09090909091,system_specific_mass_kg_per_kw_delivered,6.76136363636364,255.953023906291
launch_cost_gbp_per_kg_to_staging_orbit,2057.27272727273,system_specific_mass_kg_per_kw_delivered,6.76136363636364,267.5913256222
launch_cost_gbp_per_kg_to_staging_orbit,2170.45454545455,system_specific_mass_kg_per_kw_delivered,6.76136363636364,279.229627338109
launch_cost_gbp_per_kg_to_staging_orbit,2283.63636363636,system_specific_mass_kg_per_kw_delivered,6.76136363636364,290.867929054018
launch_cost_gbp_per_kg_to_staging_orbit,2396.81818181818,system_specific_mass_kg_per_kw_delivered,6.76136363636364,302.506230769927
launch_cost_gbp_per_kg_to_staging_orbit,2510,system_specific_mass_kg_per_kw_delivered,6.76136363636364,314.144532485837
launch_cost_gbp_per_kg_to_staging_orbit,2623.18181818182,system_specific_mass_kg_per_kw_delivered,6.76136363636364,325.782834201746
launch_cost_gbp_per_kg_to_staging_orbit,2736.36363636364,system_specific_mass_kg_per_kw_delivered,6.76136363636364,337.421135917655
launch_cost_gbp_per_kg_to_staging_orbit,2849.54545454545,system_specific_mass_kg_per_kw_delivered,6.76136363636364,349.059437633564
launch_cost_gbp_per_kg_to_staging_orbit,2962.72727272727,system_specific_mass_kg_per_kw_delivered,6.76136363636364,360.697739349474
launch_cost_gbp_per_kg_to_staging_orbit,3075.90909090909,system_specific_mass_kg_per_kw_delivered,6.76136363636364,372.336041065383
launch_cost_gbp_per_kg_to_staging_orbit,3189.09090909091,system_specific_mass_kg_per_kw_delivered,6.76136363636364,383.974342781292
launch_cost_gbp_per_kg_to_staging_orbit,3302.27272727273,system_specific_mass_kg_per_kw_delivered,6.76136363636364,395.612644497201
launch_cost_gbp_per_kg_to_staging_orbit,3415.45454545455,system_specific_mass_kg_per_kw_delivered,6.76136363636364,407.25094621311
launch_cost_gbp_per_kg_to_staging_orbit,3528.63636363636,system_specific_mass_kg_per_kw_delivered,6.76136363636364,418.88924792902
launch_cost_gbp_per_kg_to_staging_orbit,3641.81818181818,system_specific_mass_kg_per_kw_delivered,6.76136363636364,430.527549644929
launch_cost_gbp_per_kg_to_staging_orbit,3755,system_specific_mass_kg_per_kw_delivered,6.76136363636364,442.165851360838
launch_cost_gbp_per_kg_to_staging_orbit,3868.18181818182,system_specific_mass_kg_per_kw_delivered,6.76136363636364,453.804153076747
launch_cost_gbp_per_kg_to_staging_orbit,3981.36363636364,system_specific_mass_kg_per_kw_delivered,6.76136363636364,465.442454792657
launch_cost_gbp_per_kg_to_staging_orbit,4094.54545454545,system_specific_mass_kg_per_kw_delivered,6.76136363636364,477.080756508566
launch_cost_gbp_per_kg_to_staging_orbit,4207.72727272727,system_specific_mass_kg_per_kw_delivered,6.76136363636364,488.719058224475
launch_cost_gbp_per_kg_to_staging_orbit,4320.90909090909,system_specific_mass_kg_per_kw_delivered,6.76136363636364,500.357359940384
launch_cost_gbp_per_kg_to_staging_orbit,4434.09090909091,system_specific_mass_kg_per_kw_delivered,6.76136363636364,511.995661656293
launch_cost_gbp_per_kg_to_staging_orbit,4547.27272727273,system_specific_mass_kg_per_kw_delivered,6.76136363636364,523.633963372203
launch_cost_gbp_per_kg_to_staging_orbit,4660.45454545455,system_specific_mass_kg_per_kw_delivered,6.76136363636364,535.272265088112
launch_cost_gbp_per_kg_to_staging_orbit,4773.63636363636,system_specific_mass_kg_per_kw_delivered,6.76136363636364,546.910566804021
launch_cost_gbp_per_kg_to_staging_orbit,4886.81818181818,system_specific_mass_kg_per_kw_delivered,6.76136363636364,558.54886851993
launch_cost_gbp_per_kg_to_staging_orbit,5000,system_specific_mass_kg_per_kw_delivered,6.76136363636364,570.18717023584
launch_cost_gbp_per_kg_to_staging_orbit,20,system_specific_mass_kg_per_kw_delivered,6.97727272727273,59.1526451239543
launch_cost_gbp_per_kg_to_staging_orbit,133.181818181818,system_specific_mass_kg_per_kw_delivered,6.97727272727273,71.1625900879346
launch_cost_gbp_per_kg_to_staging_orbit,246.363636363636,system_specific_mass_kg_per_kw_delivered,6.97727272727273,83.1725350519149
launch_cost_gbp_per_kg_to_staging_orbit,359.545454545455,system_specific_mass_kg_per_kw_delivered,6.97727272727273,95.1824800158952
launch_cost_gbp_per_kg_to_staging_orbit,472.727272727273,system_specific_mass_kg_per_kw_delivered,6.97727272727273,107.192424979875
launch_cost_gbp_per_kg_to_staging_orbit,585.909090909091,system_specific_mass_kg_per_kw_delivered,6.97727272727273,119.202369943856
launch_cost_gbp_per_kg_to_staging_orbit,699.090909090909,system_specific_mass_kg_per_kw_delivered,6.97727272727273,131.212314907836
launch_cost_gbp_per_kg_to_staging_orbit,812.272727272727,system_specific_mass_kg_per_kw_delivered,6.97727272727273,143.222259871816
launch_cost_gbp_per_kg_to_staging_orbit,925.454545454545,system_specific_mass_kg_per_kw_delivered,6.97727272727273,155.232204835797
launch_cost_gbp_per_kg_to_staging_orbit,1038.63636363636,system_specific_mass_kg_per_kw_delivered,6.97727272727273,167.242149799777
launch_cost_gbp_per_kg_to_staging_orbit,1151.81818181818,system_specific_mass_kg_per_kw_delivered,6.97727272727273,179.252094763757
launch_cost_gbp_per_kg_to_staging_orbit,1265,system_specific_mass_kg_per_kw_delivered,6.97727272727273,191.262039727737
launch_cost_gbp_per_kg_to_staging_orbit,1378.18181818182,system_specific_mass_kg_per_kw_delivered,6.97727272727273,203.271984691718
launch_cost_gbp_per_kg_to_staging_orbit,1491.36363636364,system_specific_mass_kg_per_kw_delivered,6.97727272727273,215.281929655698
launch_cost_gbp_per_kg_to_staging_orbit,1604.54545454545,system_specific_mass_kg_per_kw_delivered,6.97727272727273,227.291874619678
launch_cost_gbp_per_kg_to_staging_orbit,1717.72727272727,system_specific_mass_kg_per_kw_delivered,6.97727272727273,239.301819583658
launch_cost_gbp_per_kg_to_staging_orbit,1830.90909090909,system_specific_mass_kg_per_kw_delivered,6.97727272727273,251.311764547639
launch_cost_gbp_per_kg_to_staging_orbit,1944.09090909091,system_specific_mass_kg_per_kw_delivered,6.97727272727273,263.321709511619
launch_cost_gbp_per_kg_to_staging_orbit,2057.27272727273,system_specific_mass_kg_per_kw_delivered,6.97727272727273,275.331654475599
launch_cost_gbp_per_kg_to_staging_orbit,2170.45454545455,system_specific_mass_kg_per_kw_delivered,6.97727272727273,287.34159943958
launch_cost_gbp_per_kg_to_staging_orbit,2283.63636363636,system_specific_mass_kg_per_kw_delivered,6.97727272727273,299.35154440356
launch_cost_gbp_per_kg_to_staging_orbit,2396.81818181818,system_specific_mass_kg_per_kw_delivered,6.97727272727273,311.36148936754
launch_cost_gbp_per_kg_to_staging_orbit,2510,system_specific_mass_kg_per_kw_delivered,6.97727272727273,323.37143433152
launch_cost_gbp_per_kg_to_staging_orbit,2623.18181818182,system_specific_mass_kg_per_kw_delivered,6.97727272727273,335.381379295501
launch_cost_gbp_per_kg_to_staging_orbit,2736.36363636364,system_specific_mass_kg_per_kw_delivered,6.97727272727273,347.391324259481
launch_cost_gbp_per_kg_to_staging_orbit,2849.54545454545,system_specific_mass_kg_per_kw_delivered,6.97727272727273,359.401269223461
launch_cost_gbp_per_kg_to_staging_orbit,2962.72727272727,system_specific_mass_kg_per_kw_delivered,6.97727272727273,371.411214187441
launch_cost_gbp_per_kg_to_staging_orbit,3075.90909090909,system_specific_mass_kg_per_kw_delivered,6.97727272727273,383.421159151422
launch_cost_gbp_per_kg_to_staging_orbit,3189.09090909091,system_specific_mass_kg_per_kw_delivered,6.97727272727273,395.431104115402
launch_cost_gbp_per_kg_to_staging_orbit,3302.27272727273,system_specific_mass_kg_per_kw_delivered,6.97727272727273,407.441049079382
launch_cost_gbp_per_kg_to_staging_orbit,3415.45454545455,system_specific_mass_kg_per_kw_delivered,6.97727272727273,419.450994043363
launch_cost_gbp_per_kg_to_staging_orbit,3528.63636363636,system_specific_mass_kg_per_kw_delivered,6.97727272727273,431.460939007343
launch_cost_gbp_per_kg_to_staging_orbit,3641.81818181818,system_specific_mass_kg_per_kw_delivered,6.97727272727273,443.470883971323
launch_cost_gbp_per_kg_to_staging_orbit,3755,system_specific_mass_kg_per_kw_delivered,6.97727272727273,455.480828935303
launch_cost_gbp_per_kg_to_staging_orbit,3868.18181818182,system_specific_mass_kg_per_kw_delivered,6.97727272727273,467.490773899284
launch_cost_gbp_per_kg_to_staging_orbit,3981.36363636364,system_specific_mass_kg_per_kw_delivered,6.97727272727273,479.500718863264
launch_cost_gbp_per_kg_to_staging_orbit,4094.54545454545,system_specific_mass_kg_per_kw_delivered,6.97727272727273,491.510663827244
launch_cost_gbp_per_kg_to_staging_orbit,4207.72727272727,system_specific_mass_kg_per_kw_delivered,6.97727272727273,503.520608791225
launch_cost_gbp_per_kg_to_staging_orbit,4320.90909090909,system_specific_mass_kg_per_kw_delivered,6.97727272727273,515.530553755205
launch_cost_gbp_per_kg_to_staging_orbit,4434.09090909091,system_specific_mass_kg_per_kw_delivered,6.97727272727273,527.540498719185
launch_cost_gbp_per_kg_to_staging_orbit,4547.27272727273,system_specific_mass_kg_per_kw_delivered,6.97727272727273,539.550443683165
launch_cost_gbp_per_kg_to_staging_orbit,4660.45454545455,system_specific_mass_kg_per_kw_delivered,6.97727272727273,551.560388647146
launch_cost_gbp_per_kg_to_staging_orbit,4773.63636363636,system_specific_mass_kg_per_kw_delivered,6.97727272727273,563.570333611126
launch_cost_gbp_per_kg_to_staging_orbit,4886.81818181818,system_specific_mass_kg_per_kw_delivered,6.97727272727273,575.580278575106
launch_cost_gbp_per_kg_to_staging_orbit,5000,system_specific_mass_kg_per_kw_delivered,6.97727272727273,587.590223539086
launch_cost_gbp_per_kg_to_staging_orbit,20,system_specific_mass_kg_per_kw_delivered,7.19318181818182,60.2033955120749
launch_cost_gbp_per_kg_to_staging_orbit,133.181818181818,system_specific_mass_kg_per_kw_delivered,7.19318181818182,72.5849837241262
launch_cost_gbp_per_kg_to_staging_orbit,246.363636363636,system_specific_mass_kg_per_kw_delivered,7.19318181818182,84.9665719361775
launch_cost_gbp_per_kg_to_staging_orbit,359.545454545455,system_specific_mass_kg_per_kw_delivered,7.19318181818182,97.3481601482289
launch_cost_gbp_per_kg_to_staging_orbit,472.727272727273,system_specific_mass_kg_per_kw_delivered,7.19318181818182,109.72974836028
launch_cost_gbp_per_kg_to_staging_orbit,585.909090909091,system_specific_mass_kg_per_kw_delivered,7.19318181818182,122.111336572332
launch_cost_gbp_per_kg_to_staging_orbit,699.090909090909,system_specific_mass_kg_per_kw_delivered,7.19318181818182,134.492924784383
launch_cost_gbp_per_kg_to_staging_orbit,812.272727272727,system_specific_mass_kg_per_kw_delivered,7.19318181818182,146.874512996434
launch_cost_gbp_per_kg_to_staging_orbit,925.454545454545,system_specific_mass_kg_per_kw_delivered,7.19318181818182,159.256101208485
launch_cost_gbp_per_kg_to_staging_orbit,1038.63636363636,system_specific_mass_kg_per_kw_delivered,7.19318181818182,171.637689420537
launch_cost_gbp_per_kg_to_staging_orbit,1151.81818181818,system_specific_mass_kg_per_kw_delivered,7.19318181818182,184.019277632588
launch_cost_gbp_per_kg_to_staging_orbit,1265,system_specific_mass_kg_per_kw_delivered,7.19318181818182,196.400865844639
launch_cost_gbp_per_kg_to_staging_orbit,1378.18181818182,system_specific_mass_kg_per_kw_delivered,7.19318181818182,208.782454056691
launch_cost_gbp_per_kg_to_staging_orbit,1491.36363636364,system_specific_mass_kg_per_kw_delivered,7.19318181818182,221.164042268742
launch_cost_gbp_per_kg_to_staging_orbit,1604.54545454545,system_specific_mass_kg_per_kw_delivered,7.19318181818182,233.545630480793
launch_cost_gbp_per_kg_to_staging_orbit,1717.72727272727,system_specific_mass_kg_per_kw_delivered,7.19318181818182,245.927218692845
launch_cost_gbp_per_kg_to_staging_orbit,1830.90909090909,system_specific_mass_kg_per_kw_delivered,7.19318181818182,258.308806904896
launch_cost_gbp_per_kg_to_staging_orbit,1944.09090909091,system_specific_mass_kg_per_kw_delivered,7.19318181818182,270.690395116947
launch_cost_gbp_per_kg_to_staging_orbit,2057.27272727273,system_specific_mass_kg_per_kw_delivered,7.19318181818182,283.071983328999
launch_cost_gbp_per_kg_to_staging_orbit,2170.45454545455,system_specific_mass_kg_per_kw_delivered,7.19318181818182,295.45357154105
launch_cost_gbp_per_kg_to_staging_orbit,2283.63636363636,system_specific_mass_kg_per_kw_delivered,7.19318181818182,307.835159753101
launch_cost_gbp_per_kg_to_staging_orbit,2396.81818181818,system_specific_mass_kg_per_kw_delivered,7.19318181818182,320.216747965153
launch_cost_gbp_per_kg_to_staging_orbit,2510,system_specific_mass_kg_per_kw_delivered,7.19318181818182,332.598336177204
launch_cost_gbp_per_kg_to_staging_orbit,2623.18181818182,system_specific_mass_kg_per_kw_delivered,7.19318181818182,344.979924389255
launch_cost_gbp_per_kg_to_staging_orbit,2736.36363636364,system_specific_mass_kg_per_kw_delivered,7.19318181818182,357.361512601307
launch_cost_gbp_per_kg_to_staging_orbit,2849.54545454545,system_specific_mass_kg_per_kw_delivered,7.19318181818182,369.743100813358
launch_cost_gbp_per_kg_to_staging_orbit,2962.72727272727,system_specific_mass_kg_per_kw_delivered,7.19318181818182,382.124689025409
launch_cost_gbp_per_kg_to_staging_orbit,3075.90909090909,system_specific_mass_kg_per_kw_delivered,7.19318181818182,394.506277237461
launch_cost_gbp_per_kg_to_staging_orbit,3189.09090909091,system_specific_mass_kg_per_kw_delivered,7.19318181818182,406.887865449512
launch_cost_gbp_per_kg_to_staging_orbit,3302.27272727273,system_specific_mass_kg_per_kw_delivered,7.19318181818182,419.269453661563
launch_cost_gbp_per_kg_to_staging_orbit,3415.45454545455,system_specific_mass_kg_per_kw_delivered,7.19318181818182,431.651041873615
launch_cost_gbp_per_kg_to_staging_orbit,3528.63636363636,system_specific_mass_kg_per_kw_delivered,7.19318181818182,444.032630085666
launch_cost_gbp_per_kg_to_staging_orbit,3641.81818181818,system_specific_mass_kg_per_kw_delivered,7.19318181818182,456.414218297717
launch_cost_gbp_per_kg_to_staging_orbit,3755,system_specific_mass_kg_per_kw_delivered,7.19318181818182,468.795806509769
launch_cost_gbp_per_kg_to_staging_orbit,3868.18181818182,system_specific_mass_kg_per_kw_delivered,7.19318181818182,481.17739472182
launch_cost_gbp_per_kg_to_staging_orbit,3981.36363636364,system_specific_mass_kg_per_kw_delivered,7.19318181818182,493.558982933871
launch_cost_gbp_per_kg_to_staging_orbit,4094.54545454545,system_specific_mass_kg_per_kw_delivered,7.19318181818182,505.940571145923
launch_cost_gbp_per_kg_to_staging_orbit,4207.72727272727,system_specific_mass_kg_per_kw_delivered,7.19318181818182,518.322159357974
launch_cost_gbp_per_kg_to_staging_orbit,4320.90909090909,system_specific_mass_kg_per_kw_delivered,7.19318181818182,530.703747570025
launch_cost_gbp_per_kg_to_staging_orbit,4434.09090909091,system_specific_mass_kg_per_kw_delivered,7.19318181818182,543.085335782077
launch_cost_gbp_per_kg_to_staging_orbit,4547.27272727273,system_specific_mass_kg_per_kw_delivered,7.19318181818182,555.466923994128
launch_cost_gbp_per_kg_to_staging_orbit,4660.45454545455,system_specific_mass_kg_per_kw_delivered,7.19318181818182,567.848512206179
launch_cost_gbp_per_kg_to_staging_orbit,4773.63636363636,system_specific_mass_kg_per_kw_delivered,7.19318181818182,580.230100418231
launch_cost_gbp_per_kg_to_staging_orbit,4886.81818181818,system_specific_mass_kg_per_kw_delivered,7.19318181818182,592.611688630282
launch_cost_gbp_per_kg_to_staging_orbit,5000,system_specific_mass_kg_per_kw_delivered,7.19318181818182,604.993276842333
launch_cost_gbp_per_kg_to_staging_orbit,20,system_specific_mass_kg_per_kw_delivered,7.40909090909091,61.2541459001955
launch_cost_gbp_per_kg_to_staging_orbit,133.181818181818,system_specific_mass_kg_per_kw_delivered,7.40909090909091,74.0073773603178
launch_cost_gbp_per_kg_to_staging_orbit,246.363636363636,system_specific_mass_kg_per_kw_delivered,7.40909090909091,86.7606088204402
launch_cost_gbp_per_kg_to_staging_orbit,359.545454545455,system_specific_mass_kg_per_kw_delivered,7.40909090909091,99.5138402805626
launch_cost_gbp_per_kg_to_staging_orbit,472.727272727273,system_specific_mass_kg_per_kw_delivered,7.40909090909091,112.267071740685
launch_cost_gbp_per_kg_to_staging_orbit,585.909090909091,system_specific_mass_kg_per_kw_delivered,7.40909090909091,125.020303200807
launch_cost_gbp_per_kg_to_staging_orbit,699.090909090909,system_specific_mass_kg_per_kw_delivered,7.40909090909091,137.77353466093
launch_cost_gbp_per_kg_to_staging_orbit,812.272727272727,system_specific_mass_kg_per_kw_delivered,7.40909090909091,150.526766121052
launch_cost_gbp_per_kg_to_staging_orbit,925.454545454545,system_specific_mass_kg_per_kw_delivered,7.40909090909091,163.279997581174
launch_cost_gbp_per_kg_to_staging_orbit,1038.63636363636,system_specific_mass_kg_per_kw_delivered,7.40909090909091,176.033229041297
launch_cost_gbp_per_kg_to_staging_orbit,1151.81818181818,system_specific_mass_kg_per_kw_delivered,7.40909090909091,188.786460501419
launch_cost_gbp_per_kg_to_staging_orbit,1265,system_specific_mass_kg_per_kw_delivered,7.40909090909091,201.539691961542
launch_cost_gbp_per_kg_to_staging_orbit,1378.18181818182,system_specific_mass_kg_per_kw_delivered,7.40909090909091,214.292923421664
launch_cost_gbp_per_kg_to_staging_orbit,1491.36363636364,system_specific_mass_kg_per_kw_delivered,7.40909090909091,227.046154881786
launch_cost_gbp_per_kg_to_staging_orbit,1604.54545454545,system_specific_mass_kg_per_kw_delivered,7.40909090909091,239.799386341909
launch_cost_gbp_per_kg_to_staging_orbit,1717.72727272727,system_specific_mass_kg_per_kw_delivered,7.40909090909091,252.552617802031
launch_cost_gbp_per_kg_to_staging_orbit,1830.90909090909,system_specific_mass_kg_per_kw_delivered,7.40909090909091,265.305849262154
launch_cost_gbp_per_kg_to_staging_orbit,1944.09090909091,system_specific_mass_kg_per_kw_delivered,7.40909090909091,278.059080722276
launch_cost_gbp_per_kg_to_staging_orbit,2057.27272727273,system_specific_mass_kg_per_kw_delivered,7.40909090909091,290.812312182398
launch_cost_gbp_per_kg_to_staging_orbit,2170.45454545455,system_specific_mass_kg_per_kw_delivered,7.40909090909091,303.565543642521
launch_cost_gbp_per_kg_to_staging_orbit,2283.63636363636,system_specific_mass_kg_per_kw_delivered,7.40909090909091,316.318775102643
launch_cost_gbp_per_kg_to_staging_orbit,2396.81818181818,system_specific_mass_kg_per_kw_delivered,7.40909090909091,329.072006562765
launch_cost_gbp_per_kg_to_staging_orbit,2510,system_specific_mass_kg_per_kw_delivered,7.40909090909091,341.825238022888
launch_cost_gbp_per_kg_to_staging_orbit,2623.18181818182,system_specific_mass_kg_per_kw_delivered,7.40909090909091,354.57846948301
launch_cost_gbp_per_kg_to_staging_orbit,2736.36363636364,system_specific_mass_kg_per_kw_delivered,7.40909090909091,367.331700943133
launch_cost_gbp_per_kg_to_staging_orbit,2849.54545454545,system_specific_mass_kg_per_kw_delivered,7.40909090909091,380.084932403255
launch_cost_gbp_per_kg_to_staging_orbit,2962.72727272727,system_specific_mass_kg_per_kw_delivered,7.40909090909091,392.838163863377
launch_cost_gbp_per_kg_to_staging_orbit,3075.90909090909,system_specific_mass_kg_per_kw_delivered,7.40909090909091,405.5913953235
launch_cost_gbp_per_kg_to_staging_orbit,3189.09090909091,system_specific_mass_kg_per_kw_delivered,7.40909090909091,418.344626783622
launch_cost_gbp_per_kg_to_staging_orbit,3302.27272727273,system_specific_mass_kg_per_kw_delivered,7.40909090909091,431.097858243744
launch_cost_gbp_per_kg_to_staging_orbit,3415.45454545455,system_specific_mass_kg_per_kw_delivered,7.40909090909091,443.851089703867
launch_cost_gbp_per_kg_to_staging_orbit,3528.63636363636,system_specific_mass_kg_per_kw_delivered,7.40909090909091,456.604321163989
launch_cost_gbp_per_kg_to_staging_orbit,3641.81818181818,system_specific_mass_kg_per_kw_delivered,7.40909090909091,469.357552624112
launch_cost_gbp_per_kg_to_staging_orbit,3755,system_specific_mass_kg_per_kw_delivered,7.40909090909091,482.110784084234
launch_cost_gbp_per_kg_to_staging_orbit,3868.18181818182,system_specific_mass_kg_per_kw_delivered,7.40909090909091,494.864015544356
launch_cost_gbp_per_kg_to_staging_orbit,3981.36363636364,system_specific_mass_kg_per_kw_delivered,7.40909090909091,507.617247004479
launch_cost_gbp_per_kg_to_staging_orbit,4094.54545454545,system_specific_mass_kg_per_kw_delivered,7.40909090909091,520.370478464601
launch_cost_gbp_per_kg_to_staging_orbit,4207.72727272727,system_specific_mass_kg_per_kw_delivered,7.40909090909091,533.123709924723
launch_cost_gbp_per_kg_to_staging_orbit,4320.90909090909,system_specific_mass_kg_per_kw_delivered,7.40909090909091,545.876941384846
launch_cost_gbp_per_kg_to_staging_orbit,4434.09090909091,system_specific_mass_kg_per_kw_delivered,7.40909090909091,558.630172844968
launch_cost_gbp_per_kg_to_staging_orbit,4547.27272727273,system_specific_mass_kg_per_kw_delivered,7.40909090909091,571.38340430509
launch_cost_gbp_per_kg_to_staging_orbit,4660.45454545455,system_specific_mass_kg_per_kw_delivered,7.40909090909091,584.136635765213
launch_cost_gbp_per_kg_to_staging_orbit,4773.63636363636,system_specific_mass_kg_per_kw_delivered,7.40909090909091,596.889867225335
launch_cost_gbp_per_kg_to_staging_orbit,4886.81818181818,system_specific_mass_kg_per_kw_delivered,7.40909090909091,609.643098685458
launch_cost_gbp_per_kg_to_staging_orbit,5000,system_specific_mass_kg_per_kw_delivered,7.40909090909091,622.39633014558
launch_cost_gbp_per_kg_to_staging_orbit,20,system_specific_mass_kg_per_kw_delivered,7.625,62.304896288316
launch_cost_gbp_per_kg_to_staging_orbit,133.181818181818,system_specific_mass_kg_per_kw_delivered,7.625,75.4297709965094
launch_cost_gbp_per_kg_to_staging_orbit,246.363636363636,system_specific_mass_kg_per_kw_delivered,7.625,88.5546457047029
launch_cost_gbp_per_kg_to_staging_orbit,359.545454545455,system_specific_mass_kg_per_kw_delivered,7.625,101.679520412896
launch_cost_gbp_per_kg_to_staging_orbit,472.727272727273,system_specific_mass_kg_per_kw_delivered,7.625,114.80439512109
launch_cost_gbp_per_kg_to_staging_orbit,585.909090909091,system_specific_mass_kg_per_kw_delivered,7.625,127.929269829283
launch_cost_gbp_per_kg_to_staging_orbit,699.090909090909,system_specific_mass_kg_per_kw_delivered,7.625,141.054144537477
launch_cost_gbp_per_kg_to_staging_orbit,812.272727272727,system_specific_mass_kg_per_kw_delivered,7.625,154.17901924567
launch_cost_gbp_per_kg_to_staging_orbit,925.454545454545,system_specific_mass_kg_per_kw_delivered,7.625,167.303893953863
launch_cost_gbp_per_kg_to_staging_orbit,1038.63636363636,system_specific_mass_kg_per_kw_delivered,7.625,180.428768662057
launch_cost_gbp_per_kg_to_staging_orbit,1151.81818181818,system_specific_mass_kg_per_kw_delivered,7.625,193.55364337025
launch_cost_gbp_per_kg_to_staging_orbit,1265,system_specific_mass_kg_per_kw_delivered,7.625,206.678518078444
launch_cost_gbp_per_kg_to_staging_orbit,1378.18181818182,system_specific_mass_kg_per_kw_delivered,7.625,219.803392786637
launch_cost_gbp_per_kg_to_staging_orbit,1491.36363636364,system_specific_mass_kg_per_kw_delivered,7.625,232.928267494831
launch_cost_gbp_per_kg_to_staging_orbit,1604.54545454545,system_specific_mass_kg_per_kw_delivered,7.625,246.053142203024
launch_cost_gbp_per_kg_to_staging_orbit,1717.72727272727,system_specific_mass_kg_per_kw_delivered,7.625,259.178016911217
launch_cost_gbp_per_kg_to_staging_orbit,1830.90909090909,system_specific_mass_kg_per_kw_delivered,7.625,272.302891619411
launch_cost_gbp_per_kg_to_staging_orbit,1944.09090909091,system_specific_mass_kg_per_kw_delivered,7.625,285.427766327604
launch_cost_gbp_per_kg_to_staging_orbit,2057.27272727273,system_specific_mass_kg_per_kw_delivered,7.625,298.552641035798
launch_cost_gbp_per_kg_to_staging_orbit,2170.45454545455,system_specific_mass_kg_per_kw_delivered,7.625,311.677515743991
launch_cost_gbp_per_kg_to_staging_orbit,2283.63636363636,system_specific_mass_kg_per_kw_delivered,7.625,324.802390452185
launch_cost_gbp_per_kg_to_staging_orbit,2396.81818181818,system_specific_mass_kg_per_kw_delivered,7.625,337.927265160378
launch_cost_gbp_per_kg_to_staging_orbit,2510,system_specific_mass_kg_per_kw_delivered,7.625,351.052139868571
launch_cost_gbp_per_kg_to_staging_orbit,2623.18181818182,system_specific_mass_kg_per_kw_delivered,7.625,364.177014576765
launch_cost_gbp_per_kg_to_staging_orbit,2736.36363636364,system_specific_mass_kg_per_kw_delivered,7.625,377.301889284958
launch_cost_gbp_per_kg_to_staging_orbit,2849.54545454545,system_specific_mass_kg_per_kw_delivered,7.625,390.426763993152
launch_cost_gbp_per_kg_to_staging_orbit,2962.72727272727,system_specific_mass_kg_per_kw_delivered,7.625,403.551638701345
launch_cost_gbp_per_kg_to_staging_orbit,3075.90909090909,system_specific_mass_kg_per_kw_delivered,7.625,416.676513409539
launch_cost_gbp_per_kg_to_staging_orbit,3189.09090909091,system_specific_mass_kg_per_kw_delivered,7.625,429.801388117732
launch_cost_gbp_per_kg_to_staging_orbit,3302.27272727273,system_specific_mass_kg_per_kw_delivered,7.625,442.926262825926
launch_cost_gbp_per_kg_to_staging_orbit,3415.45454545455,system_specific_mass_kg_per_kw_delivered,7.625,456.051137534119
launch_cost_gbp_per_kg_to_staging_orbit,3528.63636363636,system_specific_mass_kg_per_kw_delivered,7.625,469.176012242312
launch_cost_gbp_per_kg_to_staging_orbit,3641.81818181818,system_specific_mass_kg_per_kw_delivered,7.625,482.300886950506
launch_cost_gbp_per_kg_to_staging_orbit,3755,system_specific_mass_kg_per_kw_delivered,7.625,495.425761658699
launch_cost_gbp_per_kg_to_staging_orbit,3868.18181818182,system_specific_mass_kg_per_kw_delivered,7.625,508.550636366893
launch_cost_gbp_per_kg_to_staging_orbit,3981.36363636364,system_specific_mass_kg_per_kw_delivered,7.625,521.675511075086
launch_cost_gbp_per_kg_to_staging_orbit,4094.54545454545,system_specific_mass_kg_per_kw_delivered,7.625,534.800385783279
launch_cost_gbp_per_kg_to_staging_orbit,4207.72727272727,system_specific_mass_kg_per_kw_delivered,7.625,547.925260491473
launch_cost_gbp_per_kg_to_staging_orbit,4320.90909090909,system_specific_mass_kg_per_kw_delivered,7.625,561.050135199666
launch_cost_gbp_per_kg_to_staging_orbit,4434.09090909091,system_specific_mass_kg_per_kw_delivered,7.625,574.17500990786
launch_cost_gbp_per_kg_to_staging_orbit,4547.27272727273,system_specific_mass_kg_per_kw_delivered,7.625,587.299884616053
launch_cost_gbp_per_kg_to_staging_orbit,4660.45454545455,system_specific_mass_kg_per_kw_delivered,7.625,600.424759324246
launch_cost_gbp_per_kg_to_staging_orbit,4773.63636363636,system_specific_mass_kg_per_kw_delivered,7.625,613.54963403244
launch_cost_gbp_per_kg_to_staging_orbit,4886.81818181818,system_specific_mass_kg_per_kw_delivered,7.625,626.674508740633
launch_cost_gbp_per_kg_to_staging_orbit,5000,system_specific_mass_kg_per_kw_delivered,7.625,639.799383448827
launch_cost_gbp_per_kg_to_staging_orbit,20,system_specific_mass_kg_per_kw_delivered,7.84090909090909,63.3556466764366
launch_cost_gbp_per_kg_to_staging_orbit,133.181818181818,system_specific_mass_kg_per_kw_delivered,7.84090909090909,76.8521646327011
launch_cost_gbp_per_kg_to_staging_orbit,246.363636363636,system_specific_mass_kg_per_kw_delivered,7.84090909090909,90.3486825889655
launch_cost_gbp_per_kg_to_staging_orbit,359.545454545455,system_specific_mass_kg_per_kw_delivered,7.84090909090909,103.84520054523
launch_cost_gbp_per_kg_to_staging_orbit,472.727272727273,system_specific_mass_kg_per_kw_delivered,7.84090909090909,117.341718501494
launch_cost_gbp_per_kg_to_staging_orbit,585.909090909091,system_specific_mass_kg_per_kw_delivered,7.84090909090909,130.838236457759
launch_cost_gbp_per_kg_to_staging_orbit,699.090909090909,system_specific_mass_kg_per_kw_delivered,7.84090909090909,144.334754414023
launch_cost_gbp_per_kg_to_staging_orbit,812.272727272727,system_specific_mass_kg_per_kw_delivered,7.84090909090909,157.831272370288
launch_cost_gbp_per_kg_to_staging_orbit,925.454545454545,system_specific_mass_kg_per_kw_delivered,7.84090909090909,171.327790326552
launch_cost_gbp_per_kg_to_staging_orbit,1038.63636363636,system_specific_mass_kg_per_kw_delivered,7.84090909090909,184.824308282817
launch_cost_gbp_per_kg_to_staging_orbit,1151.81818181818,system_specific_mass_kg_per_kw_delivered,7.84090909090909,198.320826239081
launch_cost_gbp_per_kg_to_staging_orbit,1265,system_specific_mass_kg_per_kw_delivered,7.84090909090909,211.817344195346
launch_cost_gbp_per_kg_to_staging_orbit,1378.18181818182,system_specific_mass_kg_per_kw_delivered,7.84090909090909,225.31386215161
launch_cost_gbp_per_kg_to_staging_orbit,1491.36363636364,system_specific_mass_kg_per_kw_delivered,7.84090909090909,238.810380107875
launch_cost_gbp_per_kg_to_staging_orbit,1604.54545454545,system_specific_mass_kg_per_kw_delivered,7.84090909090909,252.306898064139
launch_cost_gbp_per_kg_to_staging_orbit,1717.72727272727,system_specific_mass_kg_per_kw_delivered,7.84090909090909,265.803416020404
launch_cost_gbp_per_kg_to_staging_orbit,1830.90909090909,system_specific_mass_kg_per_kw_delivered,7.84090909090909,279.299933976668
launch_cost_gbp_per_kg_to_staging_orbit,1944.09090909091,system_specific_mass_kg_per_kw_delivered,7.84090909090909,292.796451932933
launch_cost_gbp_per_kg_to_staging_orbit,2057.27272727273,system_specific_mass_kg_per_kw_delivered,7.84090909090909,306.292969889197
launch_cost_gbp_per_kg_to_staging_orbit,2170.45454545455,system_specific_mass_kg_per_kw_delivered,7.84090909090909,319.789487845462
launch_cost_gbp_per_kg_to_staging_orbit,2283.63636363636,system_specific_mass_kg_per_kw_delivered,7.84090909090909,333.286005801726
launch_cost_gbp_per_kg_to_staging_orbit,2396.81818181818,system_specific_mass_kg_per_kw_delivered,7.84090909090909,346.782523757991
launch_cost_gbp_per_kg_to_staging_orbit,2510,system_specific_mass_kg_per_kw_delivered,7.84090909090909,360.279041714255
launch_cost_gbp_per_kg_to_staging_orbit,2623.18181818182,system_specific_mass_kg_per_kw_delivered,7.84090909090909,373.77555967052
launch_cost_gbp_per_kg_to_staging_orbit,2736.36363636364,system_specific_mass_kg_per_kw_delivered,7.84090909090909,387.272077626784
launch_cost_gbp_per_kg_to_staging_orbit,2849.54545454545,system_specific_mass_kg_per_kw_delivered,7.84090909090909,400.768595583048
launch_cost_gbp_per_kg_to_staging_orbit,2962.72727272727,system_specific_mass_kg_per_kw_delivered,7.84090909090909,414.265113539313
launch_cost_gbp_per_kg_to_staging_orbit,3075.90909090909,system_specific_mass_kg_per_kw_delivered,7.84090909090909,427.761631495577
launch_cost_gbp_per_kg_to_staging_orbit,3189.09090909091,system_specific_mass_kg_per_kw_delivered,7.84090909090909,441.258149451842
launch_cost_gbp_per_kg_to_staging_orbit,3302.27272727273,system_specific_mass_kg_per_kw_delivered,7.84090909090909,454.754667408106
launch_cost_gbp_per_kg_to_staging_orbit,3415.45454545455,system_specific_mass_kg_per_kw_delivered,7.84090909090909,468.251185364371
launch_cost_gbp_per_kg_to_staging_orbit,3528.63636363636,system_specific_mass_kg_per_kw_delivered,7.84090909090909,481.747703320635
launch_cost_gbp_per_kg_to_staging_orbit,3641.81818181818,system_specific_mass_kg_per_kw_delivered,7.84090909090909,495.2442212769
launch_cost_gbp_per_kg_to_staging_orbit,3755,system_specific_mass_kg_per_kw_delivered,7.84090909090909,508.740739233164
launch_cost_gbp_per_kg_to_staging_orbit,3868.18181818182,system_specific_mass_kg_per_kw_delivered,7.84090909090909,522.237257189429
launch_cost_gbp_per_kg_to_staging_orbit,3981.36363636364,system_specific_mass_kg_per_kw_delivered,7.84090909090909,535.733775145693
launch_cost_gbp_per_kg_to_staging_orbit,4094.54545454545,system_specific_mass_kg_per_kw_delivered,7.84090909090909,549.230293101958
launch_cost_gbp_per_kg_to_staging_orbit,4207.72727272727,system_specific_mass_kg_per_kw_delivered,7.84090909090909,562.726811058222
launch_cost_gbp_per_kg_to_staging_orbit,4320.90909090909,system_specific_mass_kg_per_kw_delivered,7.84090909090909,576.223329014487
launch_cost_gbp_per_kg_to_staging_orbit,4434.09090909091,system_specific_mass_kg_per_kw_delivered,7.84090909090909,589.719846970751
launch_cost_gbp_per_kg_to_staging_orbit,4547.27272727273,system_specific_mass_kg_per_kw_delivered,7.84090909090909,603.216364927016
launch_cost_gbp_per_kg_to_staging_orbit,4660.45454545455,system_specific_mass_kg_per_kw_delivered,7.84090909090909,616.71288288328
launch_cost_gbp_per_kg_to_staging_orbit,4773.63636363636,system_specific_mass_kg_per_kw_delivered,7.84090909090909,630.209400839545
launch_cost_gbp_per_kg_to_staging_orbit,4886.81818181818,system_specific_mass_kg_per_kw_delivered,7.84090909090909,643.705918795809
launch_cost_gbp_per_kg_to_staging_orbit,5000,system_specific_mass_kg_per_kw_delivered,7.84090909090909,657.202436752073
launch_cost_gbp_per_kg_to_staging_orbit,20,system_specific_mass_kg_per_kw_delivered,8.05681818181818,64.4063970645571
launch_cost_gbp_per_kg_to_staging_orbit,133.181818181818,system_specific_mass_kg_per_kw_delivered,8.05681818181818,78.2745582688927
launch_cost_gbp_per_kg_to_staging_orbit,246.363636363636,system_specific_mass_kg_per_kw_delivered,8.05681818181818,92.1427194732282
launch_cost_gbp_per_kg_to_staging_orbit,359.545454545455,system_specific_mass_kg_per_kw_delivered,8.05681818181818,106.010880677564
launch_cost_gbp_per_kg_to_staging_orbit,472.727272727273,system_specific_mass_kg_per_kw_delivered,8.05681818181818,119.879041881899
launch_cost_gbp_per_kg_to_staging_orbit,585.909090909091,system_specific_mass_kg_per_kw_delivered,8.05681818181818,133.747203086235
launch_cost_gbp_per_kg_to_staging_orbit,699.090909090909,system_specific_mass_kg_per_kw_delivered,8.05681818181818,147.61536429057
launch_cost_gbp_per_kg_to_staging_orbit,812.272727272727,system_specific_mass_kg_per_kw_delivered,8.05681818181818,161.483525494906
launch_cost_gbp_per_kg_to_staging_orbit,925.454545454545,system_specific_mass_kg_per_kw_delivered,8.05681818181818,175.351686699241
launch_cost_gbp_per_kg_to_staging_orbit,1038.63636363636,system_specific_mass_kg_per_kw_delivered,8.05681818181818,189.219847903577
launch_cost_gbp_per_kg_to_staging_orbit,1151.81818181818,system_specific_mass_kg_per_kw_delivered,8.05681818181818,203.088009107912
launch_cost_gbp_per_kg_to_staging_orbit,1265,system_specific_mass_kg_per_kw_delivered,8.05681818181818,216.956170312248
launch_cost_gbp_per_kg_to_staging_orbit,1378.18181818182,system_specific_mass_kg_per_kw_delivered,8.05681818181818,230.824331516583
launch_cost_gbp_per_kg_to_staging_orbit,1491.36363636364,system_specific_mass_kg_per_kw_delivered,8.05681818181818,244.692492720919
launch_cost_gbp_per_kg_to_staging_orbit,1604.54545454545,system_specific_mass_kg_per_kw_delivered,8.05681818181818,258.560653925254
launch_cost_gbp_per_kg_to_staging_orbit,1717.72727272727,system_specific_mass_kg_per_kw_delivered,8.05681818181818,272.42881512959
launch_cost_gbp_per_kg_to_staging_orbit,1830.90909090909,system_specific_mass_kg_per_kw_delivered,8.05681818181818,286.296976333926
launch_cost_gbp_per_kg_to_staging_orbit,1944.09090909091,system_specific_mass_kg_per_kw_delivered,8.05681818181818,300.165137538261
launch_cost_gbp_per_kg_to_staging_orbit,2057.27272727273,system_specific_mass_kg_per_kw_delivered,8.05681818181818,314.033298742597
launch_cost_gbp_per_kg_to_staging_orbit,2170.45454545455,system_specific_mass_kg_per_kw_delivered,8.05681818181818,327.901459946932
launch_cost_gbp_per_kg_to_staging_orbit,2283.63636363636,system_specific_mass_kg_per_kw_delivered,8.05681818181818,341.769621151268
launch_cost_gbp_per_kg_to_staging_orbit,2396.81818181818,system_specific_mass_kg_per_kw_delivered,8.05681818181818,355.637782355603
launch_cost_gbp_per_kg_to_staging_orbit,2510,system_specific_mass_kg_per_kw_delivered,8.05681818181818,369.505943559939
launch_cost_gbp_per_kg_to_staging_orbit,2623.18181818182,system_specific_mass_kg_per_kw_delivered,8.05681818181818,383.374104764274
launch_cost_gbp_per_kg_to_staging_orbit,2736.36363636364,system_specific_mass_kg_per_kw_delivered,8.05681818181818,397.24226596861
launch_cost_gbp_per_kg_to_staging_orbit,2849.54545454545,system_specific_mass_kg_per_kw_delivered,8.05681818181818,411.110427172945
launch_cost_gbp_per_kg_to_staging_orbit,2962.72727272727,system_specific_mass_kg_per_kw_delivered,8.05681818181818,424.978588377281
launch_cost_gbp_per_kg_to_staging_orbit,3075.90909090909,system_specific_mass_kg_per_kw_delivered,8.05681818181818,438.846749581616
launch_cost_gbp_per_kg_to_staging_orbit,3189.09090909091,system_specific_mass_kg_per_kw_delivered,8.05681818181818,452.714910785952
launch_cost_gbp_per_kg_to_staging_orbit,3302.27272727273,system_specific_mass_kg_per_kw_delivered,8.05681818181818,466.583071990287
launch_cost_gbp_per_kg_to_staging_orbit,3415.45454545455,system_specific_mass_kg_per_kw_delivered,8.05681818181818,480.451233194623
launch_cost_gbp_per_kg_to_staging_orbit,3528.63636363636,system_specific_mass_kg_per_kw_delivered,8.05681818181818,494.319394398959
launch_cost_gbp_per_kg_to_staging_orbit,3641.81818181818,system_specific_mass_kg_per_kw_delivered,8.05681818181818,508.187555603294
launch_cost_gbp_per_kg_to_staging_orbit,3755,system_specific_mass_kg_per_kw_delivered,8.05681818181818,522.05571680763
launch_cost_gbp_per_kg_to_staging_orbit,3868.18181818182,system_specific_mass_kg_per_kw_delivered,8.05681818181818,535.923878011965
launch_cost_gbp_per_kg_to_staging_orbit,3981.36363636364,system_specific_mass_kg_per_kw_delivered,8.05681818181818,549.792039216301
launch_cost_gbp_per_kg_to_staging_orbit,4094.54545454545,system_specific_mass_kg_per_kw_delivered,8.05681818181818,563.660200420636
launch_cost_gbp_per_kg_to_staging_orbit,4207.72727272727,system_specific_mass_kg_per_kw_delivered,8.05681818181818,577.528361624972
launch_cost_gbp_per_kg_to_staging_orbit,4320.90909090909,system_specific_mass_kg_per_kw_delivered,8.05681818181818,591.396522829307
launch_cost_gbp_per_kg_to_staging_orbit,4434.09090909091,system_specific_mass_kg_per_kw_delivered,8.05681818181818,605.264684033643
launch_cost_gbp_per_kg_to_staging_orbit,4547.27272727273,system_specific_mass_kg_per_kw_delivered,8.05681818181818,619.132845237978
launch_cost_gbp_per_kg_to_staging_orbit,4660.45454545455,system_specific_mass_kg_per_kw_delivered,8.05681818181818,633.001006442314
launch_cost_gbp_per_kg_to_staging_orbit,4773.63636363636,system_specific_mass_kg_per_kw_delivered,8.05681818181818,646.869167646649
launch_cost_gbp_per_kg_to_staging_orbit,4886.81818181818,system_specific_mass_kg_per_kw_delivered,8.05681818181818,660.737328850985
launch_cost_gbp_per_kg_to_staging_orbit,5000,system_specific_mass_kg_per_kw_delivered,8.05681818181818,674.605490055321
launch_cost_gbp_per_kg_to_staging_orbit,20,system_specific_mass_kg_per_kw_delivered,8.27272727272727,65.4571474526777
launch_cost_gbp_per_kg_to_staging_orbit,133.181818181818,system_specific_mass_kg_per_kw_delivered,8.27272727272727,79.6969519050843
launch_cost_gbp_per_kg_to_staging_orbit,246.363636363636,system_specific_mass_kg_per_kw_delivered,8.27272727272727,93.9367563574909
launch_cost_gbp_per_kg_to_staging_orbit,359.545454545455,system_specific_mass_kg_per_kw_delivered,8.27272727272727,108.176560809897
launch_cost_gbp_per_kg_to_staging_orbit,472.727272727273,system_specific_mass_kg_per_kw_delivered,8.27272727272727,122.416365262304
launch_cost_gbp_per_kg_to_staging_orbit,585.909090909091,system_specific_mass_kg_per_kw_delivered,8.27272727272727,136.656169714711
launch_cost_gbp_per_kg_to_staging_orbit,699.090909090909,system_specific_mass_kg_per_kw_delivered,8.27272727272727,150.895974167117
launch_cost_gbp_per_kg_to_staging_orbit,812.272727272727,system_specific_mass_kg_per_kw_delivered,8.27272727272727,165.135778619524
launch_cost_gbp_per_kg_to_staging_orbit,925.454545454545,system_specific_mass_kg_per_kw_delivered,8.27272727272727,179.37558307193
launch_cost_gbp_per_kg_to_staging_orbit,1038.63636363636,system_specific_mass_kg_per_kw_delivered,8.27272727272727,193.615387524337
launch_cost_gbp_per_kg_to_staging_orbit,1151.81818181818,system_specific_mass_kg_per_kw_delivered,8.27272727272727,207.855191976743
launch_cost_gbp_per_kg_to_staging_orbit,1265,system_specific_mass_kg_per_kw_delivered,8.27272727272727,222.09499642915
launch_cost_gbp_per_kg_to_staging_orbit,1378.18181818182,system_specific_mass_kg_per_kw_delivered,8.27272727272727,236.334800881557
launch_cost_gbp_per_kg_to_staging_orbit,1491.36363636364,system_specific_mass_kg_per_kw_delivered,8.27272727272727,250.574605333963
launch_cost_gbp_per_kg_to_staging_orbit,1604.54545454545,system_specific_mass_kg_per_kw_delivered,8.27272727272727,264.81440978637
launch_cost_gbp_per_kg_to_staging_orbit,1717.72727272727,system_specific_mass_kg_per_kw_delivered,8.27272727272727,279.054214238776
launch_cost_gbp_per_kg_to_staging_orbit,1830.90909090909,system_specific_mass_kg_per_kw_delivered,8.27272727272727,293.294018691183
launch_cost_gbp_per_kg_to_staging_orbit,1944.09090909091,system_specific_mass_kg_per_kw_delivered,8.27272727272727,307.53382314359
launch_cost_gbp_per_kg_to_staging_orbit,2057.27272727273,system_specific_mass_kg_per_kw_delivered,8.27272727272727,321.773627595996
launch_cost_gbp_per_kg_to_staging_orbit,2170.45454545455,system_specific_mass_kg_per_kw_delivered,8.27272727272727,336.013432048403
launch_cost_gbp_per_kg_to_staging_orbit,2283.63636363636,system_specific_mass_kg_per_kw_delivered,8.27272727272727,350.253236500809
launch_cost_gbp_per_kg_to_staging_orbit,2396.81818181818,system_specific_mass_kg_per_kw_delivered,8.27272727272727,364.493040953216
launch_cost_gbp_per_kg_to_staging_orbit,2510,system_specific_mass_kg_per_kw_delivered,8.27272727272727,378.732845405622
launch_cost_gbp_per_kg_to_staging_orbit,2623.18181818182,system_specific_mass_kg_per_kw_delivered,8.27272727272727,392.972649858029
launch_cost_gbp_per_kg_to_staging_orbit,2736.36363636364,system_specific_mass_kg_per_kw_delivered,8.27272727272727,407.212454310436
launch_cost_gbp_per_kg_to_staging_orbit,2849.54545454545,system_specific_mass_kg_per_kw_delivered,8.27272727272727,421.452258762842
launch_cost_gbp_per_kg_to_staging_orbit,2962.72727272727,system_specific_mass_kg_per_kw_delivered,8.27272727272727,435.692063215249
launch_cost_gbp_per_kg_to_staging_orbit,3075.90909090909,system_specific_mass_kg_per_kw_delivered,8.27272727272727,449.931867667655
launch_cost_gbp_per_kg_to_staging_orbit,3189.09090909091,system_specific_mass_kg_per_kw_delivered,8.27272727272727,464.171672120062
launch_cost_gbp_per_kg_to_staging_orbit,3302.27272727273,system_specific_mass_kg_per_kw_delivered,8.27272727272727,478.411476572469
launch_cost_gbp_per_kg_to_staging_orbit,3415.45454545455,system_specific_mass_kg_per_kw_delivered,8.27272727272727,492.651281024875
launch_cost_gbp_per_kg_to_staging_orbit,3528.63636363636,system_specific_mass_kg_per_kw_delivered,8.27272727272727,506.891085477282
launch_cost_gbp_per_kg_to_staging_orbit,3641.81818181818,system_specific_mass_kg_per_kw_delivered,8.27272727272727,521.130889929688
launch_cost_gbp_per_kg_to_staging_orbit,3755,system_specific_mass_kg_per_kw_delivered,8.27272727272727,535.370694382095
launch_cost_gbp_per_kg_to_staging_orbit,3868.18181818182,system_specific_mass_kg_per_kw_delivered,8.27272727272727,549.610498834502
launch_cost_gbp_per_kg_to_staging_orbit,3981.36363636364,system_specific_mass_kg_per_kw_delivered,8.27272727272727,563.850303286908
launch_cost_gbp_per_kg_to_staging_orbit,4094.54545454545,system_specific_mass_kg_per_kw_delivered,8.27272727272727,578.090107739314
launch_cost_gbp_per_kg_to_staging_orbit,4207.72727272727,system_specific_mass_kg_per_kw_delivered,8.27272727272727,592.329912191721
launch_cost_gbp_per_kg_to_staging_orbit,4320.90909090909,system_specific_mass_kg_per_kw_delivered,8.27272727272727,606.569716644128
launch_cost_gbp_per_kg_to_staging_orbit,4434.09090909091,system_specific_mass_kg_per_kw_delivered,8.27272727272727,620.809521096534
launch_cost_gbp_per_kg_to_staging_orbit,4547.27272727273,system_specific_mass_kg_per_kw_delivered,8.27272727272727,635.049325548941
launch_cost_gbp_per_kg_to_staging_orbit,4660.45454545455,system_specific_mass_kg_per_kw_delivered,8.27272727272727,649.289130001348
launch_cost_gbp_per_kg_to_staging_orbit,4773.63636363636,system_specific_mass_kg_per_kw_delivered,8.27272727272727,663.528934453754
launch_cost_gbp_per_kg_to_staging_orbit,4886.81818181818,system_specific_mass_kg_per_kw_delivered,8.27272727272727,677.76873890616
launch_cost_gbp_per_kg_to_staging_orbit,5000,system_specific_mass_kg_per_kw_delivered,8.27272727272727,692.008543358567
launch_cost_gbp_per_kg_to_staging_orbit,20,system_specific_mass_kg_per_kw_delivered,8.48863636363636,66.5078978407983
launch_cost_gbp_per_kg_to_staging_orbit,133.181818181818,system_specific_mass_kg_per_kw_delivered,8.48863636363636,81.1193455412759
launch_cost_gbp_per_kg_to_staging_orbit,246.363636363636,system_specific_mass_kg_per_kw_delivered,8.48863636363636,95.7307932417535
launch_cost_gbp_per_kg_to_staging_orbit,359.545454545455,system_specific_mass_kg_per_kw_delivered,8.48863636363636,110.342240942231
launch_cost_gbp_per_kg_to_staging_orbit,472.727272727273,system_specific_mass_kg_per_kw_delivered,8.48863636363636,124.953688642709
launch_cost_gbp_per_kg_to_staging_orbit,585.909090909091,system_specific_mass_kg_per_kw_delivered,8.48863636363636,139.565136343186
launch_cost_gbp_per_kg_to_staging_orbit,699.090909090909,system_specific_mass_kg_per_kw_delivered,8.48863636363636,154.176584043664
launch_cost_gbp_per_kg_to_staging_orbit,812.272727272727,system_specific_mass_kg_per_kw_delivered,8.48863636363636,168.788031744142
launch_cost_gbp_per_kg_to_staging_orbit,925.454545454545,system_specific_mass_kg_per_kw_delivered,8.48863636363636,183.399479444619
launch_cost_gbp_per_kg_to_staging_orbit,1038.63636363636,system_specific_mass_kg_per_kw_delivered,8.48863636363636,198.010927145097
launch_cost_gbp_per_kg_to_staging_orbit,1151.81818181818,system_specific_mass_kg_per_kw_delivered,8.48863636363636,212.622374845575
launch_cost_gbp_per_kg_to_staging_orbit,1265,system_specific_mass_kg_per_kw_delivered,8.48863636363636,227.233822546052
launch_cost_gbp_per_kg_to_staging_orbit,1378.18181818182,system_specific_mass_kg_per_kw_delivered,8.48863636363636,241.84527024653
launch_cost_gbp_per_kg_to_staging_orbit,1491.36363636364,system_specific_mass_kg_per_kw_delivered,8.48863636363636,256.456717947007
launch_cost_gbp_per_kg_to_staging_orbit,1604.54545454545,system_specific_mass_kg_per_kw_delivered,8.48863636363636,271.068165647485
launch_cost_gbp_per_kg_to_staging_orbit,1717.72727272727,system_specific_mass_kg_per_kw_delivered,8.48863636363636,285.679613347963
launch_cost_gbp_per_kg_to_staging_orbit,1830.90909090909,system_specific_mass_kg_per_kw_delivered,8.48863636363636,300.29106104844
launch_cost_gbp_per_kg_to_staging_orbit,1944.09090909091,system_specific_mass_kg_per_kw_delivered,8.48863636363636,314.902508748918
launch_cost_gbp_per_kg_to_staging_orbit,2057.27272727273,system_specific_mass_kg_per_kw_delivered,8.48863636363636,329.513956449396
launch_cost_gbp_per_kg_to_staging_orbit,2170.45454545455,system_specific_mass_kg_per_kw_delivered,8.48863636363636,344.125404149873
launch_cost_gbp_per_kg_to_staging_orbit,2283.63636363636,system_specific_mass_kg_per_kw_delivered,8.48863636363636,358.736851850351
launch_cost_gbp_per_kg_to_staging_orbit,2396.81818181818,system_specific_mass_kg_per_kw_delivered,8.48863636363636,373.348299550828
launch_cost_gbp_per_kg_to_staging_orbit,2510,system_specific_mass_kg_per_kw_delivered,8.48863636363636,387.959747251306
launch_cost_gbp_per_kg_to_staging_orbit,2623.18181818182,system_specific_mass_kg_per_kw_delivered,8.48863636363636,402.571194951784
launch_cost_gbp_per_kg_to_staging_orbit,2736.36363636364,system_specific_mass_kg_per_kw_delivered,8.48863636363636,417.182642652261
launch_cost_gbp_per_kg_to_staging_orbit,2849.54545454545,system_specific_mass_kg_per_kw_delivered,8.48863636363636,431.794090352739
launch_cost_gbp_per_kg_to_staging_orbit,2962.72727272727,system_specific_mass_kg_per_kw_delivered,8.48863636363636,446.405538053217
launch_cost_gbp_per_kg_to_staging_orbit,3075.90909090909,system_specific_mass_kg_per_kw_delivered,8.48863636363636,461.016985753694
launch_cost_gbp_per_kg_to_staging_orbit,3189.09090909091,system_specific_mass_kg_per_kw_delivered,8.48863636363636,475.628433454172
launch_cost_gbp_per_kg_to_staging_orbit,3302.27272727273,system_specific_mass_kg_per_kw_delivered,8.48863636363636,490.23988115465
launch_cost_gbp_per_kg_to_staging_orbit,3415.45454545455,system_specific_mass_kg_per_kw_delivered,8.48863636363636,504.851328855127
launch_cost_gbp_per_kg_to_staging_orbit,3528.63636363636,system_specific_mass_kg_per_kw_delivered,8.48863636363636,519.462776555605
launch_cost_gbp_per_kg_to_staging_orbit,3641.81818181818,system_specific_mass_kg_per_kw_delivered,8.48863636363636,534.074224256082
launch_cost_gbp_per_kg_to_staging_orbit,3755,system_specific_mass_kg_per_kw_delivered,8.48863636363636,548.68567195656
launch_cost_gbp_per_kg_to_staging_orbit,3868.18181818182,system_specific_mass_kg_per_kw_delivered,8.48863636363636,563.297119657037
launch_cost_gbp_per_kg_to_staging_orbit,3981.36363636364,system_specific_mass_kg_per_kw_delivered,8.48863636363636,577.908567357515
launch_cost_gbp_per_kg_to_staging_orbit,4094.54545454545,system_specific_mass_kg_per_kw_delivered,8.48863636363636,592.520015057993
launch_cost_gbp_per_kg_to_staging_orbit,4207.72727272727,system_specific_mass_kg_per_kw_delivered,8.48863636363636,607.131462758471
launch_cost_gbp_per_kg_to_staging_orbit,4320.90909090909,system_specific_mass_kg_per_kw_delivered,8.48863636363636,621.742910458948
launch_cost_gbp_per_kg_to_staging_orbit,4434.09090909091,system_specific_mass_kg_per_kw_delivered,8.48863636363636,636.354358159426
launch_cost_gbp_per_kg_to_staging_orbit,4547.27272727273,system_specific_mass_kg_per_kw_delivered,8.48863636363636,650.965805859903
launch_cost_gbp_per_kg_to_staging_orbit,4660.45454545455,system_specific_mass_kg_per_kw_delivered,8.48863636363636,665.577253560381
launch_cost_gbp_per_kg_to_staging_orbit,4773.63636363636,system_specific_mass_kg_per_kw_delivered,8.48863636363636,680.188701260859
launch_cost_gbp_per_kg_to_staging_orbit,4886.81818181818,system_specific_mass_kg_per_kw_delivered,8.48863636363636,694.800148961336
launch_cost_gbp_per_kg_to_staging_orbit,5000,system_specific_mass_kg_per_kw_delivered,8.48863636363636,709.411596661814
launch_cost_gbp_per_kg_to_staging_orbit,20,system_specific_mass_kg_per_kw_delivered,8.70454545454546,67.5586482289188
launch_cost_gbp_per_kg_to_staging_orbit,133.181818181818,system_specific_mass_kg_per_kw_delivered,8.70454545454546,82.5417391774675
launch_cost_gbp_per_kg_to_staging_orbit,246.363636363636,system_specific_mass_kg_per_kw_delivered,8.70454545454546,97.5248301260162
launch_cost_gbp_per_kg_to_staging_orbit,359.545454545455,system_specific_mass_kg_per_kw_delivered,8.70454545454546,112.507921074565
launch_cost_gbp_per_kg_to_staging_orbit,472.727272727273,system_specific_mass_kg_per_kw_delivered,8.70454545454546,127.491012023114
launch_cost_gbp_per_kg_to_staging_orbit,585.909090909091,system_specific_mass_kg_per_kw_delivered,8.70454545454546,142.474102971662
launch_cost_gbp_per_kg_to_staging_orbit,699.090909090909,system_specific_mass_kg_per_kw_delivered,8.70454545454546,157.457193920211
launch_cost_gbp_per_kg_to_staging_orbit,812.272727272727,system_specific_mass_kg_per_kw_delivered,8.70454545454546,172.44028486876
launch_cost_gbp_per_kg_to_staging_orbit,925.454545454545,system_specific_mass_kg_per_kw_delivered,8.70454545454546,187.423375817308
launch_cost_gbp_per_kg_to_staging_orbit,1038.63636363636,system_specific_mass_kg_per_kw_delivered,8.70454545454546,202.406466765857
launch_cost_gbp_per_kg_to_staging_orbit,1151.81818181818,system_specific_mass_kg_per_kw_delivered,8.70454545454546,217.389557714406
launch_cost_gbp_per_kg_to_staging_orbit,1265,system_specific_mass_kg_per_kw_delivered,8.70454545454546,232.372648662954
launch_cost_gbp_per_kg_to_staging_orbit,1378.18181818182,system_specific_mass_kg_per_kw_delivered,8.70454545454546,247.355739611503
launch_cost_gbp_per_kg_to_staging_orbit,1491.36363636364,system_specific_mass_kg_per_kw_delivered,8.70454545454546,262.338830560052
launch_cost_gbp_per_kg_to_staging_orbit,1604.54545454545,system_specific_mass_kg_per_kw_delivered,8.70454545454546,277.3219215086
launch_cost_gbp_per_kg_to_staging_orbit,1717.72727272727,system_specific_mass_kg_per_kw_delivered,8.70454545454546,292.305012457149
launch_cost_gbp_per_kg_to_staging_orbit,1830.90909090909,system_specific_mass_kg_per_kw_delivered,8.70454545454546,307.288103405698
launch_cost_gbp_per_kg_to_staging_orbit,1944.09090909091,system_specific_mass_kg_per_kw_delivered,8.70454545454546,322.271194354246
launch_cost_gbp_per_kg_to_staging_orbit,2057.27272727273,system_specific_mass_kg_per_kw_delivered,8.70454545454546,337.254285302795
launch_cost_gbp_per_kg_to_staging_orbit,2170.45454545455,system_specific_mass_kg_per_kw_delivered,8.70454545454546,352.237376251344
launch_cost_gbp_per_kg_to_staging_orbit,2283.63636363636,system_specific_mass_kg_per_kw_delivered,8.70454545454546,367.220467199892
launch_cost_gbp_per_kg_to_staging_orbit,2396.81818181818,system_specific_mass_kg_per_kw_delivered,8.70454545454546,382.203558148441
launch_cost_gbp_per_kg_to_staging_orbit,2510,system_specific_mass_kg_per_kw_delivered,8.70454545454546,397.18664909699
launch_cost_gbp_per_kg_to_staging_orbit,2623.18181818182,system_specific_mass_kg_per_kw_delivered,8.70454545454546,412.169740045539
launch_cost_gbp_per_kg_to_staging_orbit,2736.36363636364,system_specific_mass_kg_per_kw_delivered,8.70454545454546,427.152830994087
launch_cost_gbp_per_kg_to_staging_orbit,2849.54545454545,system_specific_mass_kg_per_kw_delivered,8.70454545454546,442.135921942636
launch_cost_gbp_per_kg_to_staging_orbit,2962.72727272727,system_specific_mass_kg_per_kw_delivered,8.70454545454546,457.119012891185
launch_cost_gbp_per_kg_to_staging_orbit,3075.90909090909,system_specific_mass_kg_per_kw_delivered,8.70454545454546,472.102103839733
launch_cost_gbp_per_kg_to_staging_orbit,3189.09090909091,system_specific_mass_kg_per_kw_delivered,8.70454545454546,487.085194788282
launch_cost_gbp_per_kg_to_staging_orbit,3302.27272727273,system_specific_mass_kg_per_kw_delivered,8.70454545454546,502.068285736831
launch_cost_gbp_per_kg_to_staging_orbit,3415.45454545455,system_specific_mass_kg_per_kw_delivered,8.70454545454546,517.051376685379
launch_cost_gbp_per_kg_to_staging_orbit,3528.63636363636,system_specific_mass_kg_per_kw_delivered,8.70454545454546,532.034467633928
launch_cost_gbp_per_kg_to_staging_orbit,3641.81818181818,system_specific_mass_kg_per_kw_delivered,8.70454545454546,547.017558582477
launch_cost_gbp_per_kg_to_staging_orbit,3755,system_specific_mass_kg_per_kw_delivered,8.70454545454546,562.000649531025
launch_cost_gbp_per_kg_to_staging_orbit,3868.18181818182,system_specific_mass_kg_per_kw_delivered,8.70454545454546,576.983740479574
launch_cost_gbp_per_kg_to_staging_orbit,3981.36363636364,system_specific_mass_kg_per_kw_delivered,8.70454545454546,591.966831428123
launch_cost_gbp_per_kg_to_staging_orbit,4094.54545454545,system_specific_mass_kg_per_kw_delivered,8.70454545454546,606.949922376671
launch_cost_gbp_per_kg_to_staging_orbit,4207.72727272727,system_specific_mass_kg_per_kw_delivered,8.70454545454546,621.93301332522
launch_cost_gbp_per_kg_to_staging_orbit,4320.90909090909,system_specific_mass_kg_per_kw_delivered,8.70454545454546,636.916104273769
launch_cost_gbp_per_kg_to_staging_orbit,4434.09090909091,system_specific_mass_kg_per_kw_delivered,8.70454545454546,651.899195222317
launch_cost_gbp_per_kg_to_staging_orbit,4547.27272727273,system_specific_mass_kg_per_kw_delivered,8.70454545454546,666.882286170866
launch_cost_gbp_per_kg_to_staging_orbit,4660.45454545455,system_specific_mass_kg_per_kw_delivered,8.70454545454546,681.865377119415
launch_cost_gbp_per_kg_to_staging_orbit,4773.63636363636,system_specific_mass_kg_per_kw_delivered,8.70454545454546,696.848468067963
launch_cost_gbp_per_kg_to_staging_orbit,4886.81818181818,system_specific_mass_kg_per_kw_delivered,8.70454545454546,711.831559016512
launch_cost_gbp_per_kg_to_staging_orbit,5000,system_specific_mass_kg_per_kw_delivered,8.70454545454546,726.814649965061
launch_cost_gbp_per_kg_to_staging_orbit,20,system_specific_mass_kg_per_kw_delivered,8.92045454545454,68.6093986170394
launch_cost_gbp_per_kg_to_staging_orbit,133.181818181818,system_specific_mass_kg_per_kw_delivered,8.92045454545454,83.9641328136591
launch_cost_gbp_per_kg_to_staging_orbit,246.363636363636,system_specific_mass_kg_per_kw_delivered,8.92045454545454,99.3188670102789
launch_cost_gbp_per_kg_to_staging_orbit,359.545454545455,system_specific_mass_kg_per_kw_delivered,8.92045454545454,114.673601206899
launch_cost_gbp_per_kg_to_staging_orbit,472.727272727273,system_specific_mass_kg_per_kw_delivered,8.92045454545454,130.028335403518
launch_cost_gbp_per_kg_to_staging_orbit,585.909090909091,system_specific_mass_kg_per_kw_delivered,8.92045454545454,145.383069600138
launch_cost_gbp_per_kg_to_staging_orbit,699.090909090909,system_specific_mass_kg_per_kw_delivered,8.92045454545454,160.737803796758
launch_cost_gbp_per_kg_to_staging_orbit,812.272727272727,system_specific_mass_kg_per_kw_delivered,8.92045454545454,176.092537993377
launch_cost_gbp_per_kg_to_staging_orbit,925.454545454545,system_specific_mass_kg_per_kw_delivered,8.92045454545454,191.447272189997
launch_cost_gbp_per_kg_to_staging_orbit,1038.63636363636,system_specific_mass_kg_per_kw_delivered,8.92045454545454,206.802006386617
launch_cost_gbp_per_kg_to_staging_orbit,1151.81818181818,system_specific_mass_kg_per_kw_delivered,8.92045454545454,222.156740583237
launch_cost_gbp_per_kg_to_staging_orbit,1265,system_specific_mass_kg_per_kw_delivered,8.92045454545454,237.511474779856
launch_cost_gbp_per_kg_to_staging_orbit,1378.18181818182,system_specific_mass_kg_per_kw_delivered,8.92045454545454,252.866208976476
launch_cost_gbp_per_kg_to_staging_orbit,1491.36363636364,system_specific_mass_kg_per_kw_delivered,8.92045454545454,268.220943173096
launch_cost_gbp_per_kg_to_staging_orbit,1604.54545454545,system_specific_mass_kg_per_kw_delivered,8.92045454545454,283.575677369716
launch_cost_gbp_per_kg_to_staging_orbit,1717.72727272727,system_specific_mass_kg_per_kw_delivered,8.92045454545454,298.930411566335
launch_cost_gbp_per_kg_to_staging_orbit,1830.90909090909,system_specific_mass_kg_per_kw_delivered,8.92045454545454,314.285145762955
launch_cost_gbp_per_kg_to_staging_orbit,1944.09090909091,system_specific_mass_kg_per_kw_delivered,8.92045454545454,329.639879959575
launch_cost_gbp_per_kg_to_staging_orbit,2057.27272727273,system_specific_mass_kg_per_kw_delivered,8.92045454545454,344.994614156194
launch_cost_gbp_per_kg_to_staging_orbit,2170.45454545455,system_specific_mass_kg_per_kw_delivered,8.92045454545454,360.349348352814
launch_cost_gbp_per_kg_to_staging_orbit,2283.63636363636,system_specific_mass_kg_per_kw_delivered,8.92045454545454,375.704082549434
launch_cost_gbp_per_kg_to_staging_orbit,2396.81818181818,system_specific_mass_kg_per_kw_delivered,8.92045454545454,391.058816746054
launch_cost_gbp_per_kg_to_staging_orbit,2510,system_specific_mass_kg_per_kw_delivered,8.92045454545454,406.413550942673
launch_cost_gbp_per_kg_to_staging_orbit,2623.18181818182,system_specific_mass_kg_per_kw_delivered,8.92045454545454,421.768285139293
launch_cost_gbp_per_kg_to_staging_orbit,2736.36363636364,system_specific_mass_kg_per_kw_delivered,8.92045454545454,437.123019335913
launch_cost_gbp_per_kg_to_staging_orbit,2849.54545454545,system_specific_mass_kg_per_kw_delivered,8.92045454545454,452.477753532533
launch_cost_gbp_per_kg_to_staging_orbit,2962.72727272727,system_specific_mass_kg_per_kw_delivered,8.92045454545454,467.832487729152
launch_cost_gbp_per_kg_to_staging_orbit,3075.90909090909,system_specific_mass_kg_per_kw_delivered,8.92045454545454,483.187221925772
launch_cost_gbp_per_kg_to_staging_orbit,3189.09090909091,system_specific_mass_kg_per_kw_delivered,8.92045454545454,498.541956122392
launch_cost_gbp_per_kg_to_staging_orbit,3302.27272727273,system_specific_mass_kg_per_kw_delivered,8.92045454545454,513.896690319012
launch_cost_gbp_per_kg_to_staging_orbit,3415.45454545455,system_specific_mass_kg_per_kw_delivered,8.92045454545454,529.251424515631
launch_cost_gbp_per_kg_to_staging_orbit,3528.63636363636,system_specific_mass_kg_per_kw_delivered,8.92045454545454,544.606158712251
launch_cost_gbp_per_kg_to_staging_orbit,3641.81818181818,system_specific_mass_kg_per_kw_delivered,8.92045454545454,559.960892908871
launch_cost_gbp_per_kg_to_staging_orbit,3755,system_specific_mass_kg_per_kw_delivered,8.92045454545454,575.315627105491
launch_cost_gbp_per_kg_to_staging_orbit,3868.18181818182,system_specific_mass_kg_per_kw_delivered,8.92045454545454,590.67036130211
launch_cost_gbp_per_kg_to_staging_orbit,3981.36363636364,system_specific_mass_kg_per_kw_delivered,8.92045454545454,606.02509549873
launch_cost_gbp_per_kg_to_staging_orbit,4094.54545454545,system_specific_mass_kg_per_kw_delivered,8.92045454545454,621.37982969535
launch_cost_gbp_per_kg_to_staging_orbit,4207.72727272727,system_specific_mass_kg_per_kw_delivered,8.92045454545454,636.73456389197
launch_cost_gbp_per_kg_to_staging_orbit,4320.90909090909,system_specific_mass_kg_per_kw_delivered,8.92045454545454,652.089298088589
launch_cost_gbp_per_kg_to_staging_orbit,4434.09090909091,system_specific_mass_kg_per_kw_delivered,8.92045454545454,667.444032285209
launch_cost_gbp_per_kg_to_staging_orbit,4547.27272727273,system_specific_mass_kg_per_kw_delivered,8.92045454545454,682.798766481829
launch_cost_gbp_per_kg_to_staging_orbit,4660.45454545455,system_specific_mass_kg_per_kw_delivered,8.92045454545454,698.153500678448
launch_cost_gbp_per_kg_to_staging_orbit,4773.63636363636,system_specific_mass_kg_per_kw_delivered,8.92045454545454,713.508234875068
launch_cost_gbp_per_kg_to_staging_orbit,4886.81818181818,system_specific_mass_kg_per_kw_delivered,8.92045454545454,728.862969071688
launch_cost_gbp_per_kg_to_staging_orbit,5000,system_specific_mass_kg_per_kw_delivered,8.92045454545454,744.217703268308
launch_cost_gbp_per_kg_to_staging_orbit,20,system_specific_mass_kg_per_kw_delivered,9.13636363636364,69.6601490051599
launch_cost_gbp_per_kg_to_staging_orbit,133.181818181818,system_specific_mass_kg_per_kw_delivered,9.13636363636364,85.3865264498507
launch_cost_gbp_per_kg_to_staging_orbit,246.363636363636,system_specific_mass_kg_per_kw_delivered,9.13636363636364,101.112903894542
launch_cost_gbp_per_kg_to_staging_orbit,359.545454545455,system_specific_mass_kg_per_kw_delivered,9.13636363636364,116.839281339232
launch_cost_gbp_per_kg_to_staging_orbit,472.727272727273,system_specific_mass_kg_per_kw_delivered,9.13636363636364,132.565658783923
launch_cost_gbp_per_kg_to_staging_orbit,585.909090909091,system_specific_mass_kg_per_kw_delivered,9.13636363636364,148.292036228614
launch_cost_gbp_per_kg_to_staging_orbit,699.090909090909,system_specific_mass_kg_per_kw_delivered,9.13636363636364,164.018413673305
launch_cost_gbp_per_kg_to_staging_orbit,812.272727272727,system_specific_mass_kg_per_kw_delivered,9.13636363636364,179.744791117995
launch_cost_gbp_per_kg_to_staging_orbit,925.454545454545,system_specific_mass_kg_per_kw_delivered,9.13636363636364,195.471168562686
launch_cost_gbp_per_kg_to_staging_orbit,1038.63636363636,system_specific_mass_kg_per_kw_delivered,9.13636363636364,211.197546007377
launch_cost_gbp_per_kg_to_staging_orbit,1151.81818181818,system_specific_mass_kg_per_kw_delivered,9.13636363636364,226.923923452068
launch_cost_gbp_per_kg_to_staging_orbit,1265,system_specific_mass_kg_per_kw_delivered,9.13636363636364,242.650300896759
launch_cost_gbp_per_kg_to_staging_orbit,1378.18181818182,system_specific_mass_kg_per_kw_delivered,9.13636363636364,258.376678341449
launch_cost_gbp_per_kg_to_staging_orbit,1491.36363636364,system_specific_mass_kg_per_kw_delivered,9.13636363636364,274.10305578614
launch_cost_gbp_per_kg_to_staging_orbit,1604.54545454545,system_specific_mass_kg_per_kw_delivered,9.13636363636364,289.829433230831
launch_cost_gbp_per_kg_to_staging_orbit,1717.72727272727,system_specific_mass_kg_per_kw_delivered,9.13636363636364,305.555810675522
launch_cost_gbp_per_kg_to_staging_orbit,1830.90909090909,system_specific_mass_kg_per_kw_delivered,9.13636363636364,321.282188120212
launch_cost_gbp_per_kg_to_staging_orbit,1944.09090909091,system_specific_mass_kg_per_kw_delivered,9.13636363636364,337.008565564903
launch_cost_gbp_per_kg_to_staging_orbit,2057.27272727273,system_specific_mass_kg_per_kw_delivered,9.13636363636364,352.734943009594
launch_cost_gbp_per_kg_to_staging_orbit,2170.45454545455,system_specific_mass_kg_per_kw_delivered,9.13636363636364,368.461320454285
launch_cost_gbp_per_kg_to_staging_orbit,2283.63636363636,system_specific_mass_kg_per_kw_delivered,9.13636363636364,384.187697898976
launch_cost_gbp_per_kg_to_staging_orbit,2396.81818181818,system_specific_mass_kg_per_kw_delivered,9.13636363636364,399.914075343666
launch_cost_gbp_per_kg_to_staging_orbit,2510,system_specific_mass_kg_per_kw_delivered,9.13636363636364,415.640452788357
launch_cost_gbp_per_kg_to_staging_orbit,2623.18181818182,system_specific_mass_kg_per_kw_delivered,9.13636363636364,431.366830233048
launch_cost_gbp_per_kg_to_staging_orbit,2736.36363636364,system_specific_mass_kg_per_kw_delivered,9.13636363636364,447.093207677739
launch_cost_gbp_per_kg_to_staging_orbit,2849.54545454545,system_specific_mass_kg_per_kw_delivered,9.13636363636364,462.819585122429
launch_cost_gbp_per_kg_to_staging_orbit,2962.72727272727,system_specific_mass_kg_per_kw_delivered,9.13636363636364,478.54596256712
launch_cost_gbp_per_kg_to_staging_orbit,3075.90909090909,system_specific_mass_kg_per_kw_delivered,9.13636363636364,494.272340011811
launch_cost_gbp_per_kg_to_staging_orbit,3189.09090909091,system_specific_mass_kg_per_kw_delivered,9.13636363636364,509.998717456502
launch_cost_gbp_per_kg_to_staging_orbit,3302.27272727273,system_specific_mass_kg_per_kw_delivered,9.13636363636364,525.725094901193
launch_cost_gbp_per_kg_to_staging_orbit,3415.45454545455,system_specific_mass_kg_per_kw_delivered,9.13636363636364,541.451472345884
launch_cost_gbp_per_kg_to_staging_orbit,3528.63636363636,system_specific_mass_kg_per_kw_delivered,9.13636363636364,557.177849790574
launch_cost_gbp_per_kg_to_staging_orbit,3641.81818181818,system_specific_mass_kg_per_kw_delivered,9.13636363636364,572.904227235265
launch_cost_gbp_per_kg_to_staging_orbit,3755,system_specific_mass_kg_per_kw_delivered,9.13636363636364,588.630604679956
launch_cost_gbp_per_kg_to_staging_orbit,3868.18181818182,system_specific_mass_kg_per_kw_delivered,9.13636363636364,604.356982124646
launch_cost_gbp_per_kg_to_staging_orbit,3981.36363636364,system_specific_mass_kg_per_kw_delivered,9.13636363636364,620.083359569337
launch_cost_gbp_per_kg_to_staging_orbit,4094.54545454545,system_specific_mass_kg_per_kw_delivered,9.13636363636364,635.809737014028
launch_cost_gbp_per_kg_to_staging_orbit,4207.72727272727,system_specific_mass_kg_per_kw_delivered,9.13636363636364,651.536114458719
launch_cost_gbp_per_kg_to_staging_orbit,4320.90909090909,system_specific_mass_kg_per_kw_delivered,9.13636363636364,667.26249190341
launch_cost_gbp_per_kg_to_staging_orbit,4434.09090909091,system_specific_mass_kg_per_kw_delivered,9.13636363636364,682.9888693481
launch_cost_gbp_per_kg_to_staging_orbit,4547.27272727273,system_specific_mass_kg_per_kw_delivered,9.13636363636364,698.715246792791
launch_cost_gbp_per_kg_to_staging_orbit,4660.45454545455,system_specific_mass_kg_per_kw_delivered,9.13636363636364,714.441624237482
launch_cost_gbp_per_kg_to_staging_orbit,4773.63636363636,system_specific_mass_kg_per_kw_delivered,9.13636363636364,730.168001682173
launch_cost_gbp_per_kg_to_staging_orbit,4886.81818181818,system_specific_mass_kg_per_kw_delivered,9.13636363636364,745.894379126864
launch_cost_gbp_per_kg_to_staging_orbit,5000,system_specific_mass_kg_per_kw_delivered,9.13636363636364,761.620756571554
launch_cost_gbp_per_kg_to_staging_orbit,20,system_specific_mass_kg_per_kw_delivered,9.35227272727273,70.7108993932805
launch_cost_gbp_per_kg_to_staging_orbit,133.181818181818,system_specific_mass_kg_per_kw_delivered,9.35227272727273,86.8089200860423
launch_cost_gbp_per_kg_to_staging_orbit,246.363636363636,system_specific_mass_kg_per_kw_delivered,9.35227272727273,102.906940778804
launch_cost_gbp_per_kg_to_staging_orbit,359.545454545455,system_specific_mass_kg_per_kw_delivered,9.35227272727273,119.004961471566
launch_cost_gbp_per_kg_to_staging_orbit,472.727272727273,system_specific_mass_kg_per_kw_delivered,9.35227272727273,135.102982164328
launch_cost_gbp_per_kg_to_staging_orbit,585.909090909091,system_specific_mass_kg_per_kw_delivered,9.35227272727273,151.20100285709
launch_cost_gbp_per_kg_to_staging_orbit,699.090909090909,system_specific_mass_kg_per_kw_delivered,9.35227272727273,167.299023549852
launch_cost_gbp_per_kg_to_staging_orbit,812.272727272727,system_specific_mass_kg_per_kw_delivered,9.35227272727273,183.397044242613
launch_cost_gbp_per_kg_to_staging_orbit,925.454545454545,system_specific_mass_kg_per_kw_delivered,9.35227272727273,199.495064935375
launch_cost_gbp_per_kg_to_staging_orbit,1038.63636363636,system_specific_mass_kg_per_kw_delivered,9.35227272727273,215.593085628137
launch_cost_gbp_per_kg_to_staging_orbit,1151.81818181818,system_specific_mass_kg_per_kw_delivered,9.35227272727273,231.691106320899
launch_cost_gbp_per_kg_to_staging_orbit,1265,system_specific_mass_kg_per_kw_delivered,9.35227272727273,247.789127013661
launch_cost_gbp_per_kg_to_staging_orbit,1378.18181818182,system_specific_mass_kg_per_kw_delivered,9.35227272727273,263.887147706422
launch_cost_gbp_per_kg_to_staging_orbit,1491.36363636364,system_specific_mass_kg_per_kw_delivered,9.35227272727273,279.985168399184
launch_cost_gbp_per_kg_to_staging_orbit,1604.54545454545,system_specific_mass_kg_per_kw_delivered,9.35227272727273,296.083189091946
launch_cost_gbp_per_kg_to_staging_orbit,1717.72727272727,system_specific_mass_kg_per_kw_delivered,9.35227272727273,312.181209784708
launch_cost_gbp_per_kg_to_staging_orbit,1830.90909090909,system_specific_mass_kg_per_kw_delivered,9.35227272727273,328.27923047747
launch_cost_gbp_per_kg_to_staging_orbit,1944.09090909091,system_specific_mass_kg_per_kw_delivered,9.35227272727273,344.377251170232
launch_cost_gbp_per_kg_to_staging_orbit,2057.27272727273,system_specific_mass_kg_per_kw_delivered,9.35227272727273,360.475271862993
launch_cost_gbp_per_kg_to_staging_orbit,2170.45454545455,system_specific_mass_kg_per_kw_delivered,9.35227272727273,376.573292555755
launch_cost_gbp_per_kg_to_staging_orbit,2283.63636363636,system_specific_mass_kg_per_kw_delivered,9.35227272727273,392.671313248517
launch_cost_gbp_per_kg_to_staging_orbit,2396.81818181818,system_specific_mass_kg_per_kw_delivered,9.35227272727273,408.769333941279
launch_cost_gbp_per_kg_to_staging_orbit,2510,system_specific_mass_kg_per_kw_delivered,9.35227272727273,424.867354634041
launch_cost_gbp_per_kg_to_staging_orbit,2623.18181818182,system_specific_mass_kg_per_kw_delivered,9.35227272727273,440.965375326803
launch_cost_gbp_per_kg_to_staging_orbit,2736.36363636364,system_specific_mass_kg_per_kw_delivered,9.35227272727273,457.063396019564
launch_cost_gbp_per_kg_to_staging_orbit,2849.54545454545,system_specific_mass_kg_per_kw_delivered,9.35227272727273,473.161416712326
launch_cost_gbp_per_kg_to_staging_orbit,2962.72727272727,system_specific_mass_kg_per_kw_delivered,9.35227272727273,489.259437405088
launch_cost_gbp_per_kg_to_staging_orbit,3075.90909090909,system_specific_mass_kg_per_kw_delivered,9.35227272727273,505.35745809785
launch_cost_gbp_per_kg_to_staging_orbit,3189.09090909091,system_specific_mass_kg_per_kw_delivered,9.35227272727273,521.455478790612
launch_cost_gbp_per_kg_to_staging_orbit,3302.27272727273,system_specific_mass_kg_per_kw_delivered,9.35227272727273,537.553499483374
launch_cost_gbp_per_kg_to_staging_orbit,3415.45454545455,system_specific_mass_kg_per_kw_delivered,9.35227272727273,553.651520176136
launch_cost_gbp_per_kg_to_staging_orbit,3528.63636363636,system_specific_mass_kg_per_kw_delivered,9.35227272727273,569.749540868897
launch_cost_gbp_per_kg_to_staging_orbit,3641.81818181818,system_specific_mass_kg_per_kw_delivered,9.35227272727273,585.847561561659
launch_cost_gbp_per_kg_to_staging_orbit,3755,system_specific_mass_kg_per_kw_delivered,9.35227272727273,601.945582254421
launch_cost_gbp_per_kg_to_staging_orbit,3868.18181818182,system_specific_mass_kg_per_kw_delivered,9.35227272727273,618.043602947183
launch_cost_gbp_per_kg_to_staging_orbit,3981.36363636364,system_specific_mass_kg_per_kw_delivered,9.35227272727273,634.141623639945
launch_cost_gbp_per_kg_to_staging_orbit,4094.54545454545,system_specific_mass_kg_per_kw_delivered,9.35227272727273,650.239644332707
launch_cost_gbp_per_kg_to_staging_orbit,4207.72727272727,system_specific_mass_kg_per_kw_delivered,9.35227272727273,666.337665025468
launch_cost_gbp_per_kg_to_staging_orbit,4320.90909090909,system_specific_mass_kg_per_kw_delivered,9.35227272727273,682.43568571823
launch_cost_gbp_per_kg_to_staging_orbit,4434.09090909091,system_specific_mass_kg_per_kw_delivered,9.35227272727273,698.533706410992
launch_cost_gbp_per_kg_to_staging_orbit,4547.27272727273,system_specific_mass_kg_per_kw_delivered,9.35227272727273,714.631727103754
launch_cost_gbp_per_kg_to_staging_orbit,4660.45454545455,system_specific_mass_kg_per_kw_delivered,9.35227272727273,730.729747796516
launch_cost_gbp_per_kg_to_staging_orbit,4773.63636363636,system_specific_mass_kg_per_kw_delivered,9.35227272727273,746.827768489278
launch_cost_gbp_per_kg_to_staging_orbit,4886.81818181818,system_specific_mass_kg_per_kw_delivered,9.35227272727273,762.925789182039
launch_cost_gbp_per_kg_to_staging_orbit,5000,system_specific_mass_kg_per_kw_delivered,9.35227272727273,779.023809874801
launch_cost_gbp_per_kg_to_staging_orbit,20,system_specific_mass_kg_per_kw_delivered,9.56818181818182,71.7616497814011
launch_cost_gbp_per_kg_to_staging_orbit,133.181818181818,system_specific_mass_kg_per_kw_delivered,9.56818181818182,88.231313722234
launch_cost_gbp_per_kg_to_staging_orbit,246.363636363636,system_specific_mass_kg_per_kw_delivered,9.56818181818182,104.700977663067
launch_cost_gbp_per_kg_to_staging_orbit,359.545454545455,system_specific_mass_kg_per_kw_delivered,9.56818181818182,121.1706416039
launch_cost_gbp_per_kg_to_staging_orbit,472.727272727273,system_specific_mass_kg_per_kw_delivered,9.56818181818182,137.640305544733
launch_cost_gbp_per_kg_to_staging_orbit,585.909090909091,system_specific_mass_kg_per_kw_delivered,9.56818181818182,154.109969485566
launch_cost_gbp_per_kg_to_staging_orbit,699.090909090909,system_specific_mass_kg_per_kw_delivered,9.56818181818182,170.579633426398
launch_cost_gbp_per_kg_to_staging_orbit,812.272727272727,system_specific_mass_kg_per_kw_delivered,9.56818181818182,187.049297367231
launch_cost_gbp_per_kg_to_staging_orbit,925.454545454545,system_specific_mass_kg_per_kw_delivered,9.56818181818182,203.518961308064
launch_cost_gbp_per_kg_to_staging_orbit,1038.63636363636,system_specific_mass_kg_per_kw_delivered,9.56818181818182,219.988625248897
launch_cost_gbp_per_kg_to_staging_orbit,1151.81818181818,system_specific_mass_kg_per_kw_delivered,9.56818181818182,236.45828918973
launch_cost_gbp_per_kg_to_staging_orbit,1265,system_specific_mass_kg_per_kw_delivered,9.56818181818182,252.927953130563
launch_cost_gbp_per_kg_to_staging_orbit,1378.18181818182,system_specific_mass_kg_per_kw_delivered,9.56818181818182,269.397617071396
launch_cost_gbp_per_kg_to_staging_orbit,1491.36363636364,system_specific_mass_kg_per_kw_delivered,9.56818181818182,285.867281012229
launch_cost_gbp_per_kg_to_staging_orbit,1604.54545454545,system_specific_mass_kg_per_kw_delivered,9.56818181818182,302.336944953061
launch_cost_gbp_per_kg_to_staging_orbit,1717.72727272727,system_specific_mass_kg_per_kw_delivered,9.56818181818182,318.806608893894
launch_cost_gbp_per_kg_to_staging_orbit,1830.90909090909,system_specific_mass_kg_per_kw_delivered,9.56818181818182,335.276272834727
launch_cost_gbp_per_kg_to_staging_orbit,1944.09090909091,system_specific_mass_kg_per_kw_delivered,9.56818181818182,351.74593677556
launch_cost_gbp_per_kg_to_staging_orbit,2057.27272727273,system_specific_mass_kg_per_kw_delivered,9.56818181818182,368.215600716393
launch_cost_gbp_per_kg_to_staging_orbit,2170.45454545455,system_specific_mass_kg_per_kw_delivered,9.56818181818182,384.685264657226
launch_cost_gbp_per_kg_to_staging_orbit,2283.63636363636,system_specific_mass_kg_per_kw_delivered,9.56818181818182,401.154928598059
launch_cost_gbp_per_kg_to_staging_orbit,2396.81818181818,system_specific_mass_kg_per_kw_delivered,9.56818181818182,417.624592538892
launch_cost_gbp_per_kg_to_staging_orbit,2510,system_specific_mass_kg_per_kw_delivered,9.56818181818182,434.094256479724
launch_cost_gbp_per_kg_to_staging_orbit,2623.18181818182,system_specific_mass_kg_per_kw_delivered,9.56818181818182,450.563920420558
launch_cost_gbp_per_kg_to_staging_orbit,2736.36363636364,system_specific_mass_kg_per_kw_delivered,9.56818181818182,467.03358436139
launch_cost_gbp_per_kg_to_staging_orbit,2849.54545454545,system_specific_mass_kg_per_kw_delivered,9.56818181818182,483.503248302223
launch_cost_gbp_per_kg_to_staging_orbit,2962.72727272727,system_specific_mass_kg_per_kw_delivered,9.56818181818182,499.972912243056
launch_cost_gbp_per_kg_to_staging_orbit,3075.90909090909,system_specific_mass_kg_per_kw_delivered,9.56818181818182,516.442576183889
launch_cost_gbp_per_kg_to_staging_orbit,3189.09090909091,system_specific_mass_kg_per_kw_delivered,9.56818181818182,532.912240124722
launch_cost_gbp_per_kg_to_staging_orbit,3302.27272727273,system_specific_mass_kg_per_kw_delivered,9.56818181818182,549.381904065555
launch_cost_gbp_per_kg_to_staging_orbit,3415.45454545455,system_specific_mass_kg_per_kw_delivered,9.56818181818182,565.851568006388
launch_cost_gbp_per_kg_to_staging_orbit,3528.63636363636,system_specific_mass_kg_per_kw_delivered,9.56818181818182,582.321231947221
launch_cost_gbp_per_kg_to_staging_orbit,3641.81818181818,system_specific_mass_kg_per_kw_delivered,9.56818181818182,598.790895888053
launch_cost_gbp_per_kg_to_staging_orbit,3755,system_specific_mass_kg_per_kw_delivered,9.56818181818182,615.260559828886
launch_cost_gbp_per_kg_to_staging_orbit,3868.18181818182,system_specific_mass_kg_per_kw_delivered,9.56818181818182,631.730223769719
launch_cost_gbp_per_kg_to_staging_orbit,3981.36363636364,system_specific_mass_kg_per_kw_delivered,9.56818181818182,648.199887710552
launch_cost_gbp_per_kg_to_staging_orbit,4094.54545454545,system_specific_mass_kg_per_kw_delivered,9.56818181818182,664.669551651385
launch_cost_gbp_per_kg_to_staging_orbit,4207.72727272727,system_specific_mass_kg_per_kw_delivered,9.56818181818182,681.139215592218
launch_cost_gbp_per_kg_to_staging_orbit,4320.90909090909,system_specific_mass_kg_per_kw_delivered,9.56818181818182,697.608879533051
launch_cost_gbp_per_kg_to_staging_orbit,4434.09090909091,system_specific_mass_kg_per_kw_delivered,9.56818181818182,714.078543473883
launch_cost_gbp_per_kg_to_staging_orbit,4547.27272727273,system_specific_mass_kg_per_kw_delivered,9.56818181818182,730.548207414717
launch_cost_gbp_per_kg_to_staging_orbit,4660.45454545455,system_specific_mass_kg_per_kw_delivered,9.56818181818182,747.017871355549
launch_cost_gbp_per_kg_to_staging_orbit,4773.63636363636,system_specific_mass_kg_per_kw_delivered,9.56818181818182,763.487535296382
launch_cost_gbp_per_kg_to_staging_orbit,4886.81818181818,system_specific_mass_kg_per_kw_delivered,9.56818181818182,779.957199237215
launch_cost_gbp_per_kg_to_staging_orbit,5000,system_specific_mass_kg_per_kw_delivered,9.56818181818182,796.426863178048
launch_cost_gbp_per_kg_to_staging_orbit,20,system_specific_mass_kg_per_kw_delivered,9.78409090909091,72.8124001695217
launch_cost_gbp_per_kg_to_staging_orbit,133.181818181818,system_specific_mass_kg_per_kw_delivered,9.78409090909091,89.6537073584256
launch_cost_gbp_per_kg_to_staging_orbit,246.363636363636,system_specific_mass_kg_per_kw_delivered,9.78409090909091,106.49501454733
launch_cost_gbp_per_kg_to_staging_orbit,359.545454545455,system_specific_mass_kg_per_kw_delivered,9.78409090909091,123.336321736233
launch_cost_gbp_per_kg_to_staging_orbit,472.727272727273,system_specific_mass_kg_per_kw_delivered,9.78409090909091,140.177628925137
launch_cost_gbp_per_kg_to_staging_orbit,585.909090909091,system_specific_mass_kg_per_kw_delivered,9.78409090909091,157.018936114041
launch_cost_gbp_per_kg_to_staging_orbit,699.090909090909,system_specific_mass_kg_per_kw_delivered,9.78409090909091,173.860243302945
launch_cost_gbp_per_kg_to_staging_orbit,812.272727272727,system_specific_mass_kg_per_kw_delivered,9.78409090909091,190.701550491849
launch_cost_gbp_per_kg_to_staging_orbit,925.454545454545,system_specific_mass_kg_per_kw_delivered,9.78409090909091,207.542857680753
launch_cost_gbp_per_kg_to_staging_orbit,1038.63636363636,system_specific_mass_kg_per_kw_delivered,9.78409090909091,224.384164869657
launch_cost_gbp_per_kg_to_staging_orbit,1151.81818181818,system_specific_mass_kg_per_kw_delivered,9.78409090909091,241.225472058561
launch_cost_gbp_per_kg_to_staging_orbit,1265,system_specific_mass_kg_per_kw_delivered,9.78409090909091,258.066779247465
launch_cost_gbp_per_kg_to_staging_orbit,1378.18181818182,system_specific_mass_kg_per_kw_delivered,9.78409090909091,274.908086436369
launch_cost_gbp_per_kg_to_staging_orbit,1491.36363636364,system_specific_mass_kg_per_kw_delivered,9.78409090909091,291.749393625273
launch_cost_gbp_per_kg_to_staging_orbit,1604.54545454545,system_specific_mass_kg_per_kw_delivered,9.78409090909091,308.590700814177
launch_cost_gbp_per_kg_to_staging_orbit,1717.72727272727,system_specific_mass_kg_per_kw_delivered,9.78409090909091,325.432008003081
launch_cost_gbp_per_kg_to_staging_orbit,1830.90909090909,system_specific_mass_kg_per_kw_delivered,9.78409090909091,342.273315191985
launch_cost_gbp_per_kg_to_staging_orbit,1944.09090909091,system_specific_mass_kg_per_kw_delivered,9.78409090909091,359.114622380889
launch_cost_gbp_per_kg_to_staging_orbit,2057.27272727273,system_specific_mass_kg_per_kw_delivered,9.78409090909091,375.955929569793
launch_cost_gbp_per_kg_to_staging_orbit,2170.45454545455,system_specific_mass_kg_per_kw_delivered,9.78409090909091,392.797236758696
launch_cost_gbp_per_kg_to_staging_orbit,2283.63636363636,system_specific_mass_kg_per_kw_delivered,9.78409090909091,409.6385439476
launch_cost_gbp_per_kg_to_staging_orbit,2396.81818181818,system_specific_mass_kg_per_kw_delivered,9.78409090909091,426.479851136504
launch_cost_gbp_per_kg_to_staging_orbit,2510,system_specific_mass_kg_per_kw_delivered,9.78409090909091,443.321158325408
launch_cost_gbp_per_kg_to_staging_orbit,2623.18181818182,system_specific_mass_kg_per_kw_delivered,9.78409090909091,460.162465514312
launch_cost_gbp_per_kg_to_staging_orbit,2736.36363636364,system_specific_mass_kg_per_kw_delivered,9.78409090909091,477.003772703216
launch_cost_gbp_per_kg_to_staging_orbit,2849.54545454545,system_specific_mass_kg_per_kw_delivered,9.78409090909091,493.84507989212
launch_cost_gbp_per_kg_to_staging_orbit,2962.72727272727,system_specific_mass_kg_per_kw_delivered,9.78409090909091,510.686387081024
launch_cost_gbp_per_kg_to_staging_orbit,3075.90909090909,system_specific_mass_kg_per_kw_delivered,9.78409090909091,527.527694269928
launch_cost_gbp_per_kg_to_staging_orbit,3189.09090909091,system_specific_mass_kg_per_kw_delivered,9.78409090909091,544.369001458832
launch_cost_gbp_per_kg_to_staging_orbit,3302.27272727273,system_specific_mass_kg_per_kw_delivered,9.78409090909091,561.210308647736
launch_cost_gbp_per_kg_to_staging_orbit,3415.45454545455,system_specific_mass_kg_per_kw_delivered,9.78409090909091,578.05161583664
launch_cost_gbp_per_kg_to_staging_orbit,3528.63636363636,system_specific_mass_kg_per_kw_delivered,9.78409090909091,594.892923025544
launch_cost_gbp_per_kg_to_staging_orbit,3641.81818181818,system_specific_mass_kg_per_kw_delivered,9.78409090909091,611.734230214448
launch_cost_gbp_per_kg_to_staging_orbit,3755,system_specific_mass_kg_per_kw_delivered,9.78409090909091,628.575537403352
launch_cost_gbp_per_kg_to_staging_orbit,3868.18181818182,system_specific_mass_kg_per_kw_delivered,9.78409090909091,645.416844592255
launch_cost_gbp_per_kg_to_staging_orbit,3981.36363636364,system_specific_mass_kg_per_kw_delivered,9.78409090909091,662.258151781159
launch_cost_gbp_per_kg_to_staging_orbit,4094.54545454545,system_specific_mass_kg_per_kw_delivered,9.78409090909091,679.099458970063
launch_cost_gbp_per_kg_to_staging_orbit,4207.72727272727,system_specific_mass_kg_per_kw_delivered,9.78409090909091,695.940766158967
launch_cost_gbp_per_kg_to_staging_orbit,4320.90909090909,system_specific_mass_kg_per_kw_delivered,9.78409090909091,712.782073347871
launch_cost_gbp_per_kg_to_staging_orbit,4434.09090909091,system_specific_mass_kg_per_kw_delivered,9.78409090909091,729.623380536775
launch_cost_gbp_per_kg_to_staging_orbit,4547.27272727273,system_specific_mass_kg_per_kw_delivered,9.78409090909091,746.464687725679
launch_cost_gbp_per_kg_to_staging_orbit,4660.45454545455,system_specific_mass_kg_per_kw_delivered,9.78409090909091,763.305994914583
launch_cost_gbp_per_kg_to_staging_orbit,4773.63636363636,system_specific_mass_kg_per_kw_delivered,9.78409090909091,780.147302103487
launch_cost_gbp_per_kg_to_staging_orbit,4886.81818181818,system_specific_mass_kg_per_kw_delivered,9.78409090909091,796.988609292391
launch_cost_gbp_per_kg_to_staging_orbit,5000,system_specific_mass_kg_per_kw_delivered,9.78409090909091,813.829916481295
launch_cost_gbp_per_kg_to_staging_orbit,20,system_specific_mass_kg_per_kw_delivered,10,73.8631505576422
launch_cost_gbp_per_kg_to_staging_orbit,133.181818181818,system_specific_mass_kg_per_kw_delivered,10,91.0761009946172
launch_cost_gbp_per_kg_to_staging_orbit,246.363636363636,system_specific_mass_kg_per_kw_delivered,10,108.289051431592
launch_cost_gbp_per_kg_to_staging_orbit,359.545454545455,system_specific_mass_kg_per_kw_delivered,10,125.502001868567
launch_cost_gbp_per_kg_to_staging_orbit,472.727272727273,system_specific_mass_kg_per_kw_delivered,10,142.714952305542
launch_cost_gbp_per_kg_to_staging_orbit,585.909090909091,system_specific_mass_kg_per_kw_delivered,10,159.927902742517
launch_cost_gbp_per_kg_to_staging_orbit,699.090909090909,system_specific_mass_kg_per_kw_delivered,10,177.140853179492
launch_cost_gbp_per_kg_to_staging_orbit,812.272727272727,system_specific_mass_kg_per_kw_delivered,10,194.353803616467
launch_cost_gbp_per_kg_to_staging_orbit,925.454545454545,system_specific_mass_kg_per_kw_delivered,10,211.566754053442
launch_cost_gbp_per_kg_to_staging_orbit,1038.63636363636,system_specific_mass_kg_per_kw_delivered,10,228.779704490417
launch_cost_gbp_per_kg_to_staging_orbit,1151.81818181818,system_specific_mass_kg_per_kw_delivered,10,245.992654927392
launch_cost_gbp_per_kg_to_staging_orbit,1265,system_specific_mass_kg_per_kw_delivered,10,263.205605364367
launch_cost_gbp_per_kg_to_staging_orbit,1378.18181818182,system_specific_mass_kg_per_kw_delivered,10,280.418555801342
launch_cost_gbp_per_kg_to_staging_orbit,1491.36363636364,system_specific_mass_kg_per_kw_delivered,10,297.631506238317
launch_cost_gbp_per_kg_to_staging_orbit,1604.54545454545,system_specific_mass_kg_per_kw_delivered,10,314.844456675292
launch_cost_gbp_per_kg_to_staging_orbit,1717.72727272727,system_specific_mass_kg_per_kw_delivered,10,332.057407112267
launch_cost_gbp_per_kg_to_staging_orbit,1830.90909090909,system_specific_mass_kg_per_kw_delivered,10,349.270357549242
launch_cost_gbp_per_kg_to_staging_orbit,1944.09090909091,system_specific_mass_kg_per_kw_delivered,10,366.483307986217
launch_cost_gbp_per_kg_to_staging_orbit,2057.27272727273,system_specific_mass_kg_per_kw_delivered,10,383.696258423192
launch_cost_gbp_per_kg_to_staging_orbit,2170.45454545455,system_specific_mass_kg_per_kw_delivered,10,400.909208860167
launch_cost_gbp_per_kg_to_staging_orbit,2283.63636363636,system_specific_mass_kg_per_kw_delivered,10,418.122159297142
launch_cost_gbp_per_kg_to_staging_orbit,2396.81818181818,system_specific_mass_kg_per_kw_delivered,10,435.335109734117
launch_cost_gbp_per_kg_to_staging_orbit,2510,system_specific_mass_kg_per_kw_delivered,10,452.548060171092
launch_cost_gbp_per_kg_to_staging_orbit,2623.18181818182,system_specific_mass_kg_per_kw_delivered,10,469.761010608067
launch_cost_gbp_per_kg_to_staging_orbit,2736.36363636364,system_specific_mass_kg_per_kw_delivered,10,486.973961045042
launch_cost_gbp_per_kg_to_staging_orbit,2849.54545454545,system_specific_mass_kg_per_kw_delivered,10,504.186911482017
launch_cost_gbp_per_kg_to_staging_orbit,2962.72727272727,system_specific_mass_kg_per_kw_delivered,10,521.399861918992
launch_cost_gbp_per_kg_to_staging_orbit,3075.90909090909,system_specific_mass_kg_per_kw_delivered,10,538.612812355967
launch_cost_gbp_per_kg_to_staging_orbit,3189.09090909091,system_specific_mass_kg_per_kw_delivered,10,555.825762792942
launch_cost_gbp_per_kg_to_staging_orbit,3302.27272727273,system_specific_mass_kg_per_kw_delivered,10,573.038713229917
launch_cost_gbp_per_kg_to_staging_orbit,3415.45454545455,system_specific_mass_kg_per_kw_delivered,10,590.251663666892
launch_cost_gbp_per_kg_to_staging_orbit,3528.63636363636,system_specific_mass_kg_per_kw_delivered,10,607.464614103867
launch_cost_gbp_per_kg_to_staging_orbit,3641.81818181818,system_specific_mass_kg_per_kw_delivered,10,624.677564540842
launch_cost_gbp_per_kg_to_staging_orbit,3755,system_specific_mass_kg_per_kw_delivered,10,641.890514977817
launch_cost_gbp_per_kg_to_staging_orbit,3868.18181818182,system_specific_mass_kg_per_kw_delivered,10,659.103465414792
launch_cost_gbp_per_kg_to_staging_orbit,3981.36363636364,system_specific_mass_kg_per_kw_delivered,10,676.316415851767
launch_cost_gbp_per_kg_to_staging_orbit,4094.54545454545,system_specific_mass_kg_per_kw_delivered,10,693.529366288742
launch_cost_gbp_per_kg_to_staging_orbit,4207.72727272727,system_specific_mass_kg_per_kw_delivered,10,710.742316725717
launch_cost_gbp_per_kg_to_staging_orbit,4320.90909090909,system_specific_mass_kg_per_kw_delivered,10,727.955267162692
launch_cost_gbp_per_kg_to_staging_orbit,4434.09090909091,system_specific_mass_kg_per_kw_delivered,10,745.168217599667
launch_cost_gbp_per_kg_to_staging_orbit,4547.27272727273,system_specific_mass_kg_per_kw_delivered,10,762.381168036642
launch_cost_gbp_per_kg_to_staging_orbit,4660.45454545455,system_specific_mass_kg_per_kw_delivered,10,779.594118473617
launch_cost_gbp_per_kg_to_staging_orbit,4773.63636363636,system_specific_mass_kg_per_kw_delivered,10,796.807068910592
launch_cost_gbp_per_kg_to_staging_orbit,4886.81818181818,system_specific_mass_kg_per_kw_delivered,10,814.020019347566
launch_cost_gbp_per_kg_to_staging_orbit,5000,system_specific_mass_kg_per_kw_delivered,10,831.232969784541
launch_cost_gbp_per_kg_to_staging_orbit,20,solar_conversion_efficiency,0.2,49.5299836748502
launch_cost_gbp_per_kg_to_staging_orbit,133.181818181818,solar_conversion_efficiency,0.2,58.1364588933377
launch_cost_gbp_per_kg_to_staging_orbit,246.363636363636,solar_conversion_efficiency,0.2,66.7429341118252
launch_cost_gbp_per_kg_to_staging_orbit,359.545454545455,solar_conversion_efficiency,0.2,75.3494093303127
launch_cost_gbp_per_kg_to_staging_orbit,472.727272727273,solar_conversion_efficiency,0.2,83.9558845488002
launch_cost_gbp_per_kg_to_staging_orbit,585.909090909091,solar_conversion_efficiency,0.2,92.5623597672877
launch_cost_gbp_per_kg_to_staging_orbit,699.090909090909,solar_conversion_efficiency,0.2,101.168834985775
launch_cost_gbp_per_kg_to_staging_orbit,812.272727272727,solar_conversion_efficiency,0.2,109.775310204263
launch_cost_gbp_per_kg_to_staging_orbit,925.454545454545,solar_conversion_efficiency,0.2,118.38178542275
launch_cost_gbp_per_kg_to_staging_orbit,1038.63636363636,solar_conversion_efficiency,0.2,126.988260641238
launch_cost_gbp_per_kg_to_staging_orbit,1151.81818181818,solar_conversion_efficiency,0.2,135.594735859725
launch_cost_gbp_per_kg_to_staging_orbit,1265,solar_conversion_efficiency,0.2,144.201211078213
launch_cost_gbp_per_kg_to_staging_orbit,1378.18181818182,solar_conversion_efficiency,0.2,152.8076862967
launch_cost_gbp_per_kg_to_staging_orbit,1491.36363636364,solar_conversion_efficiency,0.2,161.414161515188
launch_cost_gbp_per_kg_to_staging_orbit,1604.54545454545,solar_conversion_efficiency,0.2,170.020636733675
launch_cost_gbp_per_kg_to_staging_orbit,1717.72727272727,solar_conversion_efficiency,0.2,178.627111952163
launch_cost_gbp_per_kg_to_staging_orbit,1830.90909090909,solar_conversion_efficiency,0.2,187.23358717065
launch_cost_gbp_per_kg_to_staging_orbit,1944.09090909091,solar_conversion_efficiency,0.2,195.840062389138
launch_cost_gbp_per_kg_to_staging_orbit,2057.27272727273,solar_conversion_efficiency,0.2,204.446537607625
launch_cost_gbp_per_kg_to_staging_orbit,2170.45454545455,solar_conversion_efficiency,0.2,213.053012826113
launch_cost_gbp_per_kg_to_staging_orbit,2283.63636363636,solar_conversion_efficiency,0.2,221.6594880446
launch_cost_gbp_per_kg_to_staging_orbit,2396.81818181818,solar_conversion_efficiency,0.2,230.265963263088
launch_cost_gbp_per_kg_to_staging_orbit,2510,solar_conversion_efficiency,0.2,238.872438481575
launch_cost_gbp_per_kg_to_staging_orbit,2623.18181818182,solar_conversion_efficiency,0.2,247.478913700063
launch_cost_gbp_per_kg_to_staging_orbit,2736.36363636364,solar_conversion_efficiency,0.2,256.08538891855
launch_cost_gbp_per_kg_to_staging_orbit,2849.54545454545,solar_conversion_efficiency,0.2,264.691864137037
launch_cost_gbp_per_kg_to_staging_orbit,2962.72727272727,solar_conversion_efficiency,0.2,273.298339355525
launch_cost_gbp_per_kg_to_staging_orbit,3075.90909090909,solar_conversion_efficiency,0.2,281.904814574013
launch_cost_gbp_per_kg_to_staging_orbit,3189.09090909091,solar_conversion_efficiency,0.2,290.5112897925
launch_cost_gbp_per_kg_to_staging_orbit,3302.27272727273,solar_conversion_efficiency,0.2,299.117765010988
launch_cost_gbp_per_kg_to_staging_orbit,3415.45454545455,solar_conversion_efficiency,0.2,307.724240229475
launch_cost_gbp_per_kg_to_staging_orbit,3528.63636363636,solar_conversion_efficiency,0.2,316.330715447963
launch_cost_gbp_per_kg_to_staging_orbit,3641.81818181818,solar_conversion_efficiency,0.2,324.93719066645
launch_cost_gbp_per_kg_to_staging_orbit,3755,solar_conversion_efficiency,0.2,333.543665884938
launch_cost_gbp_per_kg_to_staging_orbit,3868.18181818182,solar_conversion_efficiency,0.2,342.150141103425
launch_cost_gbp_per_kg_to_staging_orbit,3981.36363636364,solar_conversion_efficiency,0.2,350.756616321913
launch_cost_gbp_per_kg_to_staging_orbit,4094.54545454545,solar_conversion_efficiency,0.2,359.3630915404
launch_cost_gbp_per_kg_to_staging_orbit,4207.72727272727,solar_conversion_efficiency,0.2,367.969566758887
launch_cost_gbp_per_kg_to_staging_orbit,4320.90909090909,solar_conversion_efficiency,0.2,376.576041977375
launch_cost_gbp_per_kg_to_staging_orbit,4434.09090909091,solar_conversion_efficiency,0.2,385.182517195862
launch_cost_gbp_per_kg_to_staging_orbit,4547.27272727273,solar_conversion_efficiency,0.2,393.78899241435
launch_cost_gbp_per_kg_to_staging_orbit,4660.45454545455,solar_conversion_efficiency,0.2,402.395467632837
launch_cost_gbp_per_kg_to_staging_orbit,4773.63636363636,solar_conversion_efficiency,0.2,411.001942851325
launch_cost_gbp_per_kg_to_staging_orbit,4886.81818181818,solar_conversion_efficiency,0.2,419.608418069812
launch_cost_gbp_per_kg_to_staging_orbit,5000,solar_conversion_efficiency,0.2,428.2148932883
launch_cost_gbp_per_kg_to_staging_orbit,20,solar_conversion_efficiency,0.205681818181818,49.5299836748502
launch_cost_gbp_per_kg_to_staging_orbit,133.181818181818,solar_conversion_efficiency,0.205681818181818,58.1364588933377
launch_cost_gbp_per_kg_to_staging_orbit,246.363636363636,solar_conversion_efficiency,0.205681818181818,66.7429341118252
launch_cost_gbp_per_kg_to_staging_orbit,359.545454545455,solar_conversion_efficiency,0.205681818181818,75.3494093303127
launch_cost_gbp_per_kg_to_staging_orbit,472.727272727273,solar_conversion_efficiency,0.205681818181818,83.9558845488002
launch_cost_gbp_per_kg_to_staging_orbit,585.909090909091,solar_conversion_efficiency,0.205681818181818,92.5623597672877
launch_cost_gbp_per_kg_to_staging_orbit,699.090909090909,solar_conversion_efficiency,0.205681818181818,101.168834985775
launch_cost_gbp_per_kg_to_staging_orbit,812.272727272727,solar_conversion_efficiency,0.205681818181818,109.775310204263
launch_cost_gbp_per_kg_to_staging_orbit,925.454545454545,solar_conversion_efficiency,0.205681818181818,118.38178542275
launch_cost_gbp_per_kg_to_staging_orbit,1038.63636363636,solar_conversion_efficiency,0.205681818181818,126.988260641238
launch_cost_gbp_per_kg_to_staging_orbit,1151.81818181818,solar_conversion_efficiency,0.205681818181818,135.594735859725
launch_cost_gbp_per_kg_to_staging_orbit,1265,solar_conversion_efficiency,0.205681818181818,144.201211078213
launch_cost_gbp_per_kg_to_staging_orbit,1378.18181818182,solar_conversion_efficiency,0.205681818181818,152.8076862967
launch_cost_gbp_per_kg_to_staging_orbit,1491.36363636364,solar_conversion_efficiency,0.205681818181818,161.414161515188
launch_cost_gbp_per_kg_to_staging_orbit,1604.54545454545,solar_conversion_efficiency,0.205681818181818,170.020636733675
launch_cost_gbp_per_kg_to_staging_orbit,1717.72727272727,solar_conversion_efficiency,0.205681818181818,178.627111952163
launch_cost_gbp_per_kg_to_staging_orbit,1830.90909090909,solar_conversion_efficiency,0.205681818181818,187.23358717065
launch_cost_gbp_per_kg_to_staging_orbit,1944.09090909091,solar_conversion_efficiency,0.205681818181818,195.840062389138
launch_cost_gbp_per_kg_to_staging_orbit,2057.27272727273,solar_conversion_efficiency,0.205681818181818,204.446537607625
launch_cost_gbp_per_kg_to_staging_orbit,2170.45454545455,solar_conversion_efficiency,0.205681818181818,213.053012826113
launch_cost_gbp_per_kg_to_staging_orbit,2283.63636363636,solar_conversion_efficiency,0.205681818181818,221.6594880446
launch_cost_gbp_per_kg_to_staging_orbit,2396.81818181818,solar_conversion_efficiency,0.205681818181818,230.265963263088
launch_cost_gbp_per_kg_to_staging_orbit,2510,solar_conversion_efficiency,0.205681818181818,238.872438481575
launch_cost_gbp_per_kg_to_staging_orbit,2623.18181818182,solar_conversion_efficiency,0.205681818181818,247.478913700063
launch_cost_gbp_per_kg_to_staging_orbit,2736.36363636364,solar_conversion_efficiency,0.205681818181818,256.08538891855
launch_cost_gbp_per_kg_to_staging_orbit,2849.54545454545,solar_conversion_efficiency,0.205681818181818,264.691864137037
launch_cost_gbp_per_kg_to_staging_orbit,2962.72727272727,solar_conversion_efficiency,0.205681818181818,273.298339355525
launch_cost_gbp_per_kg_to_staging_orbit,3075.90909090909,solar_conversion_efficiency,0.205681818181818,281.904814574013
launch_cost_gbp_per_kg_to_staging_orbit,3189.09090909091,solar_conversion_efficiency,0.205681818181818,290.5112897925
launch_cost_gbp_per_kg_to_staging_orbit,3302.27272727273,solar_conversion_efficiency,0.205681818181818,299.117765010988
launch_cost_gbp_per_kg_to_staging_orbit,3415.45454545455,solar_conversion_efficiency,0.205681818181818,307.724240229475
launch_cost_gbp_per_kg_to_staging_orbit,3528.63636363636,solar_conversion_efficiency,0.205681818181818,316.330715447963
launch_cost_gbp_per_kg_to_staging_orbit,3641.81818181818,solar_conversion_efficiency,0.205681818181818,324.93719066645
launch_cost_gbp_per_kg_to_staging_orbit,3755,solar_conversion_efficiency,0.205681818181818,333.543665884938
launch_cost_gbp_per_kg_to_staging_orbit,3868.18181818182,solar_conversion_efficiency,0.205681818181818,342.150141103425
launch_cost_gbp_per_kg_to_staging_orbit,3981.36363636364,solar_conversion_efficiency,0.205681818181818,350.756616321913
launch_cost_gbp_per_kg_to_staging_orbit,4094.54545454545,solar_conversion_efficiency,0.205681818181818,359.3630915404
launch_cost_gbp_per_kg_to_staging_orbit,4207.72727272727,solar_conversion_efficiency,0.205681818181818,367.969566758887
launch_cost_gbp_per_kg_to_staging_orbit,4320.90909090909,solar_conversion_efficiency,0.205681818181818,376.576041977375
launch_cost_gbp_per_kg_to_staging_orbit,4434.09090909091,solar_conversion_efficiency,0.205681818181818,385.182517195862
launch_cost_gbp_per_kg_to_staging_orbit,4547.27272727273,solar_conversion_efficiency,0.205681818181818,393.78899241435
launch_cost_gbp_per_kg_to_staging_orbit,4660.45454545455,solar_conversion_efficiency,0.205681818181818,402.395467632837
launch_cost_gbp_per_kg_to_staging_orbit,4773.63636363636,solar_conversion_efficiency,0.205681818181818,411.001942851325
launch_cost_gbp_per_kg_to_staging_orbit,4886.81818181818,solar_conversion_efficiency,0.205681818181818,419.608418069812
launch_cost_gbp_per_kg_to_staging_orbit,5000,solar_conversion_efficiency,0.205681818181818,428.2148932883
launch_cost_gbp_per_kg_to_staging_orbit,20,solar_conversion_efficiency,0.211363636363636,49.5299836748502
launch_cost_gbp_per_kg_to_staging_orbit,133.181818181818,solar_conversion_efficiency,0.211363636363636,58.1364588933377
launch_cost_gbp_per_kg_to_staging_orbit,246.363636363636,solar_conversion_efficiency,0.211363636363636,66.7429341118252
launch_cost_gbp_per_kg_to_staging_orbit,359.545454545455,solar_conversion_efficiency,0.211363636363636,75.3494093303127
launch_cost_gbp_per_kg_to_staging_orbit,472.727272727273,solar_conversion_efficiency,0.211363636363636,83.9558845488002
launch_cost_gbp_per_kg_to_staging_orbit,585.909090909091,solar_conversion_efficiency,0.211363636363636,92.5623597672877
launch_cost_gbp_per_kg_to_staging_orbit,699.090909090909,solar_conversion_efficiency,0.211363636363636,101.168834985775
launch_cost_gbp_per_kg_to_staging_orbit,812.272727272727,solar_conversion_efficiency,0.211363636363636,109.775310204263
launch_cost_gbp_per_kg_to_staging_orbit,925.454545454545,solar_conversion_efficiency,0.211363636363636,118.38178542275
launch_cost_gbp_per_kg_to_staging_orbit,1038.63636363636,solar_conversion_efficiency,0.211363636363636,126.988260641238
launch_cost_gbp_per_kg_to_staging_orbit,1151.81818181818,solar_conversion_efficiency,0.211363636363636,135.594735859725
launch_cost_gbp_per_kg_to_staging_orbit,1265,solar_conversion_efficiency,0.211363636363636,144.201211078213
launch_cost_gbp_per_kg_to_staging_orbit,1378.18181818182,solar_conversion_efficiency,0.211363636363636,152.8076862967
launch_cost_gbp_per_kg_to_staging_orbit,1491.36363636364,solar_conversion_efficiency,0.211363636363636,161.414161515188
launch_cost_gbp_per_kg_to_staging_orbit,1604.54545454545,solar_conversion_efficiency,0.211363636363636,170.020636733675
launch_cost_gbp_per_kg_to_staging_orbit,1717.72727272727,solar_conversion_efficiency,0.211363636363636,178.627111952163
launch_cost_gbp_per_kg_to_staging_orbit,1830.90909090909,solar_conversion_efficiency,0.211363636363636,187.23358717065
launch_cost_gbp_per_kg_to_staging_orbit,1944.09090909091,solar_conversion_efficiency,0.211363636363636,195.840062389138
launch_cost_gbp_per_kg_to_staging_orbit,2057.27272727273,solar_conversion_efficiency,0.211363636363636,204.446537607625
launch_cost_gbp_per_kg_to_staging_orbit,2170.45454545455,solar_conversion_efficiency,0.211363636363636,213.053012826113
launch_cost_gbp_per_kg_to_staging_orbit,2283.63636363636,solar_conversion_efficiency,0.211363636363636,221.6594880446
launch_cost_gbp_per_kg_to_staging_orbit,2396.81818181818,solar_conversion_efficiency,0.211363636363636,230.265963263088
launch_cost_gbp_per_kg_to_staging_orbit,2510,solar_conversion_efficiency,0.211363636363636,238.872438481575
launch_cost_gbp_per_kg_to_staging_orbit,2623.18181818182,solar_conversion_efficiency,0.211363636363636,247.478913700063
launch_cost_gbp_per_kg_to_staging_orbit,2736.36363636364,solar_conversion_efficiency,0.211363636363636,256.08538891855
launch_cost_gbp_per_kg_to_staging_orbit,2849.54545454545,solar_conversion_efficiency,0.211363636363636,264.691864137037
launch_cost_gbp_per_kg_to_staging_orbit,2962.72727272727,solar_conversion_efficiency,0.211363636363636,273.298339355525
launch_cost_gbp_per_kg_to_staging_orbit,3075.90909090909,solar_conversion_efficiency,0.211363636363636,281.904814574013
launch_cost_gbp_per_kg_to_staging_orbit,3189.09090909091,solar_conversion_efficiency,0.211363636363636,290.5112897925
launch_cost_gbp_per_kg_to_staging_orbit,3302.27272727273,solar_conversion_efficiency,0.211363636363636,299.117765010988
launch_cost_gbp_per_kg_to_staging_orbit,3415.45454545455,solar_conversion_efficiency,0.211363636363636,307.724240229475
launch_cost_gbp_per_kg_to_staging_orbit,3528.63636363636,solar_conversion_efficiency,0.211363636363636,316.330715447963
launch_cost_gbp_per_kg_to_staging_orbit,3641.81818181818,solar_conversion_efficiency,0.211363636363636,324.93719066645
launch_cost_gbp_per_kg_to_staging_orbit,3755,solar_conversion_efficiency,0.211363636363636,333.543665884938
launch_cost_gbp_per_kg_to_staging_orbit,3868.18181818182,solar_conversion_efficiency,0.211363636363636,342.150141103425
launch_cost_gbp_per_kg_to_staging_orbit,3981.36363636364,solar_conversion_efficiency,0.211363636363636,350.756616321913
launch_cost_gbp_per_kg_to_staging_orbit,4094.54545454545,solar_conversion_efficiency,0.211363636363636,359.3630915404
launch_cost_gbp_per_kg_to_staging_orbit,4207.72727272727,solar_conversion_efficiency,0.211363636363636,367.969566758887
launch_cost_gbp_per_kg_to_staging_orbit,4320.90909090909,solar_conversion_efficiency,0.211363636363636,376.576041977375
launch_cost_gbp_per_kg_to_staging_orbit,4434.09090909091,solar_conversion_efficiency,0.211363636363636,385.182517195862
launch_cost_gbp_per_kg_to_staging_orbit,4547.27272727273,solar_conversion_efficiency,0.211363636363636,393.78899241435
launch_cost_gbp_per_kg_to_staging_orbit,4660.45454545455,solar_conversion_efficiency,0.211363636363636,402.395467632837
launch_cost_gbp_per_kg_to_staging_orbit,4773.63636363636,solar_conversion_efficiency,0.211363636363636,411.001942851325
launch_cost_gbp_per_kg_to_staging_orbit,4886.81818181818,solar_conversion_efficiency,0.211363636363636,419.608418069812
launch_cost_gbp_per_kg_to_staging_orbit,5000,solar_conversion_efficiency,0.211363636363636,428.2148932883
launch_cost_gbp_per_kg_to_staging_orbit,20,solar_conversion_efficiency,0.217045454545455,49.5299836748502
launch_cost_gbp_per_kg_to_staging_orbit,133.181818181818,solar_conversion_efficiency,0.217045454545455,58.1364588933377
launch_cost_gbp_per_kg_to_staging_orbit,246.363636363636,solar_conversion_efficiency,0.217045454545455,66.7429341118252
launch_cost_gbp_per_kg_to_staging_orbit,359.545454545455,solar_conversion_efficiency,0.217045454545455,75.3494093303127
launch_cost_gbp_per_kg_to_staging_orbit,472.727272727273,solar_conversion_efficiency,0.217045454545455,83.9558845488002
launch_cost_gbp_per_kg_to_staging_orbit,585.909090909091,solar_conversion_efficiency,0.217045454545455,92.5623597672877
launch_cost_gbp_per_kg_to_staging_orbit,699.090909090909,solar_conversion_efficiency,0.217045454545455,101.168834985775
launch_cost_gbp_per_kg_to_staging_orbit,812.272727272727,solar_conversion_efficiency,0.217045454545455,109.775310204263
launch_cost_gbp_per_kg_to_staging_orbit,925.454545454545,solar_conversion_efficiency,0.217045454545455,118.38178542275
launch_cost_gbp_per_kg_to_staging_orbit,1038.63636363636,solar_conversion_efficiency,0.217045454545455,126.988260641238
launch_cost_gbp_per_kg_to_staging_orbit,1151.81818181818,solar_conversion_efficiency,0.217045454545455,135.594735859725
launch_cost_gbp_per_kg_to_staging_orbit,1265,solar_conversion_efficiency,0.217045454545455,144.201211078213
launch_cost_gbp_per_kg_to_staging_orbit,1378.18181818182,solar_conversion_efficiency,0.217045454545455,152.8076862967
launch_cost_gbp_per_kg_to_staging_orbit,1491.36363636364,solar_conversion_efficiency,0.217045454545455,161.414161515188
launch_cost_gbp_per_kg_to_staging_orbit,1604.54545454545,solar_conversion_efficiency,0.217045454545455,170.020636733675
launch_cost_gbp_per_kg_to_staging_orbit,1717.72727272727,solar_conversion_efficiency,0.217045454545455,178.627111952163
launch_cost_gbp_per_kg_to_staging_orbit,1830.90909090909,solar_conversion_efficiency,0.217045454545455,187.23358717065
launch_cost_gbp_per_kg_to_staging_orbit,1944.09090909091,solar_conversion_efficiency,0.217045454545455,195.840062389138
launch_cost_gbp_per_kg_to_staging_orbit,2057.27272727273,solar_conversion_efficiency,0.217045454545455,204.446537607625
launch_cost_gbp_per_kg_to_staging_orbit,2170.45454545455,solar_conversion_efficiency,0.217045454545455,213.053012826113
launch_cost_gbp_per_kg_to_staging_orbit,2283.63636363636,solar_conversion_efficiency,0.217045454545455,221.6594880446
launch_cost_gbp_per_kg_to_staging_orbit,2396.81818181818,solar_conversion_efficiency,0.217045454545455,230.265963263088
launch_cost_gbp_per_kg_to_staging_orbit,2510,solar_conversion_efficiency,0.217045454545455,238.872438481575
launch_cost_gbp_per_kg_to_staging_orbit,2623.18181818182,solar_conversion_efficiency,0.217045454545455,247.478913700063
launch_cost_gbp_per_kg_to_staging_orbit,2736.36363636364,solar_conversion_efficiency,0.217045454545455,256.08538891855
launch_cost_gbp_per_kg_to_staging_orbit,2849.54545454545,solar_conversion_efficiency,0.217045454545455,264.691864137037
launch_cost_gbp_per_kg_to_staging_orbit,2962.72727272727,solar_conversion_efficiency,0.217045454545455,273.298339355525
launch_cost_gbp_per_kg_to_staging_orbit,3075.90909090909,solar_conversion_efficiency,0.217045454545455,281.904814574013
launch_cost_gbp_per_kg_to_staging_orbit,3189.09090909091,solar_conversion_efficiency,0.217045454545455,290.5112897925
launch_cost_gbp_per_kg_to_staging_orbit,3302.27272727273,solar_conversion_efficiency,0.217045454545455,299.117765010988
launch_cost_gbp_per_kg_to_staging_orbit,3415.45454545455,solar_conversion_efficiency,0.217045454545455,307.724240229475
launch_cost_gbp_per_kg_to_staging_orbit,3528.63636363636,solar_conversion_efficiency,0.217045454545455,316.330715447963
launch_cost_gbp_per_kg_to_staging_orbit,3641.81818181818,solar_conversion_efficiency,0.217045454545455,324.93719066645
launch_cost_gbp_per_kg_to_staging_orbit,3755,solar_conversion_efficiency,0.217045454545455,333.543665884938
launch_cost_gbp_per_kg_to_staging_orbit,3868.18181818182,solar_conversion_efficiency,0.217045454545455,342.150141103425
launch_cost_gbp_per_kg_to_staging_orbit,3981.36363636364,solar_conversion_efficiency,0.217045454545455,350.756616321913
launch_cost_gbp_per_kg_to_staging_orbit,4094.54545454545,solar_conversion_efficiency,0.217045454545455,359.3630915404
launch_cost_gbp_per_kg_to_staging_orbit,4207.72727272727,solar_conversion_efficiency,0.217045454545455,367.969566758887
launch_cost_gbp_per_kg_to_staging_orbit,4320.90909090909,solar_conversion_efficiency,0.217045454545455,376.576041977375
launch_cost_gbp_per_kg_to_staging_orbit,4434.09090909091,solar_conversion_efficiency,0.217045454545455,385.182517195862
launch_cost_gbp_per_kg_to_staging_orbit,4547.27272727273,solar_conversion_efficiency,0.217045454545455,393.78899241435
launch_cost_gbp_per_kg_to_staging_orbit,4660.45454545455,solar_conversion_efficiency,0.217045454545455,402.395467632837
launch_cost_gbp_per_kg_to_staging_orbit,4773.63636363636,solar_conversion_efficiency,0.217045454545455,411.001942851325
launch_cost_gbp_per_kg_to_staging_orbit,4886.81818181818,solar_conversion_efficiency,0.217045454545455,419.608418069812
launch_cost_gbp_per_kg_to_staging_orbit,5000,solar_conversion_efficiency,0.217045454545455,428.2148932883
launch_cost_gbp_per_kg_to_staging_orbit,20,solar_conversion_efficiency,0.222727272727273,49.5299836748502
launch_cost_gbp_per_kg_to_staging_orbit,133.181818181818,solar_conversion_efficiency,0.222727272727273,58.1364588933377
launch_cost_gbp_per_kg_to_staging_orbit,246.363636363636,solar_conversion_efficiency,0.222727272727273,66.7429341118252
launch_cost_gbp_per_kg_to_staging_orbit,359.545454545455,solar_conversion_efficiency,0.222727272727273,75.3494093303127
launch_cost_gbp_per_kg_to_staging_orbit,472.727272727273,solar_conversion_efficiency,0.222727272727273,83.9558845488002
launch_cost_gbp_per_kg_to_staging_orbit,585.909090909091,solar_conversion_efficiency,0.222727272727273,92.5623597672877
launch_cost_gbp_per_kg_to_staging_orbit,699.090909090909,solar_conversion_efficiency,0.222727272727273,101.168834985775
launch_cost_gbp_per_kg_to_staging_orbit,812.272727272727,solar_conversion_efficiency,0.222727272727273,109.775310204263
launch_cost_gbp_per_kg_to_staging_orbit,925.454545454545,solar_conversion_efficiency,0.222727272727273,118.38178542275
launch_cost_gbp_per_kg_to_staging_orbit,1038.63636363636,solar_conversion_efficiency,0.222727272727273,126.988260641238
launch_cost_gbp_per_kg_to_staging_orbit,1151.81818181818,solar_conversion_efficiency,0.222727272727273,135.594735859725
launch_cost_gbp_per_kg_to_staging_orbit,1265,solar_conversion_efficiency,0.222727272727273,144.201211078213
launch_cost_gbp_per_kg_to_staging_orbit,1378.18181818182,solar_conversion_efficiency,0.222727272727273,152.8076862967
launch_cost_gbp_per_kg_to_staging_orbit,1491.36363636364,solar_conversion_efficiency,0.222727272727273,161.414161515188
launch_cost_gbp_per_kg_to_staging_orbit,1604.54545454545,solar_conversion_efficiency,0.222727272727273,170.020636733675
launch_cost_gbp_per_kg_to_staging_orbit,1717.72727272727,solar_conversion_efficiency,0.222727272727273,178.627111952163
launch_cost_gbp_per_kg_to_staging_orbit,1830.90909090909,solar_conversion_efficiency,0.222727272727273,187.23358717065
launch_cost_gbp_per_kg_to_staging_orbit,1944.09090909091,solar_conversion_efficiency,0.222727272727273,195.840062389138
launch_cost_gbp_per_kg_to_staging_orbit,2057.27272727273,solar_conversion_efficiency,0.222727272727273,204.446537607625
launch_cost_gbp_per_kg_to_staging_orbit,2170.45454545455,solar_conversion_efficiency,0.222727272727273,213.053012826113
launch_cost_gbp_per_kg_to_staging_orbit,2283.63636363636,solar_conversion_efficiency,0.222727272727273,221.6594880446
launch_cost_gbp_per_kg_to_staging_orbit,2396.81818181818,solar_conversion_efficiency,0.222727272727273,230.265963263088
launch_cost_gbp_per_kg_to_staging_orbit,2510,solar_conversion_efficiency,0.222727272727273,238.872438481575
launch_cost_gbp_per_kg_to_staging_orbit,2623.18181818182,solar_conversion_efficiency,0.222727272727273,247.478913700063
launch_cost_gbp_per_kg_to_staging_orbit,2736.36363636364,solar_conversion_efficiency,0.222727272727273,256.08538891855
launch_cost_gbp_per_kg_to_staging_orbit,2849.54545454545,solar_conversion_efficiency,0.222727272727273,264.691864137037
launch_cost_gbp_per_kg_to_staging_orbit,2962.72727272727,solar_conversion_efficiency,0.222727272727273,273.298339355525
launch_cost_gbp_per_kg_to_staging_orbit,3075.90909090909,solar_conversion_efficiency,0.222727272727273,281.904814574013
launch_cost_gbp_per_kg_to_staging_orbit,3189.09090909091,solar_conversion_efficiency,0.222727272727273,290.5112897925
launch_cost_gbp_per_kg_to_staging_orbit,3302.27272727273,solar_conversion_efficiency,0.222727272727273,299.117765010988
launch_cost_gbp_per_kg_to_staging_orbit,3415.45454545455,solar_conversion_efficiency,0.222727272727273,307.724240229475
launch_cost_gbp_per_kg_to_staging_orbit,3528.63636363636,solar_conversion_efficiency,0.222727272727273,316.330715447963
launch_cost_gbp_per_kg_to_staging_orbit,3641.81818181818,solar_conversion_efficiency,0.222727272727273,324.93719066645
launch_cost_gbp_per_kg_to_staging_orbit,3755,solar_conversion_efficiency,0.222727272727273,333.543665884938
launch_cost_gbp_per_kg_to_staging_orbit,3868.18181818182,solar_conversion_efficiency,0.222727272727273,342.150141103425
launch_cost_gbp_per_kg_to_staging_orbit,3981.36363636364,solar_conversion_efficiency,0.222727272727273,350.756616321913
launch_cost_gbp_per_kg_to_staging_orbit,4094.54545454545,solar_conversion_efficiency,0.222727272727273,359.3630915404
launch_cost_gbp_per_kg_to_staging_orbit,4207.72727272727,solar_conversion_efficiency,0.222727272727273,367.969566758887
launch_cost_gbp_per_kg_to_staging_orbit,4320.90909090909,solar_conversion_efficiency,0.222727272727273,376.576041977375
launch_cost_gbp_per_kg_to_staging_orbit,4434.09090909091,solar_conversion_efficiency,0.222727272727273,385.182517195862
launch_cost_gbp_per_kg_to_staging_orbit,4547.27272727273,solar_conversion_efficiency,0.222727272727273,393.78899241435
launch_cost_gbp_per_kg_to_staging_orbit,4660.45454545455,solar_conversion_efficiency,0.222727272727273,402.395467632837
launch_cost_gbp_per_kg_to_staging_orbit,4773.63636363636,solar_conversion_efficiency,0.222727272727273,411.001942851325
launch_cost_gbp_per_kg_to_staging_orbit,4886.81818181818,solar_conversion_efficiency,0.222727272727273,419.608418069812
launch_cost_gbp_per_kg_to_staging_orbit,5000,solar_conversion_efficiency,0.222727272727273,428.2148932883
launch_cost_gbp_per_kg_to_staging_orbit,20,solar_conversion_efficiency,0.228409090909091,49.5299836748502
launch_cost_gbp_per_kg_to_staging_orbit,133.181818181818,solar_conversion_efficiency,0.228409090909091,58.1364588933377
launch_cost_gbp_per_kg_to_staging_orbit,246.363636363636,solar_conversion_efficiency,0.228409090909091,66.7429341118252
launch_cost_gbp_per_kg_to_staging_orbit,359.545454545455,solar_conversion_efficiency,0.228409090909091,75.3494093303127
launch_cost_gbp_per_kg_to_staging_orbit,472.727272727273,solar_conversion_efficiency,0.228409090909091,83.9558845488002
launch_cost_gbp_per_kg_to_staging_orbit,585.909090909091,solar_conversion_efficiency,0.228409090909091,92.5623597672877
launch_cost_gbp_per_kg_to_staging_orbit,699.090909090909,solar_conversion_efficiency,0.228409090909091,101.168834985775
launch_cost_gbp_per_kg_to_staging_orbit,812.272727272727,solar_conversion_efficiency,0.228409090909091,109.775310204263
launch_cost_gbp_per_kg_to_staging_orbit,925.454545454545,solar_conversion_efficiency,0.228409090909091,118.38178542275
launch_cost_gbp_per_kg_to_staging_orbit,1038.63636363636,solar_conversion_efficiency,0.228409090909091,126.988260641238
launch_cost_gbp_per_kg_to_staging_orbit,1151.81818181818,solar_conversion_efficiency,0.228409090909091,135.594735859725
launch_cost_gbp_per_kg_to_staging_orbit,1265,solar_conversion_efficiency,0.228409090909091,144.201211078213
launch_cost_gbp_per_kg_to_staging_orbit,1378.18181818182,solar_conversion_efficiency,0.228409090909091,152.8076862967
launch_cost_gbp_per_kg_to_staging_orbit,1491.36363636364,solar_conversion_efficiency,0.228409090909091,161.414161515188
launch_cost_gbp_per_kg_to_staging_orbit,1604.54545454545,solar_conversion_efficiency,0.228409090909091,170.020636733675
launch_cost_gbp_per_kg_to_staging_orbit,1717.72727272727,solar_conversion_efficiency,0.228409090909091,178.627111952163
launch_cost_gbp_per_kg_to_staging_orbit,1830.90909090909,solar_conversion_efficiency,0.228409090909091,187.23358717065
launch_cost_gbp_per_kg_to_staging_orbit,1944.09090909091,solar_conversion_efficiency,0.228409090909091,195.840062389138
launch_cost_gbp_per_kg_to_staging_orbit,2057.27272727273,solar_conversion_efficiency,0.228409090909091,204.446537607625
launch_cost_gbp_per_kg_to_staging_orbit,2170.45454545455,solar_conversion_efficiency,0.228409090909091,213.053012826113
launch_cost_gbp_per_kg_to_staging_orbit,2283.63636363636,solar_conversion_efficiency,0.228409090909091,221.6594880446
launch_cost_gbp_per_kg_to_staging_orbit,2396.81818181818,solar_conversion_efficiency,0.228409090909091,230.265963263088
launch_cost_gbp_per_kg_to_staging_orbit,2510,solar_conversion_efficiency,0.228409090909091,238.872438481575
launch_cost_gbp_per_kg_to_staging_orbit,2623.18181818182,solar_conversion_efficiency,0.228409090909091,247.478913700063
launch_cost_gbp_per_kg_to_staging_orbit,2736.36363636364,solar_conversion_efficiency,0.228409090909091,256.08538891855
launch_cost_gbp_per_kg_to_staging_orbit,2849.54545454545,solar_conversion_efficiency,0.228409090909091,264.691864137037
launch_cost_gbp_per_kg_to_staging_orbit,2962.72727272727,solar_conversion_efficiency,0.228409090909091,273.298339355525
launch_cost_gbp_per_kg_to_staging_orbit,3075.90909090909,solar_conversion_efficiency,0.228409090909091,281.904814574013
launch_cost_gbp_per_kg_to_staging_orbit,3189.09090909091,solar_conversion_efficiency,0.228409090909091,290.5112897925
launch_cost_gbp_per_kg_to_staging_orbit,3302.27272727273,solar_conversion_efficiency,0.228409090909091,299.117765010988
launch_cost_gbp_per_kg_to_staging_orbit,3415.45454545455,solar_conversion_efficiency,0.228409090909091,307.724240229475
launch_cost_gbp_per_kg_to_staging_orbit,3528.63636363636,solar_conversion_efficiency,0.228409090909091,316.330715447963
launch_cost_gbp_per_kg_to_staging_orbit,3641.81818181818,solar_conversion_efficiency,0.228409090909091,324.93719066645
launch_cost_gbp_per_kg_to_staging_orbit,3755,solar_conversion_efficiency,0.228409090909091,333.543665884938
launch_cost_gbp_per_kg_to_staging_orbit,3868.18181818182,solar_conversion_efficiency,0.228409090909091,342.150141103425
launch_cost_gbp_per_kg_to_staging_orbit,3981.36363636364,solar_conversion_efficiency,0.228409090909091,350.756616321913
launch_cost_gbp_per_kg_to_staging_orbit,4094.54545454545,solar_conversion_efficiency,0.228409090909091,359.3630915404
launch_cost_gbp_per_kg_to_staging_orbit,4207.72727272727,solar_conversion_efficiency,0.228409090909091,367.969566758887
launch_cost_gbp_per_kg_to_staging_orbit,4320.90909090909,solar_conversion_efficiency,0.228409090909091,376.576041977375
launch_cost_gbp_per_kg_to_staging_orbit,4434.09090909091,solar_conversion_efficiency,0.228409090909091,385.182517195862
launch_cost_gbp_per_kg_to_staging_orbit,4547.27272727273,solar_conversion_efficiency,0.228409090909091,393.78899241435
launch_cost_gbp_per_kg_to_staging_orbit,4660.45454545455,solar_conversion_efficiency,0.228409090909091,402.395467632837
launch_cost_gbp_per_kg_to_staging_orbit,4773.63636363636,solar_conversion_efficiency,0.228409090909091,411.001942851325
launch_cost_gbp_per_kg_to_staging_orbit,4886.81818181818,solar_conversion_efficiency,0.228409090909091,419.608418069812
launch_cost_gbp_per_kg_to_staging_orbit,5000,solar_conversion_efficiency,0.228409090909091,428.2148932883
launch_cost_gbp_per_kg_to_staging_orbit,20,solar_conversion_efficiency,0.234090909090909,49.5299836748502
launch_cost_gbp_per_kg_to_staging_orbit,133.181818181818,solar_conversion_efficiency,0.234090909090909,58.1364588933377
launch_cost_gbp_per_kg_to_staging_orbit,246.363636363636,solar_conversion_efficiency,0.234090909090909,66.7429341118252
launch_cost_gbp_per_kg_to_staging_orbit,359.545454545455,solar_conversion_efficiency,0.234090909090909,75.3494093303127
launch_cost_gbp_per_kg_to_staging_orbit,472.727272727273,solar_conversion_efficiency,0.234090909090909,83.9558845488002
launch_cost_gbp_per_kg_to_staging_orbit,585.909090909091,solar_conversion_efficiency,0.234090909090909,92.5623597672877
launch_cost_gbp_per_kg_to_staging_orbit,699.090909090909,solar_conversion_efficiency,0.234090909090909,101.168834985775
launch_cost_gbp_per_kg_to_staging_orbit,812.272727272727,solar_conversion_efficiency,0.234090909090909,109.775310204263
launch_cost_gbp_per_kg_to_staging_orbit,925.454545454545,solar_conversion_efficiency,0.234090909090909,118.38178542275
launch_cost_gbp_per_kg_to_staging_orbit,1038.63636363636,solar_conversion_efficiency,0.234090909090909,126.988260641238
launch_cost_gbp_per_kg_to_staging_orbit,1151.81818181818,solar_conversion_efficiency,0.234090909090909,135.594735859725
launch_cost_gbp_per_kg_to_staging_orbit,1265,solar_conversion_efficiency,0.234090909090909,144.201211078213
launch_cost_gbp_per_kg_to_staging_orbit,1378.18181818182,solar_conversion_efficiency,0.234090909090909,152.8076862967
launch_cost_gbp_per_kg_to_staging_orbit,1491.36363636364,solar_conversion_efficiency,0.234090909090909,161.414161515188
launch_cost_gbp_per_kg_to_staging_orbit,1604.54545454545,solar_conversion_efficiency,0.234090909090909,170.020636733675
launch_cost_gbp_per_kg_to_staging_orbit,1717.72727272727,solar_conversion_efficiency,0.234090909090909,178.627111952163
launch_cost_gbp_per_kg_to_staging_orbit,1830.90909090909,solar_conversion_efficiency,0.234090909090909,187.23358717065
launch_cost_gbp_per_kg_to_staging_orbit,1944.09090909091,solar_conversion_efficiency,0.234090909090909,195.840062389138
launch_cost_gbp_per_kg_to_staging_orbit,2057.27272727273,solar_conversion_efficiency,0.234090909090909,204.446537607625
launch_cost_gbp_per_kg_to_staging_orbit,2170.45454545455,solar_conversion_efficiency,0.234090909090909,213.053012826113
launch_cost_gbp_per_kg_to_staging_orbit,2283.63636363636,solar_conversion_efficiency,0.234090909090909,221.6594880446
launch_cost_gbp_per_kg_to_staging_orbit,2396.81818181818,solar_conversion_efficiency,0.234090909090909,230.265963263088
launch_cost_gbp_per_kg_to_staging_orbit,2510,solar_conversion_efficiency,0.234090909090909,238.872438481575
launch_cost_gbp_per_kg_to_staging_orbit,2623.18181818182,solar_conversion_efficiency,0.234090909090909,247.478913700063
launch_cost_gbp_per_kg_to_staging_orbit,2736.36363636364,solar_conversion_efficiency,0.234090909090909,256.08538891855
launch_cost_gbp_per_kg_to_staging_orbit,2849.54545454545,solar_conversion_efficiency,0.234090909090909,264.691864137037
launch_cost_gbp_per_kg_to_staging_orbit,2962.72727272727,solar_conversion_efficiency,0.234090909090909,273.298339355525
launch_cost_gbp_per_kg_to_staging_orbit,3075.90909090909,solar_conversion_efficiency,0.234090909090909,281.904814574013
launch_cost_gbp_per_kg_to_staging_orbit,3189.09090909091,solar_conversion_efficiency,0.234090909090909,290.5112897925
launch_cost_gbp_per_kg_to_staging_orbit,3302.27272727273,solar_conversion_efficiency,0.234090909090909,299.117765010988
launch_cost_gbp_per_kg_to_staging_orbit,3415.45454545455,solar_conversion_efficiency,0.234090909090909,307.724240229475
launch_cost_gbp_per_kg_to_staging_orbit,3528.63636363636,solar_conversion_efficiency,0.234090909090909,316.330715447963
launch_cost_gbp_per_kg_to_staging_orbit,3641.81818181818,solar_conversion_efficiency,0.234090909090909,324.93719066645
launch_cost_gbp_per_kg_to_staging_orbit,3755,solar_conversion_efficiency,0.234090909090909,333.543665884938
launch_cost_gbp_per_kg_to_staging_orbit,3868.18181818182,solar_conversion_efficiency,0.234090909090909,342.150141103425
launch_cost_gbp_per_kg_to_staging_orbit,3981.36363636364,solar_conversion_efficiency,0.234090909090909,350.756616321913
launch_cost_gbp_per_kg_to_staging_orbit,4094.54545454545,solar_conversion_efficiency,0.234090909090909,359.3630915404
launch_cost_gbp_per_kg_to_staging_orbit,4207.72727272727,solar_conversion_efficiency,0.234090909090909,367.969566758887
launch_cost_gbp_per_kg_to_staging_orbit,4320.90909090909,solar_conversion_efficiency,0.234090909090909,376.576041977375
launch_cost_gbp_per_kg_to_staging_orbit,4434.09090909091,solar_conversion_efficiency,0.234090909090909,385.182517195862
launch_cost_gbp_per_kg_to_staging_orbit,4547.27272727273,solar_conversion_efficiency,0.234090909090909,393.78899241435
launch_cost_gbp_per_kg_to_staging_orbit,4660.45454545455,solar_conversion_efficiency,0.234090909090909,402.395467632837
launch_cost_gbp_per_kg_to_staging_orbit,4773.63636363636,solar_conversion_efficiency,0.234090909090909,411.001942851325
launch_cost_gbp_per_kg_to_staging_orbit,4886.81818181818,solar_conversion_efficiency,0.234090909090909,419.608418069812
launch_cost_gbp_per_kg_to_staging_orbit,5000,solar_conversion_efficiency,0.234090909090909,428.2148932883
launch_cost_gbp_per_kg_to_staging_orbit,20,solar_conversion_efficiency,0.239772727272727,49.5299836748502
launch_cost_gbp_per_kg_to_staging_orbit,133.181818181818,solar_conversion_efficiency,0.239772727272727,58.1364588933377
launch_cost_gbp_per_kg_to_staging_orbit,246.363636363636,solar_conversion_efficiency,0.239772727272727,66.7429341118252
launch_cost_gbp_per_kg_to_staging_orbit,359.545454545455,solar_conversion_efficiency,0.239772727272727,75.3494093303127
launch_cost_gbp_per_kg_to_staging_orbit,472.727272727273,solar_conversion_efficiency,0.239772727272727,83.9558845488002
launch_cost_gbp_per_kg_to_staging_orbit,585.909090909091,solar_conversion_efficiency,0.239772727272727,92.5623597672877
launch_cost_gbp_per_kg_to_staging_orbit,699.090909090909,solar_conversion_efficiency,0.239772727272727,101.168834985775
launch_cost_gbp_per_kg_to_staging_orbit,812.272727272727,solar_conversion_efficiency,0.239772727272727,109.775310204263
launch_cost_gbp_per_kg_to_staging_orbit,925.454545454545,solar_conversion_efficiency,0.239772727272727,118.38178542275
launch_cost_gbp_per_kg_to_staging_orbit,1038.63636363636,solar_conversion_efficiency,0.239772727272727,126.988260641238
launch_cost_gbp_per_kg_to_staging_orbit,1151.81818181818,solar_conversion_efficiency,0.239772727272727,135.594735859725
launch_cost_gbp_per_kg_to_staging_orbit,1265,solar_conversion_efficiency,0.239772727272727,144.201211078213
launch_cost_gbp_per_kg_to_staging_orbit,1378.18181818182,solar_conversion_efficiency,0.239772727272727,152.8076862967
launch_cost_gbp_per_kg_to_staging_orbit,1491.36363636364,solar_conversion_efficiency,0.239772727272727,161.414161515188
launch_cost_gbp_per_kg_to_staging_orbit,1604.54545454545,solar_conversion_efficiency,0.239772727272727,170.020636733675
launch_cost_gbp_per_kg_to_staging_orbit,1717.72727272727,solar_conversion_efficiency,0.239772727272727,178.627111952163
launch_cost_gbp_per_kg_to_staging_orbit,1830.90909090909,solar_conversion_efficiency,0.239772727272727,187.23358717065
launch_cost_gbp_per_kg_to_staging_orbit,1944.09090909091,solar_conversion_efficiency,0.239772727272727,195.840062389138
launch_cost_gbp_per_kg_to_staging_orbit,2057.27272727273,solar_conversion_efficiency,0.239772727272727,204.446537607625
launch_cost_gbp_per_kg_to_staging_orbit,2170.45454545455,solar_conversion_efficiency,0.239772727272727,213.053012826113
launch_cost_gbp_per_kg_to_staging_orbit,2283.63636363636,solar_conversion_efficiency,0.239772727272727,221.6594880446
launch_cost_gbp_per_kg_to_staging_orbit,2396.81818181818,solar_conversion_efficiency,0.239772727272727,230.265963263088
launch_cost_gbp_per_kg_to_staging_orbit,2510,solar_conversion_efficiency,0.239772727272727,238.872438481575
launch_cost_gbp_per_kg_to_staging_orbit,2623.18181818182,solar_conversion_efficiency,0.239772727272727,247.478913700063
launch_cost_gbp_per_kg_to_staging_orbit,2736.36363636364,solar_conversion_efficiency,0.239772727272727,256.08538891855
launch_cost_gbp_per_kg_to_staging_orbit,2849.54545454545,solar_conversion_efficiency,0.239772727272727,264.691864137037
launch_cost_gbp_per_kg_to_staging_orbit,2962.72727272727,solar_conversion_efficiency,0.239772727272727,273.298339355525
launch_cost_gbp_per_kg_to_staging_orbit,3075.90909090909,solar_conversion_efficiency,0.239772727272727,281.904814574013
launch_cost_gbp_per_kg_to_staging_orbit,3189.09090909091,solar_conversion_efficiency,0.239772727272727,290.5112897925
launch_cost_gbp_per_kg_to_staging_orbit,3302.27272727273,solar_conversion_efficiency,0.239772727272727,299.117765010988
launch_cost_gbp_per_kg_to_staging_orbit,3415.45454545455,solar_conversion_efficiency,0.239772727272727,307.724240229475
launch_cost_gbp_per_kg_to_staging_orbit,3528.63636363636,solar_conversion_efficiency,0.239772727272727,316.330715447963
launch_cost_gbp_per_kg_to_staging_orbit,3641.81818181818,solar_conversion_efficiency,0.239772727272727,324.93719066645
launch_cost_gbp_per_kg_to_staging_orbit,3755,solar_conversion_efficiency,0.239772727272727,333.543665884938
launch_cost_gbp_per_kg_to_staging_orbit,3868.18181818182,solar_conversion_efficiency,0.239772727272727,342.150141103425
launch_cost_gbp_per_kg_to_staging_orbit,3981.36363636364,solar_conversion_efficiency,0.239772727272727,350.756616321913
launch_cost_gbp_per_kg_to_staging_orbit,4094.54545454545,solar_conversion_efficiency,0.239772727272727,359.3630915404
launch_cost_gbp_per_kg_to_staging_orbit,4207.72727272727,solar_conversion_efficiency,0.239772727272727,367.969566758887
launch_cost_gbp_per_kg_to_staging_orbit,4320.90909090909,solar_conversion_efficiency,0.239772727272727,376.576041977375
launch_cost_gbp_per_kg_to_staging_orbit,4434.09090909091,solar_conversion_efficiency,0.239772727272727,385.182517195862
launch_cost_gbp_per_kg_to_staging_orbit,4547.27272727273,solar_conversion_efficiency,0.239772727272727,393.78899241435
launch_cost_gbp_per_kg_to_staging_orbit,4660.45454545455,solar_conversion_efficiency,0.239772727272727,402.395467632837
launch_cost_gbp_per_kg_to_staging_orbit,4773.63636363636,solar_conversion_efficiency,0.239772727272727,411.001942851325
launch_cost_gbp_per_kg_to_staging_orbit,4886.81818181818,solar_conversion_efficiency,0.239772727272727,419.608418069812
launch_cost_gbp_per_kg_to_staging_orbit,5000,solar_conversion_efficiency,0.239772727272727,428.2148932883
launch_cost_gbp_per_kg_to_staging_orbit,20,solar_conversion_efficiency,0.245454545454545,49.5299836748502
launch_cost_gbp_per_kg_to_staging_orbit,133.181818181818,solar_conversion_efficiency,0.245454545454545,58.1364588933377
launch_cost_gbp_per_kg_to_staging_orbit,246.363636363636,solar_conversion_efficiency,0.245454545454545,66.7429341118252
launch_cost_gbp_per_kg_to_staging_orbit,359.545454545455,solar_conversion_efficiency,0.245454545454545,75.3494093303127
launch_cost_gbp_per_kg_to_staging_orbit,472.727272727273,solar_conversion_efficiency,0.245454545454545,83.9558845488002
launch_cost_gbp_per_kg_to_staging_orbit,585.909090909091,solar_conversion_efficiency,0.245454545454545,92.5623597672877
launch_cost_gbp_per_kg_to_staging_orbit,699.090909090909,solar_conversion_efficiency,0.245454545454545,101.168834985775
launch_cost_gbp_per_kg_to_staging_orbit,812.272727272727,solar_conversion_efficiency,0.245454545454545,109.775310204263
launch_cost_gbp_per_kg_to_staging_orbit,925.454545454545,solar_conversion_efficiency,0.245454545454545,118.38178542275
launch_cost_gbp_per_kg_to_staging_orbit,1038.63636363636,solar_conversion_efficiency,0.245454545454545,126.988260641238
launch_cost_gbp_per_kg_to_staging_orbit,1151.81818181818,solar_conversion_efficiency,0.245454545454545,135.594735859725
launch_cost_gbp_per_kg_to_staging_orbit,1265,solar_conversion_efficiency,0.245454545454545,144.201211078213
launch_cost_gbp_per_kg_to_staging_orbit,1378.18181818182,solar_conversion_efficiency,0.245454545454545,152.8076862967
launch_cost_gbp_per_kg_to_staging_orbit,1491.36363636364,solar_conversion_efficiency,0.245454545454545,161.414161515188
launch_cost_gbp_per_kg_to_staging_orbit,1604.54545454545,solar_conversion_efficiency,0.245454545454545,170.020636733675
launch_cost_gbp_per_kg_to_staging_orbit,1717.72727272727,solar_conversion_efficiency,0.245454545454545,178.627111952163
launch_cost_gbp_per_kg_to_staging_orbit,1830.90909090909,solar_conversion_efficiency,0.245454545454545,187.23358717065
launch_cost_gbp_per_kg_to_staging_orbit,1944.09090909091,solar_conversion_efficiency,0.245454545454545,195.840062389138
launch_cost_gbp_per_kg_to_staging_orbit,2057.27272727273,solar_conversion_efficiency,0.245454545454545,204.446537607625
launch_cost_gbp_per_kg_to_staging_orbit,2170.45454545455,solar_conversion_efficiency,0.245454545454545,213.053012826113
launch_cost_gbp_per_kg_to_staging_orbit,2283.63636363636,solar_conversion_efficiency,0.245454545454545,221.6594880446
launch_cost_gbp_per_kg_to_staging_orbit,2396.81818181818,solar_conversion_efficiency,0.245454545454545,230.265963263088
launch_cost_gbp_per_kg_to_staging_orbit,2510,solar_conversion_efficiency,0.245454545454545,238.872438481575
launch_cost_gbp_per_kg_to_staging_orbit,2623.18181818182,solar_conversion_efficiency,0.245454545454545,247.478913700063
launch_cost_gbp_per_kg_to_staging_orbit,2736.36363636364,solar_conversion_efficiency,0.245454545454545,256.08538891855
launch_cost_gbp_per_kg_to_staging_orbit,2849.54545454545,solar_conversion_efficiency,0.245454545454545,264.691864137037
launch_cost_gbp_per_kg_to_staging_orbit,2962.72727272727,solar_conversion_efficiency,0.245454545454545,273.298339355525
launch_cost_gbp_per_kg_to_staging_orbit,3075.90909090909,solar_conversion_efficiency,0.245454545454545,281.904814574013
launch_cost_gbp_per_kg_to_staging_orbit,3189.09090909091,solar_conversion_efficiency,0.245454545454545,290.5112897925
launch_cost_gbp_per_kg_to_staging_orbit,3302.27272727273,solar_conversion_efficiency,0.245454545454545,299.117765010988
launch_cost_gbp_per_kg_to_staging_orbit,3415.45454545455,solar_conversion_efficiency,0.245454545454545,307.724240229475
launch_cost_gbp_per_kg_to_staging_orbit,3528.63636363636,solar_conversion_efficiency,0.245454545454545,316.330715447963
launch_cost_gbp_per_kg_to_staging_orbit,3641.81818181818,solar_conversion_efficiency,0.245454545454545,324.93719066645
launch_cost_gbp_per_kg_to_staging_orbit,3755,solar_conversion_efficiency,0.245454545454545,333.543665884938
launch_cost_gbp_per_kg_to_staging_orbit,3868.18181818182,solar_conversion_efficiency,0.245454545454545,342.150141103425
launch_cost_gbp_per_kg_to_staging_orbit,3981.36363636364,solar_conversion_efficiency,0.245454545454545,350.756616321913
launch_cost_gbp_per_kg_to_staging_orbit,4094.54545454545,solar_conversion_efficiency,0.245454545454545,359.3630915404
launch_cost_gbp_per_kg_to_staging_orbit,4207.72727272727,solar_conversion_efficiency,0.245454545454545,367.969566758887
launch_cost_gbp_per_kg_to_staging_orbit,4320.90909090909,solar_conversion_efficiency,0.245454545454545,376.576041977375
launch_cost_gbp_per_kg_to_staging_orbit,4434.09090909091,solar_conversion_efficiency,0.245454545454545,385.182517195862
launch_cost_gbp_per_kg_to_staging_orbit,4547.27272727273,solar_conversion_efficiency,0.245454545454545,393.78899241435
launch_cost_gbp_per_kg_to_staging_orbit,4660.45454545455,solar_conversion_efficiency,0.245454545454545,402.395467632837
launch_cost_gbp_per_kg_to_staging_orbit,4773.63636363636,solar_conversion_efficiency,0.245454545454545,411.001942851325
launch_cost_gbp_per_kg_to_staging_orbit,4886.81818181818,solar_conversion_efficiency,0.245454545454545,419.608418069812
launch_cost_gbp_per_kg_to_staging_orbit,5000,solar_conversion_efficiency,0.245454545454545,428.2148932883
launch_cost_gbp_per_kg_to_staging_orbit,20,solar_conversion_efficiency,0.251136363636364,49.5299836748502
launch_cost_gbp_per_kg_to_staging_orbit,133.181818181818,solar_conversion_efficiency,0.251136363636364,58.1364588933377
launch_cost_gbp_per_kg_to_staging_orbit,246.363636363636,solar_conversion_efficiency,0.251136363636364,66.7429341118252
launch_cost_gbp_per_kg_to_staging_orbit,359.545454545455,solar_conversion_efficiency,0.251136363636364,75.3494093303127
launch_cost_gbp_per_kg_to_staging_orbit,472.727272727273,solar_conversion_efficiency,0.251136363636364,83.9558845488002
launch_cost_gbp_per_kg_to_staging_orbit,585.909090909091,solar_conversion_efficiency,0.251136363636364,92.5623597672877
launch_cost_gbp_per_kg_to_staging_orbit,699.090909090909,solar_conversion_efficiency,0.251136363636364,101.168834985775
launch_cost_gbp_per_kg_to_staging_orbit,812.272727272727,solar_conversion_efficiency,0.251136363636364,109.775310204263
launch_cost_gbp_per_kg_to_staging_orbit,925.454545454545,solar_conversion_efficiency,0.251136363636364,118.38178542275
launch_cost_gbp_per_kg_to_staging_orbit,1038.63636363636,solar_conversion_efficiency,0.251136363636364,126.988260641238
launch_cost_gbp_per_kg_to_staging_orbit,1151.81818181818,solar_conversion_efficiency,0.251136363636364,135.594735859725
launch_cost_gbp_per_kg_to_staging_orbit,1265,solar_conversion_efficiency,0.251136363636364,144.201211078213
launch_cost_gbp_per_kg_to_staging_orbit,1378.18181818182,solar_conversion_efficiency,0.251136363636364,152.8076862967
launch_cost_gbp_per_kg_to_staging_orbit,1491.36363636364,solar_conversion_efficiency,0.251136363636364,161.414161515188
launch_cost_gbp_per_kg_to_staging_orbit,1604.54545454545,solar_conversion_efficiency,0.251136363636364,170.020636733675
launch_cost_gbp_per_kg_to_staging_orbit,1717.72727272727,solar_conversion_efficiency,0.251136363636364,178.627111952163
launch_cost_gbp_per_kg_to_staging_orbit,1830.90909090909,solar_conversion_efficiency,0.251136363636364,187.23358717065
launch_cost_gbp_per_kg_to_staging_orbit,1944.09090909091,solar_conversion_efficiency,0.251136363636364,195.840062389138
launch_cost_gbp_per_kg_to_staging_orbit,2057.27272727273,solar_conversion_efficiency,0.251136363636364,204.446537607625
launch_cost_gbp_per_kg_to_staging_orbit,2170.45454545455,solar_conversion_efficiency,0.251136363636364,213.053012826113
launch_cost_gbp_per_kg_to_staging_orbit,2283.63636363636,solar_conversion_efficiency,0.251136363636364,221.6594880446
launch_cost_gbp_per_kg_to_staging_orbit,2396.81818181818,solar_conversion_efficiency,0.251136363636364,230.265963263088
launch_cost_gbp_per_kg_to_staging_orbit,2510,solar_conversion_efficiency,0.251136363636364,238.872438481575
launch_cost_gbp_per_kg_to_staging_orbit,2623.18181818182,solar_conversion_efficiency,0.251136363636364,247.478913700063
launch_cost_gbp_per_kg_to_staging_orbit,2736.36363636364,solar_conversion_efficiency,0.251136363636364,256.08538891855
launch_cost_gbp_per_kg_to_staging_orbit,2849.54545454545,solar_conversion_efficiency,0.251136363636364,264.691864137037
launch_cost_gbp_per_kg_to_staging_orbit,2962.72727272727,solar_conversion_efficiency,0.251136363636364,273.298339355525
launch_cost_gbp_per_kg_to_staging_orbit,3075.90909090909,solar_conversion_efficiency,0.251136363636364,281.904814574013
launch_cost_gbp_per_kg_to_staging_orbit,3189.09090909091,solar_conversion_efficiency,0.251136363636364,290.5112897925
launch_cost_gbp_per_kg_to_staging_orbit,3302.27272727273,solar_conversion_efficiency,0.251136363636364,299.117765010988
launch_cost_gbp_per_kg_to_staging_orbit,3415.45454545455,solar_conversion_efficiency,0.251136363636364,307.724240229475
launch_cost_gbp_per_kg_to_staging_orbit,3528.63636363636,solar_conversion_efficiency,0.251136363636364,316.330715447963
launch_cost_gbp_per_kg_to_staging_orbit,3641.81818181818,solar_conversion_efficiency,0.251136363636364,324.93719066645
launch_cost_gbp_per_kg_to_staging_orbit,3755,solar_conversion_efficiency,0.251136363636364,333.543665884938
launch_cost_gbp_per_kg_to_staging_orbit,3868.18181818182,solar_conversion_efficiency,0.251136363636364,342.150141103425
launch_cost_gbp_per_kg_to_staging_orbit,3981.36363636364,solar_conversion_efficiency,0.251136363636364,350.756616321913
launch_cost_gbp_per_kg_to_staging_orbit,4094.54545454545,solar_conversion_efficiency,0.251136363636364,359.3630915404
launch_cost_gbp_per_kg_to_staging_orbit,4207.72727272727,solar_conversion_efficiency,0.251136363636364,367.969566758887
launch_cost_gbp_per_kg_to_staging_orbit,4320.90909090909,solar_conversion_efficiency,0.251136363636364,376.576041977375
launch_cost_gbp_per_kg_to_staging_orbit,4434.09090909091,solar_conversion_efficiency,0.251136363636364,385.182517195862
launch_cost_gbp_per_kg_to_staging_orbit,4547.27272727273,solar_conversion_efficiency,0.251136363636364,393.78899241435
launch_cost_gbp_per_kg_to_staging_orbit,4660.45454545455,solar_conversion_efficiency,0.251136363636364,402.395467632837
launch_cost_gbp_per_kg_to_staging_orbit,4773.63636363636,solar_conversion_efficiency,0.251136363636364,411.001942851325
launch_cost_gbp_per_kg_to_staging_orbit,4886.81818181818,solar_conversion_efficiency,0.251136363636364,419.608418069812
launch_cost_gbp_per_kg_to_staging_orbit,5000,solar_conversion_efficiency,0.251136363636364,428.2148932883
launch_cost_gbp_per_kg_to_staging_orbit,20,solar_conversion_efficiency,0.256818181818182,49.5299836748502
launch_cost_gbp_per_kg_to_staging_orbit,133.181818181818,solar_conversion_efficiency,0.256818181818182,58.1364588933377
launch_cost_gbp_per_kg_to_staging_orbit,246.363636363636,solar_conversion_efficiency,0.256818181818182,66.7429341118252
launch_cost_gbp_per_kg_to_staging_orbit,359.545454545455,solar_conversion_efficiency,0.256818181818182,75.3494093303127
launch_cost_gbp_per_kg_to_staging_orbit,472.727272727273,solar_conversion_efficiency,0.256818181818182,83.9558845488002
launch_cost_gbp_per_kg_to_staging_orbit,585.909090909091,solar_conversion_efficiency,0.256818181818182,92.5623597672877
launch_cost_gbp_per_kg_to_staging_orbit,699.090909090909,solar_conversion_efficiency,0.256818181818182,101.168834985775
launch_cost_gbp_per_kg_to_staging_orbit,812.272727272727,solar_conversion_efficiency,0.256818181818182,109.775310204263
launch_cost_gbp_per_kg_to_staging_orbit,925.454545454545,solar_conversion_efficiency,0.256818181818182,118.38178542275
launch_cost_gbp_per_kg_to_staging_orbit,1038.63636363636,solar_conversion_efficiency,0.256818181818182,126.988260641238
launch_cost_gbp_per_kg_to_staging_orbit,1151.81818181818,solar_conversion_efficiency,0.256818181818182,135.594735859725
launch_cost_gbp_per_kg_to_staging_orbit,1265,solar_conversion_efficiency,0.256818181818182,144.201211078213
launch_cost_gbp_per_kg_to_staging_orbit,1378.18181818182,solar_conversion_efficiency,0.256818181818182,152.8076862967
launch_cost_gbp_per_kg_to_staging_orbit,1491.36363636364,solar_conversion_efficiency,0.256818181818182,161.414161515188
launch_cost_gbp_per_kg_to_staging_orbit,1604.54545454545,solar_conversion_efficiency,0.256818181818182,170.020636733675
launch_cost_gbp_per_kg_to_staging_orbit,1717.72727272727,solar_conversion_efficiency,0.256818181818182,178.627111952163
launch_cost_gbp_per_kg_to_staging_orbit,1830.90909090909,solar_conversion_efficiency,0.256818181818182,187.23358717065
launch_cost_gbp_per_kg_to_staging_orbit,1944.09090909091,solar_conversion_efficiency,0.256818181818182,195.840062389138
launch_cost_gbp_per_kg_to_staging_orbit,2057.27272727273,solar_conversion_efficiency,0.256818181818182,204.446537607625
launch_cost_gbp_per_kg_to_staging_orbit,2170.45454545455,solar_conversion_efficiency,0.256818181818182,213.053012826113
launch_cost_gbp_per_kg_to_staging_orbit,2283.63636363636,solar_conversion_efficiency,0.256818181818182,221.6594880446
launch_cost_gbp_per_kg_to_staging_orbit,2396.81818181818,solar_conversion_efficiency,0.256818181818182,230.265963263088
launch_cost_gbp_per_kg_to_staging_orbit,2510,solar_conversion_efficiency,0.256818181818182,238.872438481575
launch_cost_gbp_per_kg_to_staging_orbit,2623.18181818182,solar_conversion_efficiency,0.256818181818182,247.478913700063
launch_cost_gbp_per_kg_to_staging_orbit,2736.36363636364,solar_conversion_efficiency,0.256818181818182,256.08538891855
launch_cost_gbp_per_kg_to_staging_orbit,2849.54545454545,solar_conversion_efficiency,0.256818181818182,264.691864137037
launch_cost_gbp_per_kg_to_staging_orbit,2962.72727272727,solar_conversion_efficiency,0.256818181818182,273.298339355525
launch_cost_gbp_per_kg_to_staging_orbit,3075.90909090909,solar_conversion_efficiency,0.256818181818182,281.904814574013
launch_cost_gbp_per_kg_to_staging_orbit,3189.09090909091,solar_conversion_efficiency,0.256818181818182,290.5112897925
launch_cost_gbp_per_kg_to_staging_orbit,3302.27272727273,solar_conversion_efficiency,0.256818181818182,299.117765010988
launch_cost_gbp_per_kg_to_staging_orbit,3415.45454545455,solar_conversion_efficiency,0.256818181818182,307.724240229475
launch_cost_gbp_per_kg_to_staging_orbit,3528.63636363636,solar_conversion_efficiency,0.256818181818182,316.330715447963
launch_cost_gbp_per_kg_to_staging_orbit,3641.81818181818,solar_conversion_efficiency,0.256818181818182,324.93719066645
launch_cost_gbp_per_kg_to_staging_orbit,3755,solar_conversion_efficiency,0.256818181818182,333.543665884938
launch_cost_gbp_per_kg_to_staging_orbit,3868.18181818182,solar_conversion_efficiency,0.256818181818182,342.150141103425
launch_cost_gbp_per_kg_to_staging_orbit,3981.36363636364,solar_conversion_efficiency,0.256818181818182,350.756616321913
launch_cost_gbp_per_kg_to_staging_orbit,4094.54545454545,solar_conversion_efficiency,0.256818181818182,359.3630915404
launch_cost_gbp_per_kg_to_staging_orbit,4207.72727272727,solar_conversion_efficiency,0.256818181818182,367.969566758887
launch_cost_gbp_per_kg_to_staging_orbit,4320.90909090909,solar_conversion_efficiency,0.256818181818182,376.576041977375
launch_cost_gbp_per_kg_to_staging_orbit,4434.09090909091,solar_conversion_efficiency,0.256818181818182,385.182517195862
launch_cost_gbp_per_kg_to_staging_orbit,4547.27272727273,solar_conversion_efficiency,0.256818181818182,393.78899241435
launch_cost_gbp_per_kg_to_staging_orbit,4660.45454545455,solar_conversion_efficiency,0.256818181818182,402.395467632837
launch_cost_gbp_per_kg_to_staging_orbit,4773.63636363636,solar_conversion_efficiency,0.256818181818182,411.001942851325
launch_cost_gbp_per_kg_to_staging_orbit,4886.81818181818,solar_conversion_efficiency,0.256818181818182,419.608418069812
launch_cost_gbp_per_kg_to_staging_orbit,5000,solar_conversion_efficiency,0.256818181818182,428.2148932883
launch_cost_gbp_per_kg_to_staging_orbit,20,solar_conversion_efficiency,0.2625,49.5299836748502
launch_cost_gbp_per_kg_to_staging_orbit,133.181818181818,solar_conversion_efficiency,0.2625,58.1364588933377
launch_cost_gbp_per_kg_to_staging_orbit,246.363636363636,solar_conversion_efficiency,0.2625,66.7429341118252
launch_cost_gbp_per_kg_to_staging_orbit,359.545454545455,solar_conversion_efficiency,0.2625,75.3494093303127
launch_cost_gbp_per_kg_to_staging_orbit,472.727272727273,solar_conversion_efficiency,0.2625,83.9558845488002
launch_cost_gbp_per_kg_to_staging_orbit,585.909090909091,solar_conversion_efficiency,0.2625,92.5623597672877
launch_cost_gbp_per_kg_to_staging_orbit,699.090909090909,solar_conversion_efficiency,0.2625,101.168834985775
launch_cost_gbp_per_kg_to_staging_orbit,812.272727272727,solar_conversion_efficiency,0.2625,109.775310204263
launch_cost_gbp_per_kg_to_staging_orbit,925.454545454545,solar_conversion_efficiency,0.2625,118.38178542275
launch_cost_gbp_per_kg_to_staging_orbit,1038.63636363636,solar_conversion_efficiency,0.2625,126.988260641238
launch_cost_gbp_per_kg_to_staging_orbit,1151.81818181818,solar_conversion_efficiency,0.2625,135.594735859725
launch_cost_gbp_per_kg_to_staging_orbit,1265,solar_conversion_efficiency,0.2625,144.201211078213
launch_cost_gbp_per_kg_to_staging_orbit,1378.18181818182,solar_conversion_efficiency,0.2625,152.8076862967
launch_cost_gbp_per_kg_to_staging_orbit,1491.36363636364,solar_conversion_efficiency,0.2625,161.414161515188
launch_cost_gbp_per_kg_to_staging_orbit,1604.54545454545,solar_conversion_efficiency,0.2625,170.020636733675
launch_cost_gbp_per_kg_to_staging_orbit,1717.72727272727,solar_conversion_efficiency,0.2625,178.627111952163
launch_cost_gbp_per_kg_to_staging_orbit,1830.90909090909,solar_conversion_efficiency,0.2625,187.23358717065
launch_cost_gbp_per_kg_to_staging_orbit,1944.09090909091,solar_conversion_efficiency,0.2625,195.840062389138
launch_cost_gbp_per_kg_to_staging_orbit,2057.27272727273,solar_conversion_efficiency,0.2625,204.446537607625
launch_cost_gbp_per_kg_to_staging_orbit,2170.45454545455,solar_conversion_efficiency,0.2625,213.053012826113
launch_cost_gbp_per_kg_to_staging_orbit,2283.63636363636,solar_conversion_efficiency,0.2625,221.6594880446
launch_cost_gbp_per_kg_to_staging_orbit,2396.81818181818,solar_conversion_efficiency,0.2625,230.265963263088
launch_cost_gbp_per_kg_to_staging_orbit,2510,solar_conversion_efficiency,0.2625,238.872438481575
launch_cost_gbp_per_kg_to_staging_orbit,2623.18181818182,solar_conversion_efficiency,0.2625,247.478913700063
launch_cost_gbp_per_kg_to_staging_orbit,2736.36363636364,solar_conversion_efficiency,0.2625,256.08538891855
launch_cost_gbp_per_kg_to_staging_orbit,2849.54545454545,solar_conversion_efficiency,0.2625,264.691864137037
launch_cost_gbp_per_kg_to_staging_orbit,2962.72727272727,solar_conversion_efficiency,0.2625,273.298339355525
launch_cost_gbp_per_kg_to_staging_orbit,3075.90909090909,solar_conversion_efficiency,0.2625,281.904814574013
launch_cost_gbp_per_kg_to_staging_orbit,3189.09090909091,solar_conversion_efficiency,0.2625,290.5112897925
launch_cost_gbp_per_kg_to_staging_orbit,3302.27272727273,solar_conversion_efficiency,0.2625,299.117765010988
launch_cost_gbp_per_kg_to_staging_orbit,3415.45454545455,solar_conversion_efficiency,0.2625,307.724240229475
launch_cost_gbp_per_kg_to_staging_orbit,3528.63636363636,solar_conversion_efficiency,0.2625,316.330715447963
launch_cost_gbp_per_kg_to_staging_orbit,3641.81818181818,solar_conversion_efficiency,0.2625,324.93719066645
launch_cost_gbp_per_kg_to_staging_orbit,3755,solar_conversion_efficiency,0.2625,333.543665884938
launch_cost_gbp_per_kg_to_staging_orbit,3868.18181818182,solar_conversion_efficiency,0.2625,342.150141103425
launch_cost_gbp_per_kg_to_staging_orbit,3981.36363636364,solar_conversion_efficiency,0.2625,350.756616321913
launch_cost_gbp_per_kg_to_staging_orbit,4094.54545454545,solar_conversion_efficiency,0.2625,359.3630915404
launch_cost_gbp_per_kg_to_staging_orbit,4207.72727272727,solar_conversion_efficiency,0.2625,367.969566758887
launch_cost_gbp_per_kg_to_staging_orbit,4320.90909090909,solar_conversion_efficiency,0.2625,376.576041977375
launch_cost_gbp_per_kg_to_staging_orbit,4434.09090909091,solar_conversion_efficiency,0.2625,385.182517195862
launch_cost_gbp_per_kg_to_staging_orbit,4547.27272727273,solar_conversion_efficiency,0.2625,393.78899241435
launch_cost_gbp_per_kg_to_staging_orbit,4660.45454545455,solar_conversion_efficiency,0.2625,402.395467632837
launch_cost_gbp_per_kg_to_staging_orbit,4773.63636363636,solar_conversion_efficiency,0.2625,411.001942851325
launch_cost_gbp_per_kg_to_staging_orbit,4886.81818181818,solar_conversion_efficiency,0.2625,419.608418069812
launch_cost_gbp_per_kg_to_staging_orbit,5000,solar_conversion_efficiency,0.2625,428.2148932883
launch_cost_gbp_per_kg_to_staging_orbit,20,solar_conversion_efficiency,0.268181818181818,49.5299836748502
launch_cost_gbp_per_kg_to_staging_orbit,133.181818181818,solar_conversion_efficiency,0.268181818181818,58.1364588933377
launch_cost_gbp_per_kg_to_staging_orbit,246.363636363636,solar_conversion_efficiency,0.268181818181818,66.7429341118252
launch_cost_gbp_per_kg_to_staging_orbit,359.545454545455,solar_conversion_efficiency,0.268181818181818,75.3494093303127
launch_cost_gbp_per_kg_to_staging_orbit,472.727272727273,solar_conversion_efficiency,0.268181818181818,83.9558845488002
launch_cost_gbp_per_kg_to_staging_orbit,585.909090909091,solar_conversion_efficiency,0.268181818181818,92.5623597672877
launch_cost_gbp_per_kg_to_staging_orbit,699.090909090909,solar_conversion_efficiency,0.268181818181818,101.168834985775
launch_cost_gbp_per_kg_to_staging_orbit,812.272727272727,solar_conversion_efficiency,0.268181818181818,109.775310204263
launch_cost_gbp_per_kg_to_staging_orbit,925.454545454545,solar_conversion_efficiency,0.268181818181818,118.38178542275
launch_cost_gbp_per_kg_to_staging_orbit,1038.63636363636,solar_conversion_efficiency,0.268181818181818,126.988260641238
launch_cost_gbp_per_kg_to_staging_orbit,1151.81818181818,solar_conversion_efficiency,0.268181818181818,135.594735859725
launch_cost_gbp_per_kg_to_staging_orbit,1265,solar_conversion_efficiency,0.268181818181818,144.201211078213
launch_cost_gbp_per_kg_to_staging_orbit,1378.18181818182,solar_conversion_efficiency,0.268181818181818,152.8076862967
launch_cost_gbp_per_kg_to_staging_orbit,1491.36363636364,solar_conversion_efficiency,0.268181818181818,161.414161515188
launch_cost_gbp_per_kg_to_staging_orbit,1604.54545454545,solar_conversion_efficiency,0.268181818181818,170.020636733675
launch_cost_gbp_per_kg_to_staging_orbit,1717.72727272727,solar_conversion_efficiency,0.268181818181818,178.627111952163
launch_cost_gbp_per_kg_to_staging_orbit,1830.90909090909,solar_conversion_efficiency,0.268181818181818,187.23358717065
launch_cost_gbp_per_kg_to_staging_orbit,1944.09090909091,solar_conversion_efficiency,0.268181818181818,195.840062389138
launch_cost_gbp_per_kg_to_staging_orbit,2057.27272727273,solar_conversion_efficiency,0.268181818181818,204.446537607625
launch_cost_gbp_per_kg_to_staging_orbit,2170.45454545455,solar_conversion_efficiency,0.268181818181818,213.053012826113
launch_cost_gbp_per_kg_to_staging_orbit,2283.63636363636,solar_conversion_efficiency,0.268181818181818,221.6594880446
launch_cost_gbp_per_kg_to_staging_orbit,2396.81818181818,solar_conversion_efficiency,0.268181818181818,230.265963263088
launch_cost_gbp_per_kg_to_staging_orbit,2510,solar_conversion_efficiency,0.268181818181818,238.872438481575
launch_cost_gbp_per_kg_to_staging_orbit,2623.18181818182,solar_conversion_efficiency,0.268181818181818,247.478913700063
launch_cost_gbp_per_kg_to_staging_orbit,2736.36363636364,solar_conversion_efficiency,0.268181818181818,256.08538891855
launch_cost_gbp_per_kg_to_staging_orbit,2849.54545454545,solar_conversion_efficiency,0.268181818181818,264.691864137037
launch_cost_gbp_per_kg_to_staging_orbit,2962.72727272727,solar_conversion_efficiency,0.268181818181818,273.298339355525
launch_cost_gbp_per_kg_to_staging_orbit,3075.90909090909,solar_conversion_efficiency,0.268181818181818,281.904814574013
launch_cost_gbp_per_kg_to_staging_orbit,3189.09090909091,solar_conversion_efficiency,0.268181818181818,290.5112897925
launch_cost_gbp_per_kg_to_staging_orbit,3302.27272727273,solar_conversion_efficiency,0.268181818181818,299.117765010988
launch_cost_gbp_per_kg_to_staging_orbit,3415.45454545455,solar_conversion_efficiency,0.268181818181818,307.724240229475
launch_cost_gbp_per_kg_to_staging_orbit,3528.63636363636,solar_conversion_efficiency,0.268181818181818,316.330715447963
launch_cost_gbp_per_kg_to_staging_orbit,3641.81818181818,solar_conversion_efficiency,0.268181818181818,324.93719066645
launch_cost_gbp_per_kg_to_staging_orbit,3755,solar_conversion_efficiency,0.268181818181818,333.543665884938
launch_cost_gbp_per_kg_to_staging_orbit,3868.18181818182,solar_conversion_efficiency,0.268181818181818,342.150141103425
launch_cost_gbp_per_kg_to_staging_orbit,3981.36363636364,solar_conversion_efficiency,0.268181818181818,350.756616321913
launch_cost_gbp_per_kg_to_staging_orbit,4094.54545454545,solar_conversion_efficiency,0.268181818181818,359.3630915404
launch_cost_gbp_per_kg_to_staging_orbit,4207.72727272727,solar_conversion_efficiency,0.268181818181818,367.969566758887
launch_cost_gbp_per_kg_to_staging_orbit,4320.90909090909,solar_conversion_efficiency,0.268181818181818,376.576041977375
launch_cost_gbp_per_kg_to_staging_orbit,4434.09090909091,solar_conversion_efficiency,0.268181818181818,385.182517195862
launch_cost_gbp_per_kg_to_staging_orbit,4547.27272727273,solar_conversion_efficiency,0.268181818181818,393.78899241435
launch_cost_gbp_per_kg_to_staging_orbit,4660.45454545455,solar_conversion_efficiency,0.268181818181818,402.395467632837
launch_cost_gbp_per_kg_to_staging_orbit,4773.63636363636,solar_conversion_efficiency,0.268181818181818,411.001942851325
launch_cost_gbp_per_kg_to_staging_orbit,4886.81818181818,solar_conversion_efficiency,0.268181818181818,419.608418069812
launch_cost_gbp_per_kg_to_staging_orbit,5000,solar_conversion_efficiency,0.268181818181818,428.2148932883
launch_cost_gbp_per_kg_to_staging_orbit,20,solar_conversion_efficiency,0.273863636363636,49.5299836748502
launch_cost_gbp_per_kg_to_staging_orbit,133.181818181818,solar_conversion_efficiency,0.273863636363636,58.1364588933377
launch_cost_gbp_per_kg_to_staging_orbit,246.363636363636,solar_conversion_efficiency,0.273863636363636,66.7429341118252
launch_cost_gbp_per_kg_to_staging_orbit,359.545454545455,solar_conversion_efficiency,0.273863636363636,75.3494093303127
launch_cost_gbp_per_kg_to_staging_orbit,472.727272727273,solar_conversion_efficiency,0.273863636363636,83.9558845488002
launch_cost_gbp_per_kg_to_staging_orbit,585.909090909091,solar_conversion_efficiency,0.273863636363636,92.5623597672877
launch_cost_gbp_per_kg_to_staging_orbit,699.090909090909,solar_conversion_efficiency,0.273863636363636,101.168834985775
launch_cost_gbp_per_kg_to_staging_orbit,812.272727272727,solar_conversion_efficiency,0.273863636363636,109.775310204263
launch_cost_gbp_per_kg_to_staging_orbit,925.454545454545,solar_conversion_efficiency,0.273863636363636,118.38178542275
launch_cost_gbp_per_kg_to_staging_orbit,1038.63636363636,solar_conversion_efficiency,0.273863636363636,126.988260641238
launch_cost_gbp_per_kg_to_staging_orbit,1151.81818181818,solar_conversion_efficiency,0.273863636363636,135.594735859725
launch_cost_gbp_per_kg_to_staging_orbit,1265,solar_conversion_efficiency,0.273863636363636,144.201211078213
launch_cost_gbp_per_kg_to_staging_orbit,1378.18181818182,solar_conversion_efficiency,0.273863636363636,152.8076862967
launch_cost_gbp_per_kg_to_staging_orbit,1491.36363636364,solar_conversion_efficiency,0.273863636363636,161.414161515188
launch_cost_gbp_per_kg_to_staging_orbit,1604.54545454545,solar_conversion_efficiency,0.273863636363636,170.020636733675
launch_cost_gbp_per_kg_to_staging_orbit,1717.72727272727,solar_conversion_efficiency,0.273863636363636,178.627111952163
launch_cost_gbp_per_kg_to_staging_orbit,1830.90909090909,solar_conversion_efficiency,0.273863636363636,187.23358717065
launch_cost_gbp_per_kg_to_staging_orbit,1944.09090909091,solar_conversion_efficiency,0.273863636363636,195.840062389138
launch_cost_gbp_per_kg_to_staging_orbit,2057.27272727273,solar_conversion_efficiency,0.273863636363636,204.446537607625
launch_cost_gbp_per_kg_to_staging_orbit,2170.45454545455,solar_conversion_efficiency,0.273863636363636,213.053012826113
launch_cost_gbp_per_kg_to_staging_orbit,2283.63636363636,solar_conversion_efficiency,0.273863636363636,221.6594880446
launch_cost_gbp_per_kg_to_staging_orbit,2396.81818181818,solar_conversion_efficiency,0.273863636363636,230.265963263088
launch_cost_gbp_per_kg_to_staging_orbit,2510,solar_conversion_efficiency,0.273863636363636,238.872438481575
launch_cost_gbp_per_kg_to_staging_orbit,2623.18181818182,solar_conversion_efficiency,0.273863636363636,247.478913700063
launch_cost_gbp_per_kg_to_staging_orbit,2736.36363636364,solar_conversion_efficiency,0.273863636363636,256.08538891855
launch_cost_gbp_per_kg_to_staging_orbit,2849.54545454545,solar_conversion_efficiency,0.273863636363636,264.691864137037
launch_cost_gbp_per_kg_to_staging_orbit,2962.72727272727,solar_conversion_efficiency,0.273863636363636,273.298339355525
launch_cost_gbp_per_kg_to_staging_orbit,3075.90909090909,solar_conversion_efficiency,0.273863636363636,281.904814574013
launch_cost_gbp_per_kg_to_staging_orbit,3189.09090909091,solar_conversion_efficiency,0.273863636363636,290.5112897925
launch_cost_gbp_per_kg_to_staging_orbit,3302.27272727273,solar_conversion_efficiency,0.273863636363636,299.117765010988
launch_cost_gbp_per_kg_to_staging_orbit,3415.45454545455,solar_conversion_efficiency,0.273863636363636,307.724240229475
launch_cost_gbp_per_kg_to_staging_orbit,3528.63636363636,solar_conversion_efficiency,0.273863636363636,316.330715447963
launch_cost_gbp_per_kg_to_staging_orbit,3641.81818181818,solar_conversion_efficiency,0.273863636363636,324.93719066645
launch_cost_gbp_per_kg_to_staging_orbit,3755,solar_conversion_efficiency,0.273863636363636,333.543665884938
launch_cost_gbp_per_kg_to_staging_orbit,3868.18181818182,solar_conversion_efficiency,0.273863636363636,342.150141103425
launch_cost_gbp_per_kg_to_staging_orbit,3981.36363636364,solar_conversion_efficiency,0.273863636363636,350.756616321913
launch_cost_gbp_per_kg_to_staging_orbit,4094.54545454545,solar_conversion_efficiency,0.273863636363636,359.3630915404
launch_cost_gbp_per_kg_to_staging_orbit,4207.72727272727,solar_conversion_efficiency,0.273863636363636,367.969566758887
launch_cost_gbp_per_kg_to_staging_orbit,4320.90909090909,solar_conversion_efficiency,0.273863636363636,376.576041977375
launch_cost_gbp_per_kg_to_staging_orbit,4434.09090909091,solar_conversion_efficiency,0.273863636363636,385.182517195862
launch_cost_gbp_per_kg_to_staging_orbit,4547.27272727273,solar_conversion_efficiency,0.273863636363636,393.78899241435
launch_cost_gbp_per_kg_to_staging_orbit,4660.45454545455,solar_conversion_efficiency,0.273863636363636,402.395467632837
launch_cost_gbp_per_kg_to_staging_orbit,4773.63636363636,solar_conversion_efficiency,0.273863636363636,411.001942851325
launch_cost_gbp_per_kg_to_staging_orbit,4886.81818181818,solar_conversion_efficiency,0.273863636363636,419.608418069812
launch_cost_gbp_per_kg_to_staging_orbit,5000,solar_conversion_efficiency,0.273863636363636,428.2148932883
launch_cost_gbp_per_kg_to_staging_orbit,20,solar_conversion_efficiency,0.279545454545455,49.5299836748502
launch_cost_gbp_per_kg_to_staging_orbit,133.181818181818,solar_conversion_efficiency,0.279545454545455,58.1364588933377
launch_cost_gbp_per_kg_to_staging_orbit,246.363636363636,solar_conversion_efficiency,0.279545454545455,66.7429341118252
launch_cost_gbp_per_kg_to_staging_orbit,359.545454545455,solar_conversion_efficiency,0.279545454545455,75.3494093303127
launch_cost_gbp_per_kg_to_staging_orbit,472.727272727273,solar_conversion_efficiency,0.279545454545455,83.9558845488002
launch_cost_gbp_per_kg_to_staging_orbit,585.909090909091,solar_conversion_efficiency,0.279545454545455,92.5623597672877
launch_cost_gbp_per_kg_to_staging_orbit,699.090909090909,solar_conversion_efficiency,0.279545454545455,101.168834985775
launch_cost_gbp_per_kg_to_staging_orbit,812.272727272727,solar_conversion_efficiency,0.279545454545455,109.775310204263
launch_cost_gbp_per_kg_to_staging_orbit,925.454545454545,solar_conversion_efficiency,0.279545454545455,118.38178542275
launch_cost_gbp_per_kg_to_staging_orbit,1038.63636363636,solar_conversion_efficiency,0.279545454545455,126.988260641238
launch_cost_gbp_per_kg_to_staging_orbit,1151.81818181818,solar_conversion_efficiency,0.279545454545455,135.594735859725
launch_cost_gbp_per_kg_to_staging_orbit,1265,solar_conversion_efficiency,0.279545454545455,144.201211078213
launch_cost_gbp_per_kg_to_staging_orbit,1378.18181818182,solar_conversion_efficiency,0.279545454545455,152.8076862967
launch_cost_gbp_per_kg_to_staging_orbit,1491.36363636364,solar_conversion_efficiency,0.279545454545455,161.414161515188
launch_cost_gbp_per_kg_to_staging_orbit,1604.54545454545,solar_conversion_efficiency,0.279545454545455,170.020636733675
launch_cost_gbp_per_kg_to_staging_orbit,1717.72727272727,solar_conversion_efficiency,0.279545454545455,178.627111952163
launch_cost_gbp_per_kg_to_staging_orbit,1830.90909090909,solar_conversion_efficiency,0.279545454545455,187.23358717065
launch_cost_gbp_per_kg_to_staging_orbit,1944.09090909091,solar_conversion_efficiency,0.279545454545455,195.840062389138
launch_cost_gbp_per_kg_to_staging_orbit,2057.27272727273,solar_conversion_efficiency,0.279545454545455,204.446537607625
launch_cost_gbp_per_kg_to_staging_orbit,2170.45454545455,solar_conversion_efficiency,0.279545454545455,213.053012826113
launch_cost_gbp_per_kg_to_staging_orbit,2283.63636363636,solar_conversion_efficiency,0.279545454545455,221.6594880446
launch_cost_gbp_per_kg_to_staging_orbit,2396.81818181818,solar_conversion_efficiency,0.279545454545455,230.265963263088
launch_cost_gbp_per_kg_to_staging_orbit,2510,solar_conversion_efficiency,0.279545454545455,238.872438481575
launch_cost_gbp_per_kg_to_staging_orbit,2623.18181818182,solar_conversion_efficiency,0.279545454545455,247.478913700063
launch_cost_gbp_per_kg_to_staging_orbit,2736.36363636364,solar_conversion_efficiency,0.279545454545455,256.08538891855
launch_cost_gbp_per_kg_to_staging_orbit,2849.54545454545,solar_conversion_efficiency,0.279545454545455,264.691864137037
launch_cost_gbp_per_kg_to_staging_orbit,2962.72727272727,solar_conversion_efficiency,0.279545454545455,273.298339355525
launch_cost_gbp_per_kg_to_staging_orbit,3075.90909090909,solar_conversion_efficiency,0.279545454545455,281.904814574013
launch_cost_gbp_per_kg_to_staging_orbit,3189.09090909091,solar_conversion_efficiency,0.279545454545455,290.5112897925
launch_cost_gbp_per_kg_to_staging_orbit,3302.27272727273,solar_conversion_efficiency,0.279545454545455,299.117765010988
launch_cost_gbp_per_kg_to_staging_orbit,3415.45454545455,solar_conversion_efficiency,0.279545454545455,307.724240229475
launch_cost_gbp_per_kg_to_staging_orbit,3528.63636363636,solar_conversion_efficiency,0.279545454545455,316.330715447963
launch_cost_gbp_per_kg_to_staging_orbit,3641.81818181818,solar_conversion_efficiency,0.279545454545455,324.93719066645
launch_cost_gbp_per_kg_to_staging_orbit,3755,solar_conversion_efficiency,0.279545454545455,333.543665884938
launch_cost_gbp_per_kg_to_staging_orbit,3868.18181818182,solar_conversion_efficiency,0.279545454545455,342.150141103425
launch_cost_gbp_per_kg_to_staging_orbit,3981.36363636364,solar_conversion_efficiency,0.279545454545455,350.756616321913
launch_cost_gbp_per_kg_to_staging_orbit,4094.54545454545,solar_conversion_efficiency,0.279545454545455,359.3630915404
launch_cost_gbp_per_kg_to_staging_orbit,4207.72727272727,solar_conversion_efficiency,0.279545454545455,367.969566758887
launch_cost_gbp_per_kg_to_staging_orbit,4320.90909090909,solar_conversion_efficiency,0.279545454545455,376.576041977375
launch_cost_gbp_per_kg_to_staging_orbit,4434.09090909091,solar_conversion_efficiency,0.279545454545455,385.182517195862
launch_cost_gbp_per_kg_to_staging_orbit,4547.27272727273,solar_conversion_efficiency,0.279545454545455,393.78899241435
launch_cost_gbp_per_kg_to_staging_orbit,4660.45454545455,solar_conversion_efficiency,0.279545454545455,402.395467632837
launch_cost_gbp_per_kg_to_staging_orbit,4773.63636363636,solar_conversion_efficiency,0.279545454545455,411.001942851325
launch_cost_gbp_per_kg_to_staging_orbit,4886.81818181818,solar_conversion_efficiency,0.279545454545455,419.608418069812
launch_cost_gbp_per_kg_to_staging_orbit,5000,solar_conversion_efficiency,0.279545454545455,428.2148932883
launch_cost_gbp_per_kg_to_staging_orbit,20,solar_conversion_efficiency,0.285227272727273,49.5299836748502
launch_cost_gbp_per_kg_to_staging_orbit,133.181818181818,solar_conversion_efficiency,0.285227272727273,58.1364588933377
launch_cost_gbp_per_kg_to_staging_orbit,246.363636363636,solar_conversion_efficiency,0.285227272727273,66.7429341118252
launch_cost_gbp_per_kg_to_staging_orbit,359.545454545455,solar_conversion_efficiency,0.285227272727273,75.3494093303127
launch_cost_gbp_per_kg_to_staging_orbit,472.727272727273,solar_conversion_efficiency,0.285227272727273,83.9558845488002
launch_cost_gbp_per_kg_to_staging_orbit,585.909090909091,solar_conversion_efficiency,0.285227272727273,92.5623597672877
launch_cost_gbp_per_kg_to_staging_orbit,699.090909090909,solar_conversion_efficiency,0.285227272727273,101.168834985775
launch_cost_gbp_per_kg_to_staging_orbit,812.272727272727,solar_conversion_efficiency,0.285227272727273,109.775310204263
launch_cost_gbp_per_kg_to_staging_orbit,925.454545454545,solar_conversion_efficiency,0.285227272727273,118.38178542275
launch_cost_gbp_per_kg_to_staging_orbit,1038.63636363636,solar_conversion_efficiency,0.285227272727273,126.988260641238
launch_cost_gbp_per_kg_to_staging_orbit,1151.81818181818,solar_conversion_efficiency,0.285227272727273,135.594735859725
launch_cost_gbp_per_kg_to_staging_orbit,1265,solar_conversion_efficiency,0.285227272727273,144.201211078213
launch_cost_gbp_per_kg_to_staging_orbit,1378.18181818182,solar_conversion_efficiency,0.285227272727273,152.8076862967
launch_cost_gbp_per_kg_to_staging_orbit,1491.36363636364,solar_conversion_efficiency,0.285227272727273,161.414161515188
launch_cost_gbp_per_kg_to_staging_orbit,1604.54545454545,solar_conversion_efficiency,0.285227272727273,170.020636733675
launch_cost_gbp_per_kg_to_staging_orbit,1717.72727272727,solar_conversion_efficiency,0.285227272727273,178.627111952163
launch_cost_gbp_per_kg_to_staging_orbit,1830.90909090909,solar_conversion_efficiency,0.285227272727273,187.23358717065
launch_cost_gbp_per_kg_to_staging_orbit,1944.09090909091,solar_conversion_efficiency,0.285227272727273,195.840062389138
launch_cost_gbp_per_kg_to_staging_orbit,2057.27272727273,solar_conversion_efficiency,0.285227272727273,204.446537607625
launch_cost_gbp_per_kg_to_staging_orbit,2170.45454545455,solar_conversion_efficiency,0.285227272727273,213.053012826113
launch_cost_gbp_per_kg_to_staging_orbit,2283.63636363636,solar_conversion_efficiency,0.285227272727273,221.6594880446
launch_cost_gbp_per_kg_to_staging_orbit,2396.81818181818,solar_conversion_efficiency,0.285227272727273,230.265963263088
launch_cost_gbp_per_kg_to_staging_orbit,2510,solar_conversion_efficiency,0.285227272727273,238.872438481575
launch_cost_gbp_per_kg_to_staging_orbit,2623.18181818182,solar_conversion_efficiency,0.285227272727273,247.478913700063
launch_cost_gbp_per_kg_to_staging_orbit,2736.36363636364,solar_conversion_efficiency,0.285227272727273,256.08538891855
launch_cost_gbp_per_kg_to_staging_orbit,2849.54545454545,solar_conversion_efficiency,0.285227272727273,264.691864137037
launch_cost_gbp_per_kg_to_staging_orbit,2962.72727272727,solar_conversion_efficiency,0.285227272727273,273.298339355525
launch_cost_gbp_per_kg_to_staging_orbit,3075.90909090909,solar_conversion_efficiency,0.285227272727273,281.904814574013
launch_cost_gbp_per_kg_to_staging_orbit,3189.09090909091,solar_conversion_efficiency,0.285227272727273,290.5112897925
launch_cost_gbp_per_kg_to_staging_orbit,3302.27272727273,solar_conversion_efficiency,0.285227272727273,299.117765010988
launch_cost_gbp_per_kg_to_staging_orbit,3415.45454545455,solar_conversion_efficiency,0.285227272727273,307.724240229475
launch_cost_gbp_per_kg_to_staging_orbit,3528.63636363636,solar_conversion_efficiency,0.285227272727273,316.330715447963
launch_cost_gbp_per_kg_to_staging_orbit,3641.81818181818,solar_conversion_efficiency,0.285227272727273,324.93719066645
launch_cost_gbp_per_kg_to_staging_orbit,3755,solar_conversion_efficiency,0.285227272727273,333.543665884938
launch_cost_gbp_per_kg_to_staging_orbit,3868.18181818182,solar_conversion_efficiency,0.285227272727273,342.150141103425
launch_cost_gbp_per_kg_to_staging_orbit,3981.36363636364,solar_conversion_efficiency,0.285227272727273,350.756616321913
launch_cost_gbp_per_kg_to_staging_orbit,4094.54545454545,solar_conversion_efficiency,0.285227272727273,359.3630915404
launch_cost_gbp_per_kg_to_staging_orbit,4207.72727272727,solar_conversion_efficiency,0.285227272727273,367.969566758887
launch_cost_gbp_per_kg_to_staging_orbit,4320.90909090909,solar_conversion_efficiency,0.285227272727273,376.576041977375
launch_cost_gbp_per_kg_to_staging_orbit,4434.09090909091,solar_conversion_efficiency,0.285227272727273,385.182517195862
launch_cost_gbp_per_kg_to_staging_orbit,4547.27272727273,solar_conversion_efficiency,0.285227272727273,393.78899241435
launch_cost_gbp_per_kg_to_staging_orbit,4660.45454545455,solar_conversion_efficiency,0.285227272727273,402.395467632837
launch_cost_gbp_per_kg_to_staging_orbit,4773.63636363636,solar_conversion_efficiency,0.285227272727273,411.001942851325
launch_cost_gbp_per_kg_to_staging_orbit,4886.81818181818,solar_conversion_efficiency,0.285227272727273,419.608418069812
launch_cost_gbp_per_kg_to_staging_orbit,5000,solar_conversion_efficiency,0.285227272727273,428.2148932883
launch_cost_gbp_per_kg_to_staging_orbit,20,solar_conversion_efficiency,0.290909090909091,49.5299836748502
launch_cost_gbp_per_kg_to_staging_orbit,133.181818181818,solar_conversion_efficiency,0.290909090909091,58.1364588933377
launch_cost_gbp_per_kg_to_staging_orbit,246.363636363636,solar_conversion_efficiency,0.290909090909091,66.7429341118252
launch_cost_gbp_per_kg_to_staging_orbit,359.545454545455,solar_conversion_efficiency,0.290909090909091,75.3494093303127
launch_cost_gbp_per_kg_to_staging_orbit,472.727272727273,solar_conversion_efficiency,0.290909090909091,83.9558845488002
launch_cost_gbp_per_kg_to_staging_orbit,585.909090909091,solar_conversion_efficiency,0.290909090909091,92.5623597672877
launch_cost_gbp_per_kg_to_staging_orbit,699.090909090909,solar_conversion_efficiency,0.290909090909091,101.168834985775
launch_cost_gbp_per_kg_to_staging_orbit,812.272727272727,solar_conversion_efficiency,0.290909090909091,109.775310204263
launch_cost_gbp_per_kg_to_staging_orbit,925.454545454545,solar_conversion_efficiency,0.290909090909091,118.38178542275
launch_cost_gbp_per_kg_to_staging_orbit,1038.63636363636,solar_conversion_efficiency,0.290909090909091,126.988260641238
launch_cost_gbp_per_kg_to_staging_orbit,1151.81818181818,solar_conversion_efficiency,0.290909090909091,135.594735859725
launch_cost_gbp_per_kg_to_staging_orbit,1265,solar_conversion_efficiency,0.290909090909091,144.201211078213
launch_cost_gbp_per_kg_to_staging_orbit,1378.18181818182,solar_conversion_efficiency,0.290909090909091,152.8076862967
launch_cost_gbp_per_kg_to_staging_orbit,1491.36363636364,solar_conversion_efficiency,0.290909090909091,161.414161515188
launch_cost_gbp_per_kg_to_staging_orbit,1604.54545454545,solar_conversion_efficiency,0.290909090909091,170.020636733675
launch_cost_gbp_per_kg_to_staging_orbit,1717.72727272727,solar_conversion_efficiency,0.290909090909091,178.627111952163
launch_cost_gbp_per_kg_to_staging_orbit,1830.90909090909,solar_conversion_efficiency,0.290909090909091,187.23358717065
launch_cost_gbp_per_kg_to_staging_orbit,1944.09090909091,solar_conversion_efficiency,0.290909090909091,195.840062389138
launch_cost_gbp_per_kg_to_staging_orbit,2057.27272727273,solar_conversion_efficiency,0.290909090909091,204.446537607625
launch_cost_gbp_per_kg_to_staging_orbit,2170.45454545455,solar_conversion_efficiency,0.290909090909091,213.053012826113
launch_cost_gbp_per_kg_to_staging_orbit,2283.63636363636,solar_conversion_efficiency,0.290909090909091,221.6594880446
launch_cost_gbp_per_kg_to_staging_orbit,2396.81818181818,solar_conversion_efficiency,0.290909090909091,230.265963263088
launch_cost_gbp_per_kg_to_staging_orbit,2510,solar_conversion_efficiency,0.290909090909091,238.872438481575
launch_cost_gbp_per_kg_to_staging_orbit,2623.18181818182,solar_conversion_efficiency,0.290909090909091,247.478913700063
launch_cost_gbp_per_kg_to_staging_orbit,2736.36363636364,solar_conversion_efficiency,0.290909090909091,256.08538891855
launch_cost_gbp_per_kg_to_staging_orbit,2849.54545454545,solar_conversion_efficiency,0.290909090909091,264.691864137037
launch_cost_gbp_per_kg_to_staging_orbit,2962.72727272727,solar_conversion_efficiency,0.290909090909091,273.298339355525
launch_cost_gbp_per_kg_to_staging_orbit,3075.90909090909,solar_conversion_efficiency,0.290909090909091,281.904814574013
launch_cost_gbp_per_kg_to_staging_orbit,3189.09090909091,solar_conversion_efficiency,0.290909090909091,290.5112897925
launch_cost_gbp_per_kg_to_staging_orbit,3302.27272727273,solar_conversion_efficiency,0.290909090909091,299.117765010988
launch_cost_gbp_per_kg_to_staging_orbit,3415.45454545455,solar_conversion_efficiency,0.290909090909091,307.724240229475
launch_cost_gbp_per_kg_to_staging_orbit,3528.63636363636,solar_conversion_efficiency,0.290909090909091,316.330715447963
launch_cost_gbp_per_kg_to_staging_orbit,3641.81818181818,solar_conversion_efficiency,0.290909090909091,324.93719066645
launch_cost_gbp_per_kg_to_staging_orbit,3755,solar_conversion_efficiency,0.290909090909091,333.543665884938
launch_cost_gbp_per_kg_to_staging_orbit,3868.18181818182,solar_conversion_efficiency,0.290909090909091,342.150141103425
launch_cost_gbp_per_kg_to_staging_orbit,3981.36363636364,solar_conversion_efficiency,0.290909090909091,350.756616321913
launch_cost_gbp_per_kg_to_staging_orbit,4094.54545454545,solar_conversion_efficiency,0.290909090909091,359.3630915404
launch_cost_gbp_per_kg_to_staging_orbit,4207.72727272727,solar_conversion_efficiency,0.290909090909091,367.969566758887
launch_cost_gbp_per_kg_to_staging_orbit,4320.90909090909,solar_conversion_efficiency,0.290909090909091,376.576041977375
launch_cost_gbp_per_kg_to_staging_orbit,4434.09090909091,solar_conversion_efficiency,0.290909090909091,385.182517195862
launch_cost_gbp_per_kg_to_staging_orbit,4547.27272727273,solar_conversion_efficiency,0.290909090909091,393.78899241435
launch_cost_gbp_per_kg_to_staging_orbit,4660.45454545455,solar_conversion_efficiency,0.290909090909091,402.395467632837
launch_cost_gbp_per_kg_to_staging_orbit,4773.63636363636,solar_conversion_efficiency,0.290909090909091,411.001942851325
launch_cost_gbp_per_kg_to_staging_orbit,4886.81818181818,solar_conversion_efficiency,0.290909090909091,419.608418069812
launch_cost_gbp_per_kg_to_staging_orbit,5000,solar_conversion_efficiency,0.290909090909091,428.2148932883
launch_cost_gbp_per_kg_to_staging_orbit,20,solar_conversion_efficiency,0.296590909090909,49.5299836748502
launch_cost_gbp_per_kg_to_staging_orbit,133.181818181818,solar_conversion_efficiency,0.296590909090909,58.1364588933377
launch_cost_gbp_per_kg_to_staging_orbit,246.363636363636,solar_conversion_efficiency,0.296590909090909,66.7429341118252
launch_cost_gbp_per_kg_to_staging_orbit,359.545454545455,solar_conversion_efficiency,0.296590909090909,75.3494093303127
launch_cost_gbp_per_kg_to_staging_orbit,472.727272727273,solar_conversion_efficiency,0.296590909090909,83.9558845488002
launch_cost_gbp_per_kg_to_staging_orbit,585.909090909091,solar_conversion_efficiency,0.296590909090909,92.5623597672877
launch_cost_gbp_per_kg_to_staging_orbit,699.090909090909,solar_conversion_efficiency,0.296590909090909,101.168834985775
launch_cost_gbp_per_kg_to_staging_orbit,812.272727272727,solar_conversion_efficiency,0.296590909090909,109.775310204263
launch_cost_gbp_per_kg_to_staging_orbit,925.454545454545,solar_conversion_efficiency,0.296590909090909,118.38178542275
launch_cost_gbp_per_kg_to_staging_orbit,1038.63636363636,solar_conversion_efficiency,0.296590909090909,126.988260641238
launch_cost_gbp_per_kg_to_staging_orbit,1151.81818181818,solar_conversion_efficiency,0.296590909090909,135.594735859725
launch_cost_gbp_per_kg_to_staging_orbit,1265,solar_conversion_efficiency,0.296590909090909,144.201211078213
launch_cost_gbp_per_kg_to_staging_orbit,1378.18181818182,solar_conversion_efficiency,0.296590909090909,152.8076862967
launch_cost_gbp_per_kg_to_staging_orbit,1491.36363636364,solar_conversion_efficiency,0.296590909090909,161.414161515188
launch_cost_gbp_per_kg_to_staging_orbit,1604.54545454545,solar_conversion_efficiency,0.296590909090909,170.020636733675
launch_cost_gbp_per_kg_to_staging_orbit,1717.72727272727,solar_conversion_efficiency,0.296590909090909,178.627111952163
launch_cost_gbp_per_kg_to_staging_orbit,1830.90909090909,solar_conversion_efficiency,0.296590909090909,187.23358717065
launch_cost_gbp_per_kg_to_staging_orbit,1944.09090909091,solar_conversion_efficiency,0.296590909090909,195.840062389138
launch_cost_gbp_per_kg_to_staging_orbit,2057.27272727273,solar_conversion_efficiency,0.296590909090909,204.446537607625
launch_cost_gbp_per_kg_to_staging_orbit,2170.45454545455,solar_conversion_efficiency,0.296590909090909,213.053012826113
launch_cost_gbp_per_kg_to_staging_orbit,2283.63636363636,solar_conversion_efficiency,0.296590909090909,221.6594880446
launch_cost_gbp_per_kg_to_staging_orbit,2396.81818181818,solar_conversion_efficiency,0.296590909090909,230.265963263088
launch_cost_gbp_per_kg_to_staging_orbit,2510,solar_conversion_efficiency,0.296590909090909,238.872438481575
launch_cost_gbp_per_kg_to_staging_orbit,2623.18181818182,solar_conversion_efficiency,0.296590909090909,247.478913700063
launch_cost_gbp_per_kg_to_staging_orbit,2736.36363636364,solar_conversion_efficiency,0.296590909090909,256.08538891855
launch_cost_gbp_per_kg_to_staging_orbit,2849.54545454545,solar_conversion_efficiency,0.296590909090909,264.691864137037
launch_cost_gbp_per_kg_to_staging_orbit,2962.72727272727,solar_conversion_efficiency,0.296590909090909,273.298339355525
launch_cost_gbp_per_kg_to_staging_orbit,3075.90909090909,solar_conversion_efficiency,0.296590909090909,281.904814574013
launch_cost_gbp_per_kg_to_staging_orbit,3189.09090909091,solar_conversion_efficiency,0.296590909090909,290.5112897925
launch_cost_gbp_per_kg_to_staging_orbit,3302.27272727273,solar_conversion_efficiency,0.296590909090909,299.117765010988
launch_cost_gbp_per_kg_to_staging_orbit,3415.45454545455,solar_conversion_efficiency,0.296590909090909,307.724240229475
launch_cost_gbp_per_kg_to_staging_orbit,3528.63636363636,solar_conversion_efficiency,0.296590909090909,316.330715447963
launch_cost_gbp_per_kg_to_staging_orbit,3641.81818181818,solar_conversion_efficiency,0.296590909090909,324.93719066645
launch_cost_gbp_per_kg_to_staging_orbit,3755,solar_conversion_efficiency,0.296590909090909,333.543665884938
launch_cost_gbp_per_kg_to_staging_orbit,3868.18181818182,solar_conversion_efficiency,0.296590909090909,342.150141103425
launch_cost_gbp_per_kg_to_staging_orbit,3981.36363636364,solar_conversion_efficiency,0.296590909090909,350.756616321913
launch_cost_gbp_per_kg_to_staging_orbit,4094.54545454545,solar_conversion_efficiency,0.296590909090909,359.3630915404
launch_cost_gbp_per_kg_to_staging_orbit,4207.72727272727,solar_conversion_efficiency,0.296590909090909,367.969566758887
launch_cost_gbp_per_kg_to_staging_orbit,4320.90909090909,solar_conversion_efficiency,0.296590909090909,376.576041977375
launch_cost_gbp_per_kg_to_staging_orbit,4434.09090909091,solar_conversion_efficiency,0.296590909090909,385.182517195862
launch_cost_gbp_per_kg_to_staging_orbit,4547.27272727273,solar_conversion_efficiency,0.296590909090909,393.78899241435
launch_cost_gbp_per_kg_to_staging_orbit,4660.45454545455,solar_conversion_efficiency,0.296590909090909,402.395467632837
launch_cost_gbp_per_kg_to_staging_orbit,4773.63636363636,solar_conversion_efficiency,0.296590909090909,411.001942851325
launch_cost_gbp_per_kg_to_staging_orbit,4886.81818181818,solar_conversion_efficiency,0.296590909090909,419.608418069812
launch_cost_gbp_per_kg_to_staging_orbit,5000,solar_conversion_efficiency,0.296590909090909,428.2148932883
launch_cost_gbp_per_kg_to_staging_orbit,20,solar_conversion_efficiency,0.302272727272727,49.5299836748502
launch_cost_gbp_per_kg_to_staging_orbit,133.181818181818,solar_conversion_efficiency,0.302272727272727,58.1364588933377
launch_cost_gbp_per_kg_to_staging_orbit,246.363636363636,solar_conversion_efficiency,0.302272727272727,66.7429341118252
launch_cost_gbp_per_kg_to_staging_orbit,359.545454545455,solar_conversion_efficiency,0.302272727272727,75.3494093303127
launch_cost_gbp_per_kg_to_staging_orbit,472.727272727273,solar_conversion_efficiency,0.302272727272727,83.9558845488002
launch_cost_gbp_per_kg_to_staging_orbit,585.909090909091,solar_conversion_efficiency,0.302272727272727,92.5623597672877
launch_cost_gbp_per_kg_to_staging_orbit,699.090909090909,solar_conversion_efficiency,0.302272727272727,101.168834985775
launch_cost_gbp_per_kg_to_staging_orbit,812.272727272727,solar_conversion_efficiency,0.302272727272727,109.775310204263
launch_cost_gbp_per_kg_to_staging_orbit,925.454545454545,solar_conversion_efficiency,0.302272727272727,118.38178542275
launch_cost_gbp_per_kg_to_staging_orbit,1038.63636363636,solar_conversion_efficiency,0.302272727272727,126.988260641238
launch_cost_gbp_per_kg_to_staging_orbit,1151.81818181818,solar_conversion_efficiency,0.302272727272727,135.594735859725
launch_cost_gbp_per_kg_to_staging_orbit,1265,solar_conversion_efficiency,0.302272727272727,144.201211078213
launch_cost_gbp_per_kg_to_staging_orbit,1378.18181818182,solar_conversion_efficiency,0.302272727272727,152.8076862967
launch_cost_gbp_per_kg_to_staging_orbit,1491.36363636364,solar_conversion_efficiency,0.302272727272727,161.414161515188
launch_cost_gbp_per_kg_to_staging_orbit,1604.54545454545,solar_conversion_efficiency,0.302272727272727,170.020636733675
launch_cost_gbp_per_kg_to_staging_orbit,1717.72727272727,solar_conversion_efficiency,0.302272727272727,178.627111952163
launch_cost_gbp_per_kg_to_staging_orbit,1830.90909090909,solar_conversion_efficiency,0.302272727272727,187.23358717065
launch_cost_gbp_per_kg_to_staging_orbit,1944.09090909091,solar_conversion_efficiency,0.302272727272727,195.840062389138
launch_cost_gbp_per_kg_to_staging_orbit,2057.27272727273,solar_conversion_efficiency,0.302272727272727,204.446537607625
launch_cost_gbp_per_kg_to_staging_orbit,2170.45454545455,solar_conversion_efficiency,0.302272727272727,213.053012826113
launch_cost_gbp_per_kg_to_staging_orbit,2283.63636363636,solar_conversion_efficiency,0.302272727272727,221.6594880446
launch_cost_gbp_per_kg_to_staging_orbit,2396.81818181818,solar_conversion_efficiency,0.302272727272727,230.265963263088
launch_cost_gbp_per_kg_to_staging_orbit,2510,solar_conversion_efficiency,0.302272727272727,238.872438481575
launch_cost_gbp_per_kg_to_staging_orbit,2623.18181818182,solar_conversion_efficiency,0.302272727272727,247.478913700063
launch_cost_gbp_per_kg_to_staging_orbit,2736.36363636364,solar_conversion_efficiency,0.302272727272727,256.08538891855
launch_cost_gbp_per_kg_to_staging_orbit,2849.54545454545,solar_conversion_efficiency,0.302272727272727,264.691864137037
launch_cost_gbp_per_kg_to_staging_orbit,2962.72727272727,solar_conversion_efficiency,0.302272727272727,273.298339355525
launch_cost_gbp_per_kg_to_staging_orbit,3075.90909090909,solar_conversion_efficiency,0.302272727272727,281.904814574013
launch_cost_gbp_per_kg_to_staging_orbit,3189.09090909091,solar_conversion_efficiency,0.302272727272727,290.5112897925
launch_cost_gbp_per_kg_to_staging_orbit,3302.27272727273,solar_conversion_efficiency,0.302272727272727,299.117765010988
launch_cost_gbp_per_kg_to_staging_orbit,3415.45454545455,solar_conversion_efficiency,0.302272727272727,307.724240229475
launch_cost_gbp_per_kg_to_staging_orbit,3528.63636363636,solar_conversion_efficiency,0.302272727272727,316.330715447963
launch_cost_gbp_per_kg_to_staging_orbit,3641.81818181818,solar_conversion_efficiency,0.302272727272727,324.93719066645
launch_cost_gbp_per_kg_to_staging_orbit,3755,solar_conversion_efficiency,0.302272727272727,333.543665884938
launch_cost_gbp_per_kg_to_staging_orbit,3868.18181818182,solar_conversion_efficiency,0.302272727272727,342.150141103425
launch_cost_gbp_per_kg_to_staging_orbit,3981.36363636364,solar_conversion_efficiency,0.302272727272727,350.756616321913
launch_cost_gbp_per_kg_to_staging_orbit,4094.54545454545,solar_conversion_efficiency,0.302272727272727,359.3630915404
launch_cost_gbp_per_kg_to_staging_orbit,4207.72727272727,solar_conversion_efficiency,0.302272727272727,367.969566758887
launch_cost_gbp_per_kg_to_staging_orbit,4320.90909090909,solar_conversion_efficiency,0.302272727272727,376.576041977375
launch_cost_gbp_per_kg_to_staging_orbit,4434.09090909091,solar_conversion_efficiency,0.302272727272727,385.182517195862
launch_cost_gbp_per_kg_to_staging_orbit,4547.27272727273,solar_conversion_efficiency,0.302272727272727,393.78899241435
launch_cost_gbp_per_kg_to_staging_orbit,4660.45454545455,solar_conversion_efficiency,0.302272727272727,402.395467632837
launch_cost_gbp_per_kg_to_staging_orbit,4773.63636363636,solar_conversion_efficiency,0.302272727272727,411.001942851325
launch_cost_gbp_per_kg_to_staging_orbit,4886.81818181818,solar_conversion_efficiency,0.302272727272727,419.608418069812
launch_cost_gbp_per_kg_to_staging_orbit,5000,solar_conversion_efficiency,0.302272727272727,428.2148932883
launch_cost_gbp_per_kg_to_staging_orbit,20,solar_conversion_efficiency,0.307954545454545,49.5299836748502
launch_cost_gbp_per_kg_to_staging_orbit,133.181818181818,solar_conversion_efficiency,0.307954545454545,58.1364588933377
launch_cost_gbp_per_kg_to_staging_orbit,246.363636363636,solar_conversion_efficiency,0.307954545454545,66.7429341118252
launch_cost_gbp_per_kg_to_staging_orbit,359.545454545455,solar_conversion_efficiency,0.307954545454545,75.3494093303127
launch_cost_gbp_per_kg_to_staging_orbit,472.727272727273,solar_conversion_efficiency,0.307954545454545,83.9558845488002
launch_cost_gbp_per_kg_to_staging_orbit,585.909090909091,solar_conversion_efficiency,0.307954545454545,92.5623597672877
launch_cost_gbp_per_kg_to_staging_orbit,699.090909090909,solar_conversion_efficiency,0.307954545454545,101.168834985775
launch_cost_gbp_per_kg_to_staging_orbit,812.272727272727,solar_conversion_efficiency,0.307954545454545,109.775310204263
launch_cost_gbp_per_kg_to_staging_orbit,925.454545454545,solar_conversion_efficiency,0.307954545454545,118.38178542275
launch_cost_gbp_per_kg_to_staging_orbit,1038.63636363636,solar_conversion_efficiency,0.307954545454545,126.988260641238
launch_cost_gbp_per_kg_to_staging_orbit,1151.81818181818,solar_conversion_efficiency,0.307954545454545,135.594735859725
launch_cost_gbp_per_kg_to_staging_orbit,1265,solar_conversion_efficiency,0.307954545454545,144.201211078213
launch_cost_gbp_per_kg_to_staging_orbit,1378.18181818182,solar_conversion_efficiency,0.307954545454545,152.8076862967
launch_cost_gbp_per_kg_to_staging_orbit,1491.36363636364,solar_conversion_efficiency,0.307954545454545,161.414161515188
launch_cost_gbp_per_kg_to_staging_orbit,1604.54545454545,solar_conversion_efficiency,0.307954545454545,170.020636733675
launch_cost_gbp_per_kg_to_staging_orbit,1717.72727272727,solar_conversion_efficiency,0.307954545454545,178.627111952163
launch_cost_gbp_per_kg_to_staging_orbit,1830.90909090909,solar_conversion_efficiency,0.307954545454545,187.23358717065
launch_cost_gbp_per_kg_to_staging_orbit,1944.09090909091,solar_conversion_efficiency,0.307954545454545,195.840062389138
launch_cost_gbp_per_kg_to_staging_orbit,2057.27272727273,solar_conversion_efficiency,0.307954545454545,204.446537607625
launch_cost_gbp_per_kg_to_staging_orbit,2170.45454545455,solar_conversion_efficiency,0.307954545454545,213.053012826113
launch_cost_gbp_per_kg_to_staging_orbit,2283.63636363636,solar_conversion_efficiency,0.307954545454545,221.6594880446
launch_cost_gbp_per_kg_to_staging_orbit,2396.81818181818,solar_conversion_efficiency,0.307954545454545,230.265963263088
launch_cost_gbp_per_kg_to_staging_orbit,2510,solar_conversion_efficiency,0.307954545454545,238.872438481575
launch_cost_gbp_per_kg_to_staging_orbit,2623.18181818182,solar_conversion_efficiency,0.307954545454545,247.478913700063
launch_cost_gbp_per_kg_to_staging_orbit,2736.36363636364,solar_conversion_efficiency,0.307954545454545,256.08538891855
launch_cost_gbp_per_kg_to_staging_orbit,2849.54545454545,solar_conversion_efficiency,0.307954545454545,264.691864137037
launch_cost_gbp_per_kg_to_staging_orbit,2962.72727272727,solar_conversion_efficiency,0.307954545454545,273.298339355525
launch_cost_gbp_per_kg_to_staging_orbit,3075.90909090909,solar_conversion_efficiency,0.307954545454545,281.904814574013
launch_cost_gbp_per_kg_to_staging_orbit,3189.09090909091,solar_conversion_efficiency,0.307954545454545,290.5112897925
launch_cost_gbp_per_kg_to_staging_orbit,3302.27272727273,solar_conversion_efficiency,0.307954545454545,299.117765010988
launch_cost_gbp_per_kg_to_staging_orbit,3415.45454545455,solar_conversion_efficiency,0.307954545454545,307.724240229475
launch_cost_gbp_per_kg_to_staging_orbit,3528.63636363636,solar_conversion_efficiency,0.307954545454545,316.330715447963
launch_cost_gbp_per_kg_to_staging_orbit,3641.81818181818,solar_conversion_efficiency,0.307954545454545,324.93719066645
launch_cost_gbp_per_kg_to_staging_orbit,3755,solar_conversion_efficiency,0.307954545454545,333.543665884938
launch_cost_gbp_per_kg_to_staging_orbit,3868.18181818182,solar_conversion_efficiency,0.307954545454545,342.150141103425
launch_cost_gbp_per_kg_to_staging_orbit,3981.36363636364,solar_conversion_efficiency,0.307954545454545,350.756616321913
launch_cost_gbp_per_kg_to_staging_orbit,4094.54545454545,solar_conversion_efficiency,0.307954545454545,359.3630915404
launch_cost_gbp_per_kg_to_staging_orbit,4207.72727272727,solar_conversion_efficiency,0.307954545454545,367.969566758887
launch_cost_gbp_per_kg_to_staging_orbit,4320.90909090909,solar_conversion_efficiency,0.307954545454545,376.576041977375
launch_cost_gbp_per_kg_to_staging_orbit,4434.09090909091,solar_conversion_efficiency,0.307954545454545,385.182517195862
launch_cost_gbp_per_kg_to_staging_orbit,4547.27272727273,solar_conversion_efficiency,0.307954545454545,393.78899241435
launch_cost_gbp_per_kg_to_staging_orbit,4660.45454545455,solar_conversion_efficiency,0.307954545454545,402.395467632837
launch_cost_gbp_per_kg_to_staging_orbit,4773.63636363636,solar_conversion_efficiency,0.307954545454545,411.001942851325
launch_cost_gbp_per_kg_to_staging_orbit,4886.81818181818,solar_conversion_efficiency,0.307954545454545,419.608418069812
launch_cost_gbp_per_kg_to_staging_orbit,5000,solar_conversion_efficiency,0.307954545454545,428.2148932883
launch_cost_gbp_per_kg_to_staging_orbit,20,solar_conversion_efficiency,0.313636363636364,49.5299836748502
launch_cost_gbp_per_kg_to_staging_orbit,133.181818181818,solar_conversion_efficiency,0.313636363636364,58.1364588933377
launch_cost_gbp_per_kg_to_staging_orbit,246.363636363636,solar_conversion_efficiency,0.313636363636364,66.7429341118252
launch_cost_gbp_per_kg_to_staging_orbit,359.545454545455,solar_conversion_efficiency,0.313636363636364,75.3494093303127
launch_cost_gbp_per_kg_to_staging_orbit,472.727272727273,solar_conversion_efficiency,0.313636363636364,83.9558845488002
launch_cost_gbp_per_kg_to_staging_orbit,585.909090909091,solar_conversion_efficiency,0.313636363636364,92.5623597672877
launch_cost_gbp_per_kg_to_staging_orbit,699.090909090909,solar_conversion_efficiency,0.313636363636364,101.168834985775
launch_cost_gbp_per_kg_to_staging_orbit,812.272727272727,solar_conversion_efficiency,0.313636363636364,109.775310204263
launch_cost_gbp_per_kg_to_staging_orbit,925.454545454545,solar_conversion_efficiency,0.313636363636364,118.38178542275
launch_cost_gbp_per_kg_to_staging_orbit,1038.63636363636,solar_conversion_efficiency,0.313636363636364,126.988260641238
launch_cost_gbp_per_kg_to_staging_orbit,1151.81818181818,solar_conversion_efficiency,0.313636363636364,135.594735859725
launch_cost_gbp_per_kg_to_staging_orbit,1265,solar_conversion_efficiency,0.313636363636364,144.201211078213
launch_cost_gbp_per_kg_to_staging_orbit,1378.18181818182,solar_conversion_efficiency,0.313636363636364,152.8076862967
launch_cost_gbp_per_kg_to_staging_orbit,1491.36363636364,solar_conversion_efficiency,0.313636363636364,161.414161515188
launch_cost_gbp_per_kg_to_staging_orbit,1604.54545454545,solar_conversion_efficiency,0.313636363636364,170.020636733675
launch_cost_gbp_per_kg_to_staging_orbit,1717.72727272727,solar_conversion_efficiency,0.313636363636364,178.627111952163
launch_cost_gbp_per_kg_to_staging_orbit,1830.90909090909,solar_conversion_efficiency,0.313636363636364,187.23358717065
launch_cost_gbp_per_kg_to_staging_orbit,1944.09090909091,solar_conversion_efficiency,0.313636363636364,195.840062389138
launch_cost_gbp_per_kg_to_staging_orbit,2057.27272727273,solar_conversion_efficiency,0.313636363636364,204.446537607625
launch_cost_gbp_per_kg_to_staging_orbit,2170.45454545455,solar_conversion_efficiency,0.313636363636364,213.053012826113
launch_cost_gbp_per_kg_to_staging_orbit,2283.63636363636,solar_conversion_efficiency,0.313636363636364,221.6594880446
launch_cost_gbp_per_kg_to_staging_orbit,2396.81818181818,solar_conversion_efficiency,0.313636363636364,230.265963263088
launch_cost_gbp_per_kg_to_staging_orbit,2510,solar_conversion_efficiency,0.313636363636364,238.872438481575
launch_cost_gbp_per_kg_to_staging_orbit,2623.18181818182,solar_conversion_efficiency,0.313636363636364,247.478913700063
launch_cost_gbp_per_kg_to_staging_orbit,2736.36363636364,solar_conversion_efficiency,0.313636363636364,256.08538891855
launch_cost_gbp_per_kg_to_staging_orbit,2849.54545454545,solar_conversion_efficiency,0.313636363636364,264.691864137037
launch_cost_gbp_per_kg_to_staging_orbit,2962.72727272727,solar_conversion_efficiency,0.313636363636364,273.298339355525
launch_cost_gbp_per_kg_to_staging_orbit,3075.90909090909,solar_conversion_efficiency,0.313636363636364,281.904814574013
launch_cost_gbp_per_kg_to_staging_orbit,3189.09090909091,solar_conversion_efficiency,0.313636363636364,290.5112897925
launch_cost_gbp_per_kg_to_staging_orbit,3302.27272727273,solar_conversion_efficiency,0.313636363636364,299.117765010988
launch_cost_gbp_per_kg_to_staging_orbit,3415.45454545455,solar_conversion_efficiency,0.313636363636364,307.724240229475
launch_cost_gbp_per_kg_to_staging_orbit,3528.63636363636,solar_conversion_efficiency,0.313636363636364,316.330715447963
launch_cost_gbp_per_kg_to_staging_orbit,3641.81818181818,solar_conversion_efficiency,0.313636363636364,324.93719066645
launch_cost_gbp_per_kg_to_staging_orbit,3755,solar_conversion_efficiency,0.313636363636364,333.543665884938
launch_cost_gbp_per_kg_to_staging_orbit,3868.18181818182,solar_conversion_efficiency,0.313636363636364,342.150141103425
launch_cost_gbp_per_kg_to_staging_orbit,3981.36363636364,solar_conversion_efficiency,0.313636363636364,350.756616321913
launch_cost_gbp_per_kg_to_staging_orbit,4094.54545454545,solar_conversion_efficiency,0.313636363636364,359.3630915404
launch_cost_gbp_per_kg_to_staging_orbit,4207.72727272727,solar_conversion_efficiency,0.313636363636364,367.969566758887
launch_cost_gbp_per_kg_to_staging_orbit,4320.90909090909,solar_conversion_efficiency,0.313636363636364,376.576041977375
launch_cost_gbp_per_kg_to_staging_orbit,4434.09090909091,solar_conversion_efficiency,0.313636363636364,385.182517195862
launch_cost_gbp_per_kg_to_staging_orbit,4547.27272727273,solar_conversion_efficiency,0.313636363636364,393.78899241435
launch_cost_gbp_per_kg_to_staging_orbit,4660.45454545455,solar_conversion_efficiency,0.313636363636364,402.395467632837
launch_cost_gbp_per_kg_to_staging_orbit,4773.63636363636,solar_conversion_efficiency,0.313636363636364,411.001942851325
launch_cost_gbp_per_kg_to_staging_orbit,4886.81818181818,solar_conversion_efficiency,0.313636363636364,419.608418069812
launch_cost_gbp_per_kg_to_staging_orbit,5000,solar_conversion_efficiency,0.313636363636364,428.2148932883
launch_cost_gbp_per_kg_to_staging_orbit,20,solar_conversion_efficiency,0.319318181818182,49.5299836748502
launch_cost_gbp_per_kg_to_staging_orbit,133.181818181818,solar_conversion_efficiency,0.319318181818182,58.1364588933377
launch_cost_gbp_per_kg_to_staging_orbit,246.363636363636,solar_conversion_efficiency,0.319318181818182,66.7429341118252
launch_cost_gbp_per_kg_to_staging_orbit,359.545454545455,solar_conversion_efficiency,0.319318181818182,75.3494093303127
launch_cost_gbp_per_kg_to_staging_orbit,472.727272727273,solar_conversion_efficiency,0.319318181818182,83.9558845488002
launch_cost_gbp_per_kg_to_staging_orbit,585.909090909091,solar_conversion_efficiency,0.319318181818182,92.5623597672877
launch_cost_gbp_per_kg_to_staging_orbit,699.090909090909,solar_conversion_efficiency,0.319318181818182,101.168834985775
launch_cost_gbp_per_kg_to_staging_orbit,812.272727272727,solar_conversion_efficiency,0.319318181818182,109.775310204263
launch_cost_gbp_per_kg_to_staging_orbit,925.454545454545,solar_conversion_efficiency,0.319318181818182,118.38178542275
launch_cost_gbp_per_kg_to_staging_orbit,1038.63636363636,solar_conversion_efficiency,0.319318181818182,126.988260641238
launch_cost_gbp_per_kg_to_staging_orbit,1151.81818181818,solar_conversion_efficiency,0.319318181818182,135.594735859725
launch_cost_gbp_per_kg_to_staging_orbit,1265,solar_conversion_efficiency,0.319318181818182,144.201211078213
launch_cost_gbp_per_kg_to_staging_orbit,1378.18181818182,solar_conversion_efficiency,0.319318181818182,152.8076862967
launch_cost_gbp_per_kg_to_staging_orbit,1491.36363636364,solar_conversion_efficiency,0.319318181818182,161.414161515188
launch_cost_gbp_per_kg_to_staging_orbit,1604.54545454545,solar_conversion_efficiency,0.319318181818182,170.020636733675
launch_cost_gbp_per_kg_to_staging_orbit,1717.72727272727,solar_conversion_efficiency,0.319318181818182,178.627111952163
launch_cost_gbp_per_kg_to_staging_orbit,1830.90909090909,solar_conversion_efficiency,0.319318181818182,187.23358717065
launch_cost_gbp_per_kg_to_staging_orbit,1944.09090909091,solar_conversion_efficiency,0.319318181818182,195.840062389138
launch_cost_gbp_per_kg_to_staging_orbit,2057.27272727273,solar_conversion_efficiency,0.319318181818182,204.446537607625
launch_cost_gbp_per_kg_to_staging_orbit,2170.45454545455,solar_conversion_efficiency,0.319318181818182,213.053012826113
launch_cost_gbp_per_kg_to_staging_orbit,2283.63636363636,solar_conversion_efficiency,0.319318181818182,221.6594880446
launch_cost_gbp_per_kg_to_staging_orbit,2396.81818181818,solar_conversion_efficiency,0.319318181818182,230.265963263088
launch_cost_gbp_per_kg_to_staging_orbit,2510,solar_conversion_efficiency,0.319318181818182,238.872438481575
launch_cost_gbp_per_kg_to_staging_orbit,2623.18181818182,solar_conversion_efficiency,0.319318181818182,247.478913700063
launch_cost_gbp_per_kg_to_staging_orbit,2736.36363636364,solar_conversion_efficiency,0.319318181818182,256.08538891855
launch_cost_gbp_per_kg_to_staging_orbit,2849.54545454545,solar_conversion_efficiency,0.319318181818182,264.691864137037
launch_cost_gbp_per_kg_to_staging_orbit,2962.72727272727,solar_conversion_efficiency,0.319318181818182,273.298339355525
launch_cost_gbp_per_kg_to_staging_orbit,3075.90909090909,solar_conversion_efficiency,0.319318181818182,281.904814574013
launch_cost_gbp_per_kg_to_staging_orbit,3189.09090909091,solar_conversion_efficiency,0.319318181818182,290.5112897925
launch_cost_gbp_per_kg_to_staging_orbit,3302.27272727273,solar_conversion_efficiency,0.319318181818182,299.117765010988
launch_cost_gbp_per_kg_to_staging_orbit,3415.45454545455,solar_conversion_efficiency,0.319318181818182,307.724240229475
launch_cost_gbp_per_kg_to_staging_orbit,3528.63636363636,solar_conversion_efficiency,0.319318181818182,316.330715447963
launch_cost_gbp_per_kg_to_staging_orbit,3641.81818181818,solar_conversion_efficiency,0.319318181818182,324.93719066645
launch_cost_gbp_per_kg_to_staging_orbit,3755,solar_conversion_efficiency,0.319318181818182,333.543665884938
launch_cost_gbp_per_kg_to_staging_orbit,3868.18181818182,solar_conversion_efficiency,0.319318181818182,342.150141103425
launch_cost_gbp_per_kg_to_staging_orbit,3981.36363636364,solar_conversion_efficiency,0.319318181818182,350.756616321913
launch_cost_gbp_per_kg_to_staging_orbit,4094.54545454545,solar_conversion_efficiency,0.319318181818182,359.3630915404
launch_cost_gbp_per_kg_to_staging_orbit,4207.72727272727,solar_conversion_efficiency,0.319318181818182,367.969566758887
launch_cost_gbp_per_kg_to_staging_orbit,4320.90909090909,solar_conversion_efficiency,0.319318181818182,376.576041977375
launch_cost_gbp_per_kg_to_staging_orbit,4434.09090909091,solar_conversion_efficiency,0.319318181818182,385.182517195862
launch_cost_gbp_per_kg_to_staging_orbit,4547.27272727273,solar_conversion_efficiency,0.319318181818182,393.78899241435
launch_cost_gbp_per_kg_to_staging_orbit,4660.45454545455,solar_conversion_efficiency,0.319318181818182,402.395467632837
launch_cost_gbp_per_kg_to_staging_orbit,4773.63636363636,solar_conversion_efficiency,0.319318181818182,411.001942851325
launch_cost_gbp_per_kg_to_staging_orbit,4886.81818181818,solar_conversion_efficiency,0.319318181818182,419.608418069812
launch_cost_gbp_per_kg_to_staging_orbit,5000,solar_conversion_efficiency,0.319318181818182,428.2148932883
launch_cost_gbp_per_kg_to_staging_orbit,20,solar_conversion_efficiency,0.325,49.5299836748502
launch_cost_gbp_per_kg_to_staging_orbit,133.181818181818,solar_conversion_efficiency,0.325,58.1364588933377
launch_cost_gbp_per_kg_to_staging_orbit,246.363636363636,solar_conversion_efficiency,0.325,66.7429341118252
launch_cost_gbp_per_kg_to_staging_orbit,359.545454545455,solar_conversion_efficiency,0.325,75.3494093303127
launch_cost_gbp_per_kg_to_staging_orbit,472.727272727273,solar_conversion_efficiency,0.325,83.9558845488002
launch_cost_gbp_per_kg_to_staging_orbit,585.909090909091,solar_conversion_efficiency,0.325,92.5623597672877
launch_cost_gbp_per_kg_to_staging_orbit,699.090909090909,solar_conversion_efficiency,0.325,101.168834985775
launch_cost_gbp_per_kg_to_staging_orbit,812.272727272727,solar_conversion_efficiency,0.325,109.775310204263
launch_cost_gbp_per_kg_to_staging_orbit,925.454545454545,solar_conversion_efficiency,0.325,118.38178542275
launch_cost_gbp_per_kg_to_staging_orbit,1038.63636363636,solar_conversion_efficiency,0.325,126.988260641238
launch_cost_gbp_per_kg_to_staging_orbit,1151.81818181818,solar_conversion_efficiency,0.325,135.594735859725
launch_cost_gbp_per_kg_to_staging_orbit,1265,solar_conversion_efficiency,0.325,144.201211078213
launch_cost_gbp_per_kg_to_staging_orbit,1378.18181818182,solar_conversion_efficiency,0.325,152.8076862967
launch_cost_gbp_per_kg_to_staging_orbit,1491.36363636364,solar_conversion_efficiency,0.325,161.414161515188
launch_cost_gbp_per_kg_to_staging_orbit,1604.54545454545,solar_conversion_efficiency,0.325,170.020636733675
launch_cost_gbp_per_kg_to_staging_orbit,1717.72727272727,solar_conversion_efficiency,0.325,178.627111952163
launch_cost_gbp_per_kg_to_staging_orbit,1830.90909090909,solar_conversion_efficiency,0.325,187.23358717065
launch_cost_gbp_per_kg_to_staging_orbit,1944.09090909091,solar_conversion_efficiency,0.325,195.840062389138
launch_cost_gbp_per_kg_to_staging_orbit,2057.27272727273,solar_conversion_efficiency,0.325,204.446537607625
launch_cost_gbp_per_kg_to_staging_orbit,2170.45454545455,solar_conversion_efficiency,0.325,213.053012826113
launch_cost_gbp_per_kg_to_staging_orbit,2283.63636363636,solar_conversion_efficiency,0.325,221.6594880446
launch_cost_gbp_per_kg_to_staging_orbit,2396.81818181818,solar_conversion_efficiency,0.325,230.265963263088
launch_cost_gbp_per_kg_to_staging_orbit,2510,solar_conversion_efficiency,0.325,238.872438481575
launch_cost_gbp_per_kg_to_staging_orbit,2623.18181818182,solar_conversion_efficiency,0.325,247.478913700063
launch_cost_gbp_per_kg_to_staging_orbit,2736.36363636364,solar_conversion_efficiency,0.325,256.08538891855
launch_cost_gbp_per_kg_to_staging_orbit,2849.54545454545,solar_conversion_efficiency,0.325,264.691864137037
launch_cost_gbp_per_kg_to_staging_orbit,2962.72727272727,solar_conversion_efficiency,0.325,273.298339355525
launch_cost_gbp_per_kg_to_staging_orbit,3075.90909090909,solar_conversion_efficiency,0.325,281.904814574013
launch_cost_gbp_per_kg_to_staging_orbit,3189.09090909091,solar_conversion_efficiency,0.325,290.5112897925
launch_cost_gbp_per_kg_to_staging_orbit,3302.27272727273,solar_conversion_efficiency,0.325,299.117765010988
launch_cost_gbp_per_kg_to_staging_orbit,3415.45454545455,solar_conversion_efficiency,0.325,307.724240229475
launch_cost_gbp_per_kg_to_staging_orbit,3528.63636363636,solar_conversion_efficiency,0.325,316.330715447963
launch_cost_gbp_per_kg_to_staging_orbit,3641.81818181818,solar_conversion_efficiency,0.325,324.93719066645
launch_cost_gbp_per_kg_to_staging_orbit,3755,solar_conversion_efficiency,0.325,333.543665884938
launch_cost_gbp_per_kg_to_staging_orbit,3868.18181818182,solar_conversion_efficiency,0.325,342.150141103425
launch_cost_gbp_per_kg_to_staging_orbit,3981.36363636364,solar_conversion_efficiency,0.325,350.756616321913
launch_cost_gbp_per_kg_to_staging_orbit,4094.54545454545,solar_conversion_efficiency,0.325,359.3630915404
launch_cost_gbp_per_kg_to_staging_orbit,4207.72727272727,solar_conversion_efficiency,0.325,367.969566758887
launch_cost_gbp_per_kg_to_staging_orbit,4320.90909090909,solar_conversion_efficiency,0.325,376.576041977375
launch_cost_gbp_per_kg_to_staging_orbit,4434.09090909091,solar_conversion_efficiency,0.325,385.182517195862
launch_cost_gbp_per_kg_to_staging_orbit,4547.27272727273,solar_conversion_efficiency,0.325,393.78899241435
launch_cost_gbp_per_kg_to_staging_orbit,4660.45454545455,solar_conversion_efficiency,0.325,402.395467632837
launch_cost_gbp_per_kg_to_staging_orbit,4773.63636363636,solar_conversion_efficiency,0.325,411.001942851325
launch_cost_gbp_per_kg_to_staging_orbit,4886.81818181818,solar_conversion_efficiency,0.325,419.608418069812
launch_cost_gbp_per_kg_to_staging_orbit,5000,solar_conversion_efficiency,0.325,428.2148932883
launch_cost_gbp_per_kg_to_staging_orbit,20,solar_conversion_efficiency,0.330681818181818,49.5299836748502
launch_cost_gbp_per_kg_to_staging_orbit,133.181818181818,solar_conversion_efficiency,0.330681818181818,58.1364588933377
launch_cost_gbp_per_kg_to_staging_orbit,246.363636363636,solar_conversion_efficiency,0.330681818181818,66.7429341118252
launch_cost_gbp_per_kg_to_staging_orbit,359.545454545455,solar_conversion_efficiency,0.330681818181818,75.3494093303127
launch_cost_gbp_per_kg_to_staging_orbit,472.727272727273,solar_conversion_efficiency,0.330681818181818,83.9558845488002
launch_cost_gbp_per_kg_to_staging_orbit,585.909090909091,solar_conversion_efficiency,0.330681818181818,92.5623597672877
launch_cost_gbp_per_kg_to_staging_orbit,699.090909090909,solar_conversion_efficiency,0.330681818181818,101.168834985775
launch_cost_gbp_per_kg_to_staging_orbit,812.272727272727,solar_conversion_efficiency,0.330681818181818,109.775310204263
launch_cost_gbp_per_kg_to_staging_orbit,925.454545454545,solar_conversion_efficiency,0.330681818181818,118.38178542275
launch_cost_gbp_per_kg_to_staging_orbit,1038.63636363636,solar_conversion_efficiency,0.330681818181818,126.988260641238
launch_cost_gbp_per_kg_to_staging_orbit,1151.81818181818,solar_conversion_efficiency,0.330681818181818,135.594735859725
launch_cost_gbp_per_kg_to_staging_orbit,1265,solar_conversion_efficiency,0.330681818181818,144.201211078213
launch_cost_gbp_per_kg_to_staging_orbit,1378.18181818182,solar_conversion_efficiency,0.330681818181818,152.8076862967
launch_cost_gbp_per_kg_to_staging_orbit,1491.36363636364,solar_conversion_efficiency,0.330681818181818,161.414161515188
launch_cost_gbp_per_kg_to_staging_orbit,1604.54545454545,solar_conversion_efficiency,0.330681818181818,170.020636733675
launch_cost_gbp_per_kg_to_staging_orbit,1717.72727272727,solar_conversion_efficiency,0.330681818181818,178.627111952163
launch_cost_gbp_per_kg_to_staging_orbit,1830.90909090909,solar_conversion_efficiency,0.330681818181818,187.23358717065
launch_cost_gbp_per_kg_to_staging_orbit,1944.09090909091,solar_conversion_efficiency,0.330681818181818,195.840062389138
launch_cost_gbp_per_kg_to_staging_orbit,2057.27272727273,solar_conversion_efficiency,0.330681818181818,204.446537607625
launch_cost_gbp_per_kg_to_staging_orbit,2170.45454545455,solar_conversion_efficiency,0.330681818181818,213.053012826113
launch_cost_gbp_per_kg_to_staging_orbit,2283.63636363636,solar_conversion_efficiency,0.330681818181818,221.6594880446
launch_cost_gbp_per_kg_to_staging_orbit,2396.81818181818,solar_conversion_efficiency,0.330681818181818,230.265963263088
launch_cost_gbp_per_kg_to_staging_orbit,2510,solar_conversion_efficiency,0.330681818181818,238.872438481575
launch_cost_gbp_per_kg_to_staging_orbit,2623.18181818182,solar_conversion_efficiency,0.330681818181818,247.478913700063
launch_cost_gbp_per_kg_to_staging_orbit,2736.36363636364,solar_conversion_efficiency,0.330681818181818,256.08538891855
launch_cost_gbp_per_kg_to_staging_orbit,2849.54545454545,solar_conversion_efficiency,0.330681818181818,264.691864137037
launch_cost_gbp_per_kg_to_staging_orbit,2962.72727272727,solar_conversion_efficiency,0.330681818181818,273.298339355525
launch_cost_gbp_per_kg_to_staging_orbit,3075.90909090909,solar_conversion_efficiency,0.330681818181818,281.904814574013
launch_cost_gbp_per_kg_to_staging_orbit,3189.09090909091,solar_conversion_efficiency,0.330681818181818,290.5112897925
launch_cost_gbp_per_kg_to_staging_orbit,3302.27272727273,solar_conversion_efficiency,0.330681818181818,299.117765010988
launch_cost_gbp_per_kg_to_staging_orbit,3415.45454545455,solar_conversion_efficiency,0.330681818181818,307.724240229475
launch_cost_gbp_per_kg_to_staging_orbit,3528.63636363636,solar_conversion_efficiency,0.330681818181818,316.330715447963
launch_cost_gbp_per_kg_to_staging_orbit,3641.81818181818,solar_conversion_efficiency,0.330681818181818,324.93719066645
launch_cost_gbp_per_kg_to_staging_orbit,3755,solar_conversion_efficiency,0.330681818181818,333.543665884938
launch_cost_gbp_per_kg_to_staging_orbit,3868.18181818182,solar_conversion_efficiency,0.330681818181818,342.150141103425
launch_cost_gbp_per_kg_to_staging_orbit,3981.36363636364,solar_conversion_efficiency,0.330681818181818,350.756616321913
launch_cost_gbp_per_kg_to_staging_orbit,4094.54545454545,solar_conversion_efficiency,0.330681818181818,359.3630915404
launch_cost_gbp_per_kg_to_staging_orbit,4207.72727272727,solar_conversion_efficiency,0.330681818181818,367.969566758887
launch_cost_gbp_per_kg_to_staging_orbit,4320.90909090909,solar_conversion_efficiency,0.330681818181818,376.576041977375
launch_cost_gbp_per_kg_to_staging_orbit,4434.09090909091,solar_conversion_efficiency,0.330681818181818,385.182517195862
launch_cost_gbp_per_kg_to_staging_orbit,4547.27272727273,solar_conversion_efficiency,0.330681818181818,393.78899241435
launch_cost_gbp_per_kg_to_staging_orbit,4660.45454545455,solar_conversion_efficiency,0.330681818181818,402.395467632837
launch_cost_gbp_per_kg_to_staging_orbit,4773.63636363636,solar_conversion_efficiency,0.330681818181818,411.001942851325
launch_cost_gbp_per_kg_to_staging_orbit,4886.81818181818,solar_conversion_efficiency,0.330681818181818,419.608418069812
launch_cost_gbp_per_kg_to_staging_orbit,5000,solar_conversion_efficiency,0.330681818181818,428.2148932883
launch_cost_gbp_per_kg_to_staging_orbit,20,solar_conversion_efficiency,0.336363636363636,49.5299836748502
launch_cost_gbp_per_kg_to_staging_orbit,133.181818181818,solar_conversion_efficiency,0.336363636363636,58.1364588933377
launch_cost_gbp_per_kg_to_staging_orbit,246.363636363636,solar_conversion_efficiency,0.336363636363636,66.7429341118252
launch_cost_gbp_per_kg_to_staging_orbit,359.545454545455,solar_conversion_efficiency,0.336363636363636,75.3494093303127
launch_cost_gbp_per_kg_to_staging_orbit,472.727272727273,solar_conversion_efficiency,0.336363636363636,83.9558845488002
launch_cost_gbp_per_kg_to_staging_orbit,585.909090909091,solar_conversion_efficiency,0.336363636363636,92.5623597672877
launch_cost_gbp_per_kg_to_staging_orbit,699.090909090909,solar_conversion_efficiency,0.336363636363636,101.168834985775
launch_cost_gbp_per_kg_to_staging_orbit,812.272727272727,solar_conversion_efficiency,0.336363636363636,109.775310204263
launch_cost_gbp_per_kg_to_staging_orbit,925.454545454545,solar_conversion_efficiency,0.336363636363636,118.38178542275
launch_cost_gbp_per_kg_to_staging_orbit,1038.63636363636,solar_conversion_efficiency,0.336363636363636,126.988260641238
launch_cost_gbp_per_kg_to_staging_orbit,1151.81818181818,solar_conversion_efficiency,0.336363636363636,135.594735859725
launch_cost_gbp_per_kg_to_staging_orbit,1265,solar_conversion_efficiency,0.336363636363636,144.201211078213
launch_cost_gbp_per_kg_to_staging_orbit,1378.18181818182,solar_conversion_efficiency,0.336363636363636,152.8076862967
launch_cost_gbp_per_kg_to_staging_orbit,1491.36363636364,solar_conversion_efficiency,0.336363636363636,161.414161515188
launch_cost_gbp_per_kg_to_staging_orbit,1604.54545454545,solar_conversion_efficiency,0.336363636363636,170.020636733675
launch_cost_gbp_per_kg_to_staging_orbit,1717.72727272727,solar_conversion_efficiency,0.336363636363636,178.627111952163
launch_cost_gbp_per_kg_to_staging_orbit,1830.90909090909,solar_conversion_efficiency,0.336363636363636,187.23358717065
launch_cost_gbp_per_kg_to_staging_orbit,1944.09090909091,solar_conversion_efficiency,0.336363636363636,195.840062389138
launch_cost_gbp_per_kg_to_staging_orbit,2057.27272727273,solar_conversion_efficiency,0.336363636363636,204.446537607625
launch_cost_gbp_per_kg_to_staging_orbit,2170.45454545455,solar_conversion_efficiency,0.336363636363636,213.053012826113
launch_cost_gbp_per_kg_to_staging_orbit,2283.63636363636,solar_conversion_efficiency,0.336363636363636,221.6594880446
launch_cost_gbp_per_kg_to_staging_orbit,2396.81818181818,solar_conversion_efficiency,0.336363636363636,230.265963263088
launch_cost_gbp_per_kg_to_staging_orbit,2510,solar_conversion_efficiency,0.336363636363636,238.872438481575
launch_cost_gbp_per_kg_to_staging_orbit,2623.18181818182,solar_conversion_efficiency,0.336363636363636,247.478913700063
launch_cost_gbp_per_kg_to_staging_orbit,2736.36363636364,solar_conversion_efficiency,0.336363636363636,256.08538891855
launch_cost_gbp_per_kg_to_staging_orbit,2849.54545454545,solar_conversion_efficiency,0.336363636363636,264.691864137037
launch_cost_gbp_per_kg_to_staging_orbit,2962.72727272727,solar_conversion_efficiency,0.336363636363636,273.298339355525
launch_cost_gbp_per_kg_to_staging_orbit,3075.90909090909,solar_conversion_efficiency,0.336363636363636,281.904814574013
launch_cost_gbp_per_kg_to_staging_orbit,3189.09090909091,solar_conversion_efficiency,0.336363636363636,290.5112897925
launch_cost_gbp_per_kg_to_staging_orbit,3302.27272727273,solar_conversion_efficiency,0.336363636363636,299.117765010988
launch_cost_gbp_per_kg_to_staging_orbit,3415.45454545455,solar_conversion_efficiency,0.336363636363636,307.724240229475
launch_cost_gbp_per_kg_to_staging_orbit,3528.63636363636,solar_conversion_efficiency,0.336363636363636,316.330715447963
launch_cost_gbp_per_kg_to_staging_orbit,3641.81818181818,solar_conversion_efficiency,0.336363636363636,324.93719066645
launch_cost_gbp_per_kg_to_staging_orbit,3755,solar_conversion_efficiency,0.336363636363636,333.543665884938
launch_cost_gbp_per_kg_to_staging_orbit,3868.18181818182,solar_conversion_efficiency,0.336363636363636,342.150141103425
launch_cost_gbp_per_kg_to_staging_orbit,3981.36363636364,solar_conversion_efficiency,0.336363636363636,350.756616321913
launch_cost_gbp_per_kg_to_staging_orbit,4094.54545454545,solar_conversion_efficiency,0.336363636363636,359.3630915404
launch_cost_gbp_per_kg_to_staging_orbit,4207.72727272727,solar_conversion_efficiency,0.336363636363636,367.969566758887
launch_cost_gbp_per_kg_to_staging_orbit,4320.90909090909,solar_conversion_efficiency,0.336363636363636,376.576041977375
launch_cost_gbp_per_kg_to_staging_orbit,4434.09090909091,solar_conversion_efficiency,0.336363636363636,385.182517195862
launch_cost_gbp_per_kg_to_staging_orbit,4547.27272727273,solar_conversion_efficiency,0.336363636363636,393.78899241435
launch_cost_gbp_per_kg_to_staging_orbit,4660.45454545455,solar_conversion_efficiency,0.336363636363636,402.395467632837
launch_cost_gbp_per_kg_to_staging_orbit,4773.63636363636,solar_conversion_efficiency,0.336363636363636,411.001942851325
launch_cost_gbp_per_kg_to_staging_orbit,4886.81818181818,solar_conversion_efficiency,0.336363636363636,419.608418069812
launch_cost_gbp_per_kg_to_staging_orbit,5000,solar_conversion_efficiency,0.336363636363636,428.2148932883
launch_cost_gbp_per_kg_to_staging_orbit,20,solar_conversion_efficiency,0.342045454545455,49.5299836748502
launch_cost_gbp_per_kg_to_staging_orbit,133.181818181818,solar_conversion_efficiency,0.342045454545455,58.1364588933377
launch_cost_gbp_per_kg_to_staging_orbit,246.363636363636,solar_conversion_efficiency,0.342045454545455,66.7429341118252
launch_cost_gbp_per_kg_to_staging_orbit,359.545454545455,solar_conversion_efficiency,0.342045454545455,75.3494093303127
launch_cost_gbp_per_kg_to_staging_orbit,472.727272727273,solar_conversion_efficiency,0.342045454545455,83.9558845488002
launch_cost_gbp_per_kg_to_staging_orbit,585.909090909091,solar_conversion_efficiency,0.342045454545455,92.5623597672877
launch_cost_gbp_per_kg_to_staging_orbit,699.090909090909,solar_conversion_efficiency,0.342045454545455,101.168834985775
launch_cost_gbp_per_kg_to_staging_orbit,812.272727272727,solar_conversion_efficiency,0.342045454545455,109.775310204263
launch_cost_gbp_per_kg_to_staging_orbit,925.454545454545,solar_conversion_efficiency,0.342045454545455,118.38178542275
launch_cost_gbp_per_kg_to_staging_orbit,1038.63636363636,solar_conversion_efficiency,0.342045454545455,126.988260641238
launch_cost_gbp_per_kg_to_staging_orbit,1151.81818181818,solar_conversion_efficiency,0.342045454545455,135.594735859725
launch_cost_gbp_per_kg_to_staging_orbit,1265,solar_conversion_efficiency,0.342045454545455,144.201211078213
launch_cost_gbp_per_kg_to_staging_orbit,1378.18181818182,solar_conversion_efficiency,0.342045454545455,152.8076862967
launch_cost_gbp_per_kg_to_staging_orbit,1491.36363636364,solar_conversion_efficiency,0.342045454545455,161.414161515188
launch_cost_gbp_per_kg_to_staging_orbit,1604.54545454545,solar_conversion_efficiency,0.342045454545455,170.020636733675
launch_cost_gbp_per_kg_to_staging_orbit,1717.72727272727,solar_conversion_efficiency,0.342045454545455,178.627111952163
launch_cost_gbp_per_kg_to_staging_orbit,1830.90909090909,solar_conversion_efficiency,0.342045454545455,187.23358717065
launch_cost_gbp_per_kg_to_staging_orbit,1944.09090909091,solar_conversion_efficiency,0.342045454545455,195.840062389138
launch_cost_gbp_per_kg_to_staging_orbit,2057.27272727273,solar_conversion_efficiency,0.342045454545455,204.446537607625
launch_cost_gbp_per_kg_to_staging_orbit,2170.45454545455,solar_conversion_efficiency,0.342045454545455,213.053012826113
launch_cost_gbp_per_kg_to_staging_orbit,2283.63636363636,solar_conversion_efficiency,0.342045454545455,221.6594880446
launch_cost_gbp_per_kg_to_staging_orbit,2396.81818181818,solar_conversion_efficiency,0.342045454545455,230.265963263088
launch_cost_gbp_per_kg_to_staging_orbit,2510,solar_conversion_efficiency,0.342045454545455,238.872438481575
launch_cost_gbp_per_kg_to_staging_orbit,2623.18181818182,solar_conversion_efficiency,0.342045454545455,247.478913700063
launch_cost_gbp_per_kg_to_staging_orbit,2736.36363636364,solar_conversion_efficiency,0.342045454545455,256.08538891855
launch_cost_gbp_per_kg_to_staging_orbit,2849.54545454545,solar_conversion_efficiency,0.342045454545455,264.691864137037
launch_cost_gbp_per_kg_to_staging_orbit,2962.72727272727,solar_conversion_efficiency,0.342045454545455,273.298339355525
launch_cost_gbp_per_kg_to_staging_orbit,3075.90909090909,solar_conversion_efficiency,0.342045454545455,281.904814574013
launch_cost_gbp_per_kg_to_staging_orbit,3189.09090909091,solar_conversion_efficiency,0.342045454545455,290.5112897925
launch_cost_gbp_per_kg_to_staging_orbit,3302.27272727273,solar_conversion_efficiency,0.342045454545455,299.117765010988
launch_cost_gbp_per_kg_to_staging_orbit,3415.45454545455,solar_conversion_efficiency,0.342045454545455,307.724240229475
launch_cost_gbp_per_kg_to_staging_orbit,3528.63636363636,solar_conversion_efficiency,0.342045454545455,316.330715447963
launch_cost_gbp_per_kg_to_staging_orbit,3641.81818181818,solar_conversion_efficiency,0.342045454545455,324.93719066645
launch_cost_gbp_per_kg_to_staging_orbit,3755,solar_conversion_efficiency,0.342045454545455,333.543665884938
launch_cost_gbp_per_kg_to_staging_orbit,3868.18181818182,solar_conversion_efficiency,0.342045454545455,342.150141103425
launch_cost_gbp_per_kg_to_staging_orbit,3981.36363636364,solar_conversion_efficiency,0.342045454545455,350.756616321913
launch_cost_gbp_per_kg_to_staging_orbit,4094.54545454545,solar_conversion_efficiency,0.342045454545455,359.3630915404
launch_cost_gbp_per_kg_to_staging_orbit,4207.72727272727,solar_conversion_efficiency,0.342045454545455,367.969566758887
launch_cost_gbp_per_kg_to_staging_orbit,4320.90909090909,solar_conversion_efficiency,0.342045454545455,376.576041977375
launch_cost_gbp_per_kg_to_staging_orbit,4434.09090909091,solar_conversion_efficiency,0.342045454545455,385.182517195862
launch_cost_gbp_per_kg_to_staging_orbit,4547.27272727273,solar_conversion_efficiency,0.342045454545455,393.78899241435
launch_cost_gbp_per_kg_to_staging_orbit,4660.45454545455,solar_conversion_efficiency,0.342045454545455,402.395467632837
launch_cost_gbp_per_kg_to_staging_orbit,4773.63636363636,solar_conversion_efficiency,0.342045454545455,411.001942851325
launch_cost_gbp_per_kg_to_staging_orbit,4886.81818181818,solar_conversion_efficiency,0.342045454545455,419.608418069812
launch_cost_gbp_per_kg_to_staging_orbit,5000,solar_conversion_efficiency,0.342045454545455,428.2148932883
launch_cost_gbp_per_kg_to_staging_orbit,20,solar_conversion_efficiency,0.347727272727273,49.5299836748502
launch_cost_gbp_per_kg_to_staging_orbit,133.181818181818,solar_conversion_efficiency,0.347727272727273,58.1364588933377
launch_cost_gbp_per_kg_to_staging_orbit,246.363636363636,solar_conversion_efficiency,0.347727272727273,66.7429341118252
launch_cost_gbp_per_kg_to_staging_orbit,359.545454545455,solar_conversion_efficiency,0.347727272727273,75.3494093303127
launch_cost_gbp_per_kg_to_staging_orbit,472.727272727273,solar_conversion_efficiency,0.347727272727273,83.9558845488002
launch_cost_gbp_per_kg_to_staging_orbit,585.909090909091,solar_conversion_efficiency,0.347727272727273,92.5623597672877
launch_cost_gbp_per_kg_to_staging_orbit,699.090909090909,solar_conversion_efficiency,0.347727272727273,101.168834985775
launch_cost_gbp_per_kg_to_staging_orbit,812.272727272727,solar_conversion_efficiency,0.347727272727273,109.775310204263
launch_cost_gbp_per_kg_to_staging_orbit,925.454545454545,solar_conversion_efficiency,0.347727272727273,118.38178542275
launch_cost_gbp_per_kg_to_staging_orbit,1038.63636363636,solar_conversion_efficiency,0.347727272727273,126.988260641238
launch_cost_gbp_per_kg_to_staging_orbit,1151.81818181818,solar_conversion_efficiency,0.347727272727273,135.594735859725
launch_cost_gbp_per_kg_to_staging_orbit,1265,solar_conversion_efficiency,0.347727272727273,144.201211078213
launch_cost_gbp_per_kg_to_staging_orbit,1378.18181818182,solar_conversion_efficiency,0.347727272727273,152.8076862967
launch_cost_gbp_per_kg_to_staging_orbit,1491.36363636364,solar_conversion_efficiency,0.347727272727273,161.414161515188
launch_cost_gbp_per_kg_to_staging_orbit,1604.54545454545,solar_conversion_efficiency,0.347727272727273,170.020636733675
launch_cost_gbp_per_kg_to_staging_orbit,1717.72727272727,solar_conversion_efficiency,0.347727272727273,178.627111952163
launch_cost_gbp_per_kg_to_staging_orbit,1830.90909090909,solar_conversion_efficiency,0.347727272727273,187.23358717065
launch_cost_gbp_per_kg_to_staging_orbit,1944.09090909091,solar_conversion_efficiency,0.347727272727273,195.840062389138
launch_cost_gbp_per_kg_to_staging_orbit,2057.27272727273,solar_conversion_efficiency,0.347727272727273,204.446537607625
launch_cost_gbp_per_kg_to_staging_orbit,2170.45454545455,solar_conversion_efficiency,0.347727272727273,213.053012826113
launch_cost_gbp_per_kg_to_staging_orbit,2283.63636363636,solar_conversion_efficiency,0.347727272727273,221.6594880446
launch_cost_gbp_per_kg_to_staging_orbit,2396.81818181818,solar_conversion_efficiency,0.347727272727273,230.265963263088
launch_cost_gbp_per_kg_to_staging_orbit,2510,solar_conversion_efficiency,0.347727272727273,238.872438481575
launch_cost_gbp_per_kg_to_staging_orbit,2623.18181818182,solar_conversion_efficiency,0.347727272727273,247.478913700063
launch_cost_gbp_per_kg_to_staging_orbit,2736.36363636364,solar_conversion_efficiency,0.347727272727273,256.08538891855
launch_cost_gbp_per_kg_to_staging_orbit,2849.54545454545,solar_conversion_efficiency,0.347727272727273,264.691864137037
launch_cost_gbp_per_kg_to_staging_orbit,2962.72727272727,solar_conversion_efficiency,0.347727272727273,273.298339355525
launch_cost_gbp_per_kg_to_staging_orbit,3075.90909090909,solar_conversion_efficiency,0.347727272727273,281.904814574013
launch_cost_gbp_per_kg_to_staging_orbit,3189.09090909091,solar_conversion_efficiency,0.347727272727273,290.5112897925
launch_cost_gbp_per_kg_to_staging_orbit,3302.27272727273,solar_conversion_efficiency,0.347727272727273,299.117765010988
launch_cost_gbp_per_kg_to_staging_orbit,3415.45454545455,solar_conversion_efficiency,0.347727272727273,307.724240229475
launch_cost_gbp_per_kg_to_staging_orbit,3528.63636363636,solar_conversion_efficiency,0.347727272727273,316.330715447963
launch_cost_gbp_per_kg_to_staging_orbit,3641.81818181818,solar_conversion_efficiency,0.347727272727273,324.93719066645
launch_cost_gbp_per_kg_to_staging_orbit,3755,solar_conversion_efficiency,0.347727272727273,333.543665884938
launch_cost_gbp_per_kg_to_staging_orbit,3868.18181818182,solar_conversion_efficiency,0.347727272727273,342.150141103425
launch_cost_gbp_per_kg_to_staging_orbit,3981.36363636364,solar_conversion_efficiency,0.347727272727273,350.756616321913
launch_cost_gbp_per_kg_to_staging_orbit,4094.54545454545,solar_conversion_efficiency,0.347727272727273,359.3630915404
launch_cost_gbp_per_kg_to_staging_orbit,4207.72727272727,solar_conversion_efficiency,0.347727272727273,367.969566758887
launch_cost_gbp_per_kg_to_staging_orbit,4320.90909090909,solar_conversion_efficiency,0.347727272727273,376.576041977375
launch_cost_gbp_per_kg_to_staging_orbit,4434.09090909091,solar_conversion_efficiency,0.347727272727273,385.182517195862
launch_cost_gbp_per_kg_to_staging_orbit,4547.27272727273,solar_conversion_efficiency,0.347727272727273,393.78899241435
launch_cost_gbp_per_kg_to_staging_orbit,4660.45454545455,solar_conversion_efficiency,0.347727272727273,402.395467632837
launch_cost_gbp_per_kg_to_staging_orbit,4773.63636363636,solar_conversion_efficiency,0.347727272727273,411.001942851325
launch_cost_gbp_per_kg_to_staging_orbit,4886.81818181818,solar_conversion_efficiency,0.347727272727273,419.608418069812
launch_cost_gbp_per_kg_to_staging_orbit,5000,solar_conversion_efficiency,0.347727272727273,428.2148932883
launch_cost_gbp_per_kg_to_staging_orbit,20,solar_conversion_efficiency,0.353409090909091,49.5299836748502
launch_cost_gbp_per_kg_to_staging_orbit,133.181818181818,solar_conversion_efficiency,0.353409090909091,58.1364588933377
launch_cost_gbp_per_kg_to_staging_orbit,246.363636363636,solar_conversion_efficiency,0.353409090909091,66.7429341118252
launch_cost_gbp_per_kg_to_staging_orbit,359.545454545455,solar_conversion_efficiency,0.353409090909091,75.3494093303127
launch_cost_gbp_per_kg_to_staging_orbit,472.727272727273,solar_conversion_efficiency,0.353409090909091,83.9558845488002
launch_cost_gbp_per_kg_to_staging_orbit,585.909090909091,solar_conversion_efficiency,0.353409090909091,92.5623597672877
launch_cost_gbp_per_kg_to_staging_orbit,699.090909090909,solar_conversion_efficiency,0.353409090909091,101.168834985775
launch_cost_gbp_per_kg_to_staging_orbit,812.272727272727,solar_conversion_efficiency,0.353409090909091,109.775310204263
launch_cost_gbp_per_kg_to_staging_orbit,925.454545454545,solar_conversion_efficiency,0.353409090909091,118.38178542275
launch_cost_gbp_per_kg_to_staging_orbit,1038.63636363636,solar_conversion_efficiency,0.353409090909091,126.988260641238
launch_cost_gbp_per_kg_to_staging_orbit,1151.81818181818,solar_conversion_efficiency,0.353409090909091,135.594735859725
launch_cost_gbp_per_kg_to_staging_orbit,1265,solar_conversion_efficiency,0.353409090909091,144.201211078213
launch_cost_gbp_per_kg_to_staging_orbit,1378.18181818182,solar_conversion_efficiency,0.353409090909091,152.8076862967
launch_cost_gbp_per_kg_to_staging_orbit,1491.36363636364,solar_conversion_efficiency,0.353409090909091,161.414161515188
launch_cost_gbp_per_kg_to_staging_orbit,1604.54545454545,solar_conversion_efficiency,0.353409090909091,170.020636733675
launch_cost_gbp_per_kg_to_staging_orbit,1717.72727272727,solar_conversion_efficiency,0.353409090909091,178.627111952163
launch_cost_gbp_per_kg_to_staging_orbit,1830.90909090909,solar_conversion_efficiency,0.353409090909091,187.23358717065
launch_cost_gbp_per_kg_to_staging_orbit,1944.09090909091,solar_conversion_efficiency,0.353409090909091,195.840062389138
launch_cost_gbp_per_kg_to_staging_orbit,2057.27272727273,solar_conversion_efficiency,0.353409090909091,204.446537607625
launch_cost_gbp_per_kg_to_staging_orbit,2170.45454545455,solar_conversion_efficiency,0.353409090909091,213.053012826113
launch_cost_gbp_per_kg_to_staging_orbit,2283.63636363636,solar_conversion_efficiency,0.353409090909091,221.6594880446
launch_cost_gbp_per_kg_to_staging_orbit,2396.81818181818,solar_conversion_efficiency,0.353409090909091,230.265963263088
launch_cost_gbp_per_kg_to_staging_orbit,2510,solar_conversion_efficiency,0.353409090909091,238.872438481575
launch_cost_gbp_per_kg_to_staging_orbit,2623.18181818182,solar_conversion_efficiency,0.353409090909091,247.478913700063
launch_cost_gbp_per_kg_to_staging_orbit,2736.36363636364,solar_conversion_efficiency,0.353409090909091,256.08538891855
launch_cost_gbp_per_kg_to_staging_orbit,2849.54545454545,solar_conversion_efficiency,0.353409090909091,264.691864137037
launch_cost_gbp_per_kg_to_staging_orbit,2962.72727272727,solar_conversion_efficiency,0.353409090909091,273.298339355525
launch_cost_gbp_per_kg_to_staging_orbit,3075.90909090909,solar_conversion_efficiency,0.353409090909091,281.904814574013
launch_cost_gbp_per_kg_to_staging_orbit,3189.09090909091,solar_conversion_efficiency,0.353409090909091,290.5112897925
launch_cost_gbp_per_kg_to_staging_orbit,3302.27272727273,solar_conversion_efficiency,0.353409090909091,299.117765010988
launch_cost_gbp_per_kg_to_staging_orbit,3415.45454545455,solar_conversion_efficiency,0.353409090909091,307.724240229475
launch_cost_gbp_per_kg_to_staging_orbit,3528.63636363636,solar_conversion_efficiency,0.353409090909091,316.330715447963
launch_cost_gbp_per_kg_to_staging_orbit,3641.81818181818,solar_conversion_efficiency,0.353409090909091,324.93719066645
launch_cost_gbp_per_kg_to_staging_orbit,3755,solar_conversion_efficiency,0.353409090909091,333.543665884938
launch_cost_gbp_per_kg_to_staging_orbit,3868.18181818182,solar_conversion_efficiency,0.353409090909091,342.150141103425
launch_cost_gbp_per_kg_to_staging_orbit,3981.36363636364,solar_conversion_efficiency,0.353409090909091,350.756616321913
launch_cost_gbp_per_kg_to_staging_orbit,4094.54545454545,solar_conversion_efficiency,0.353409090909091,359.3630915404
launch_cost_gbp_per_kg_to_staging_orbit,4207.72727272727,solar_conversion_efficiency,0.353409090909091,367.969566758887
launch_cost_gbp_per_kg_to_staging_orbit,4320.90909090909,solar_conversion_efficiency,0.353409090909091,376.576041977375
launch_cost_gbp_per_kg_to_staging_orbit,4434.09090909091,solar_conversion_efficiency,0.353409090909091,385.182517195862
launch_cost_gbp_per_kg_to_staging_orbit,4547.27272727273,solar_conversion_efficiency,0.353409090909091,393.78899241435
launch_cost_gbp_per_kg_to_staging_orbit,4660.45454545455,solar_conversion_efficiency,0.353409090909091,402.395467632837
launch_cost_gbp_per_kg_to_staging_orbit,4773.63636363636,solar_conversion_efficiency,0.353409090909091,411.001942851325
launch_cost_gbp_per_kg_to_staging_orbit,4886.81818181818,solar_conversion_efficiency,0.353409090909091,419.608418069812
launch_cost_gbp_per_kg_to_staging_orbit,5000,solar_conversion_efficiency,0.353409090909091,428.2148932883
launch_cost_gbp_per_kg_to_staging_orbit,20,solar_conversion_efficiency,0.359090909090909,49.5299836748502
launch_cost_gbp_per_kg_to_staging_orbit,133.181818181818,solar_conversion_efficiency,0.359090909090909,58.1364588933377
launch_cost_gbp_per_kg_to_staging_orbit,246.363636363636,solar_conversion_efficiency,0.359090909090909,66.7429341118252
launch_cost_gbp_per_kg_to_staging_orbit,359.545454545455,solar_conversion_efficiency,0.359090909090909,75.3494093303127
launch_cost_gbp_per_kg_to_staging_orbit,472.727272727273,solar_conversion_efficiency,0.359090909090909,83.9558845488002
launch_cost_gbp_per_kg_to_staging_orbit,585.909090909091,solar_conversion_efficiency,0.359090909090909,92.5623597672877
launch_cost_gbp_per_kg_to_staging_orbit,699.090909090909,solar_conversion_efficiency,0.359090909090909,101.168834985775
launch_cost_gbp_per_kg_to_staging_orbit,812.272727272727,solar_conversion_efficiency,0.359090909090909,109.775310204263
launch_cost_gbp_per_kg_to_staging_orbit,925.454545454545,solar_conversion_efficiency,0.359090909090909,118.38178542275
launch_cost_gbp_per_kg_to_staging_orbit,1038.63636363636,solar_conversion_efficiency,0.359090909090909,126.988260641238
launch_cost_gbp_per_kg_to_staging_orbit,1151.81818181818,solar_conversion_efficiency,0.359090909090909,135.594735859725
launch_cost_gbp_per_kg_to_staging_orbit,1265,solar_conversion_efficiency,0.359090909090909,144.201211078213
launch_cost_gbp_per_kg_to_staging_orbit,1378.18181818182,solar_conversion_efficiency,0.359090909090909,152.8076862967
launch_cost_gbp_per_kg_to_staging_orbit,1491.36363636364,solar_conversion_efficiency,0.359090909090909,161.414161515188
launch_cost_gbp_per_kg_to_staging_orbit,1604.54545454545,solar_conversion_efficiency,0.359090909090909,170.020636733675
launch_cost_gbp_per_kg_to_staging_orbit,1717.72727272727,solar_conversion_efficiency,0.359090909090909,178.627111952163
launch_cost_gbp_per_kg_to_staging_orbit,1830.90909090909,solar_conversion_efficiency,0.359090909090909,187.23358717065
launch_cost_gbp_per_kg_to_staging_orbit,1944.09090909091,solar_conversion_efficiency,0.359090909090909,195.840062389138
launch_cost_gbp_per_kg_to_staging_orbit,2057.27272727273,solar_conversion_efficiency,0.359090909090909,204.446537607625
launch_cost_gbp_per_kg_to_staging_orbit,2170.45454545455,solar_conversion_efficiency,0.359090909090909,213.053012826113
launch_cost_gbp_per_kg_to_staging_orbit,2283.63636363636,solar_conversion_efficiency,0.359090909090909,221.6594880446
launch_cost_gbp_per_kg_to_staging_orbit,2396.81818181818,solar_conversion_efficiency,0.359090909090909,230.265963263088
launch_cost_gbp_per_kg_to_staging_orbit,2510,solar_conversion_efficiency,0.359090909090909,238.872438481575
launch_cost_gbp_per_kg_to_staging_orbit,2623.18181818182,solar_conversion_efficiency,0.359090909090909,247.478913700063
launch_cost_gbp_per_kg_to_staging_orbit,2736.36363636364,solar_conversion_efficiency,0.359090909090909,256.08538891855
launch_cost_gbp_per_kg_to_staging_orbit,2849.54545454545,solar_conversion_efficiency,0.359090909090909,264.691864137037
launch_cost_gbp_per_kg_to_staging_orbit,2962.72727272727,solar_conversion_efficiency,0.359090909090909,273.298339355525
launch_cost_gbp_per_kg_to_staging_orbit,3075.90909090909,solar_conversion_efficiency,0.359090909090909,281.904814574013
launch_cost_gbp_per_kg_to_staging_orbit,3189.09090909091,solar_conversion_efficiency,0.359090909090909,290.5112897925
launch_cost_gbp_per_kg_to_staging_orbit,3302.27272727273,solar_conversion_efficiency,0.359090909090909,299.117765010988
launch_cost_gbp_per_kg_to_staging_orbit,3415.45454545455,solar_conversion_efficiency,0.359090909090909,307.724240229475
launch_cost_gbp_per_kg_to_staging_orbit,3528.63636363636,solar_conversion_efficiency,0.359090909090909,316.330715447963
launch_cost_gbp_per_kg_to_staging_orbit,3641.81818181818,solar_conversion_efficiency,0.359090909090909,324.93719066645
launch_cost_gbp_per_kg_to_staging_orbit,3755,solar_conversion_efficiency,0.359090909090909,333.543665884938
launch_cost_gbp_per_kg_to_staging_orbit,3868.18181818182,solar_conversion_efficiency,0.359090909090909,342.150141103425
launch_cost_gbp_per_kg_to_staging_orbit,3981.36363636364,solar_conversion_efficiency,0.359090909090909,350.756616321913
launch_cost_gbp_per_kg_to_staging_orbit,4094.54545454545,solar_conversion_efficiency,0.359090909090909,359.3630915404
launch_cost_gbp_per_kg_to_staging_orbit,4207.72727272727,solar_conversion_efficiency,0.359090909090909,367.969566758887
launch_cost_gbp_per_kg_to_staging_orbit,4320.90909090909,solar_conversion_efficiency,0.359090909090909,376.576041977375
launch_cost_gbp_per_kg_to_staging_orbit,4434.09090909091,solar_conversion_efficiency,0.359090909090909,385.182517195862
launch_cost_gbp_per_kg_to_staging_orbit,4547.27272727273,solar_conversion_efficiency,0.359090909090909,393.78899241435
launch_cost_gbp_per_kg_to_staging_orbit,4660.45454545455,solar_conversion_efficiency,0.359090909090909,402.395467632837
launch_cost_gbp_per_kg_to_staging_orbit,4773.63636363636,solar_conversion_efficiency,0.359090909090909,411.001942851325
launch_cost_gbp_per_kg_to_staging_orbit,4886.81818181818,solar_conversion_efficiency,0.359090909090909,419.608418069812
launch_cost_gbp_per_kg_to_staging_orbit,5000,solar_conversion_efficiency,0.359090909090909,428.2148932883
launch_cost_gbp_per_kg_to_staging_orbit,20,solar_conversion_efficiency,0.364772727272727,49.5299836748502
launch_cost_gbp_per_kg_to_staging_orbit,133.181818181818,solar_conversion_efficiency,0.364772727272727,58.1364588933377
launch_cost_gbp_per_kg_to_staging_orbit,246.363636363636,solar_conversion_efficiency,0.364772727272727,66.7429341118252
launch_cost_gbp_per_kg_to_staging_orbit,359.545454545455,solar_conversion_efficiency,0.364772727272727,75.3494093303127
launch_cost_gbp_per_kg_to_staging_orbit,472.727272727273,solar_conversion_efficiency,0.364772727272727,83.9558845488002
launch_cost_gbp_per_kg_to_staging_orbit,585.909090909091,solar_conversion_efficiency,0.364772727272727,92.5623597672877
launch_cost_gbp_per_kg_to_staging_orbit,699.090909090909,solar_conversion_efficiency,0.364772727272727,101.168834985775
launch_cost_gbp_per_kg_to_staging_orbit,812.272727272727,solar_conversion_efficiency,0.364772727272727,109.775310204263
launch_cost_gbp_per_kg_to_staging_orbit,925.454545454545,solar_conversion_efficiency,0.364772727272727,118.38178542275
launch_cost_gbp_per_kg_to_staging_orbit,1038.63636363636,solar_conversion_efficiency,0.364772727272727,126.988260641238
launch_cost_gbp_per_kg_to_staging_orbit,1151.81818181818,solar_conversion_efficiency,0.364772727272727,135.594735859725
launch_cost_gbp_per_kg_to_staging_orbit,1265,solar_conversion_efficiency,0.364772727272727,144.201211078213
launch_cost_gbp_per_kg_to_staging_orbit,1378.18181818182,solar_conversion_efficiency,0.364772727272727,152.8076862967
launch_cost_gbp_per_kg_to_staging_orbit,1491.36363636364,solar_conversion_efficiency,0.364772727272727,161.414161515188
launch_cost_gbp_per_kg_to_staging_orbit,1604.54545454545,solar_conversion_efficiency,0.364772727272727,170.020636733675
launch_cost_gbp_per_kg_to_staging_orbit,1717.72727272727,solar_conversion_efficiency,0.364772727272727,178.627111952163
launch_cost_gbp_per_kg_to_staging_orbit,1830.90909090909,solar_conversion_efficiency,0.364772727272727,187.23358717065
launch_cost_gbp_per_kg_to_staging_orbit,1944.09090909091,solar_conversion_efficiency,0.364772727272727,195.840062389138
launch_cost_gbp_per_kg_to_staging_orbit,2057.27272727273,solar_conversion_efficiency,0.364772727272727,204.446537607625
launch_cost_gbp_per_kg_to_staging_orbit,2170.45454545455,solar_conversion_efficiency,0.364772727272727,213.053012826113
launch_cost_gbp_per_kg_to_staging_orbit,2283.63636363636,solar_conversion_efficiency,0.364772727272727,221.6594880446
launch_cost_gbp_per_kg_to_staging_orbit,2396.81818181818,solar_conversion_efficiency,0.364772727272727,230.265963263088
launch_cost_gbp_per_kg_to_staging_orbit,2510,solar_conversion_efficiency,0.364772727272727,238.872438481575
launch_cost_gbp_per_kg_to_staging_orbit,2623.18181818182,solar_conversion_efficiency,0.364772727272727,247.478913700063
launch_cost_gbp_per_kg_to_staging_orbit,2736.36363636364,solar_conversion_efficiency,0.364772727272727,256.08538891855
launch_cost_gbp_per_kg_to_staging_orbit,2849.54545454545,solar_conversion_efficiency,0.364772727272727,264.691864137037
launch_cost_gbp_per_kg_to_staging_orbit,2962.72727272727,solar_conversion_efficiency,0.364772727272727,273.298339355525
launch_cost_gbp_per_kg_to_staging_orbit,3075.90909090909,solar_conversion_efficiency,0.364772727272727,281.904814574013
launch_cost_gbp_per_kg_to_staging_orbit,3189.09090909091,solar_conversion_efficiency,0.364772727272727,290.5112897925
launch_cost_gbp_per_kg_to_staging_orbit,3302.27272727273,solar_conversion_efficiency,0.364772727272727,299.117765010988
launch_cost_gbp_per_kg_to_staging_orbit,3415.45454545455,solar_conversion_efficiency,0.364772727272727,307.724240229475
launch_cost_gbp_per_kg_to_staging_orbit,3528.63636363636,solar_conversion_efficiency,0.364772727272727,316.330715447963
launch_cost_gbp_per_kg_to_staging_orbit,3641.81818181818,solar_conversion_efficiency,0.364772727272727,324.93719066645
launch_cost_gbp_per_kg_to_staging_orbit,3755,solar_conversion_efficiency,0.364772727272727,333.543665884938
launch_cost_gbp_per_kg_to_staging_orbit,3868.18181818182,solar_conversion_efficiency,0.364772727272727,342.150141103425
launch_cost_gbp_per_kg_to_staging_orbit,3981.36363636364,solar_conversion_efficiency,0.364772727272727,350.756616321913
launch_cost_gbp_per_kg_to_staging_orbit,4094.54545454545,solar_conversion_efficiency,0.364772727272727,359.3630915404
launch_cost_gbp_per_kg_to_staging_orbit,4207.72727272727,solar_conversion_efficiency,0.364772727272727,367.969566758887
launch_cost_gbp_per_kg_to_staging_orbit,4320.90909090909,solar_conversion_efficiency,0.364772727272727,376.576041977375
launch_cost_gbp_per_kg_to_staging_orbit,4434.09090909091,solar_conversion_efficiency,0.364772727272727,385.182517195862
launch_cost_gbp_per_kg_to_staging_orbit,4547.27272727273,solar_conversion_efficiency,0.364772727272727,393.78899241435
launch_cost_gbp_per_kg_to_staging_orbit,4660.45454545455,solar_conversion_efficiency,0.364772727272727,402.395467632837
launch_cost_gbp_per_kg_to_staging_orbit,4773.63636363636,solar_conversion_efficiency,0.364772727272727,411.001942851325
launch_cost_gbp_per_kg_to_staging_orbit,4886.81818181818,solar_conversion_efficiency,0.364772727272727,419.608418069812
launch_cost_gbp_per_kg_to_staging_orbit,5000,solar_conversion_efficiency,0.364772727272727,428.2148932883
launch_cost_gbp_per_kg_to_staging_orbit,20,solar_conversion_efficiency,0.370454545454545,49.5299836748502
launch_cost_gbp_per_kg_to_staging_orbit,133.181818181818,solar_conversion_efficiency,0.370454545454545,58.1364588933377
launch_cost_gbp_per_kg_to_staging_orbit,246.363636363636,solar_conversion_efficiency,0.370454545454545,66.7429341118252
launch_cost_gbp_per_kg_to_staging_orbit,359.545454545455,solar_conversion_efficiency,0.370454545454545,75.3494093303127
launch_cost_gbp_per_kg_to_staging_orbit,472.727272727273,solar_conversion_efficiency,0.370454545454545,83.9558845488002
launch_cost_gbp_per_kg_to_staging_orbit,585.909090909091,solar_conversion_efficiency,0.370454545454545,92.5623597672877
launch_cost_gbp_per_kg_to_staging_orbit,699.090909090909,solar_conversion_efficiency,0.370454545454545,101.168834985775
launch_cost_gbp_per_kg_to_staging_orbit,812.272727272727,solar_conversion_efficiency,0.370454545454545,109.775310204263
launch_cost_gbp_per_kg_to_staging_orbit,925.454545454545,solar_conversion_efficiency,0.370454545454545,118.38178542275
launch_cost_gbp_per_kg_to_staging_orbit,1038.63636363636,solar_conversion_efficiency,0.370454545454545,126.988260641238
launch_cost_gbp_per_kg_to_staging_orbit,1151.81818181818,solar_conversion_efficiency,0.370454545454545,135.594735859725
launch_cost_gbp_per_kg_to_staging_orbit,1265,solar_conversion_efficiency,0.370454545454545,144.201211078213
launch_cost_gbp_per_kg_to_staging_orbit,1378.18181818182,solar_conversion_efficiency,0.370454545454545,152.8076862967
launch_cost_gbp_per_kg_to_staging_orbit,1491.36363636364,solar_conversion_efficiency,0.370454545454545,161.414161515188
launch_cost_gbp_per_kg_to_staging_orbit,1604.54545454545,solar_conversion_efficiency,0.370454545454545,170.020636733675
launch_cost_gbp_per_kg_to_staging_orbit,1717.72727272727,solar_conversion_efficiency,0.370454545454545,178.627111952163
launch_cost_gbp_per_kg_to_staging_orbit,1830.90909090909,solar_conversion_efficiency,0.370454545454545,187.23358717065
launch_cost_gbp_per_kg_to_staging_orbit,1944.09090909091,solar_conversion_efficiency,0.370454545454545,195.840062389138
launch_cost_gbp_per_kg_to_staging_orbit,2057.27272727273,solar_conversion_efficiency,0.370454545454545,204.446537607625
launch_cost_gbp_per_kg_to_staging_orbit,2170.45454545455,solar_conversion_efficiency,0.370454545454545,213.053012826113
launch_cost_gbp_per_kg_to_staging_orbit,2283.63636363636,solar_conversion_efficiency,0.370454545454545,221.6594880446
launch_cost_gbp_per_kg_to_staging_orbit,2396.81818181818,solar_conversion_efficiency,0.370454545454545,230.265963263088
launch_cost_gbp_per_kg_to_staging_orbit,2510,solar_conversion_efficiency,0.370454545454545,238.872438481575
launch_cost_gbp_per_kg_to_staging_orbit,2623.18181818182,solar_conversion_efficiency,0.370454545454545,247.478913700063
launch_cost_gbp_per_kg_to_staging_orbit,2736.36363636364,solar_conversion_efficiency,0.370454545454545,256.08538891855
launch_cost_gbp_per_kg_to_staging_orbit,2849.54545454545,solar_conversion_efficiency,0.370454545454545,264.691864137037
launch_cost_gbp_per_kg_to_staging_orbit,2962.72727272727,solar_conversion_efficiency,0.370454545454545,273.298339355525
launch_cost_gbp_per_kg_to_staging_orbit,3075.90909090909,solar_conversion_efficiency,0.370454545454545,281.904814574013
launch_cost_gbp_per_kg_to_staging_orbit,3189.09090909091,solar_conversion_efficiency,0.370454545454545,290.5112897925
launch_cost_gbp_per_kg_to_staging_orbit,3302.27272727273,solar_conversion_efficiency,0.370454545454545,299.117765010988
launch_cost_gbp_per_kg_to_staging_orbit,3415.45454545455,solar_conversion_efficiency,0.370454545454545,307.724240229475
launch_cost_gbp_per_kg_to_staging_orbit,3528.63636363636,solar_conversion_efficiency,0.370454545454545,316.330715447963
launch_cost_gbp_per_kg_to_staging_orbit,3641.81818181818,solar_conversion_efficiency,0.370454545454545,324.93719066645
launch_cost_gbp_per_kg_to_staging_orbit,3755,solar_conversion_efficiency,0.370454545454545,333.543665884938
launch_cost_gbp_per_kg_to_staging_orbit,3868.18181818182,solar_conversion_efficiency,0.370454545454545,342.150141103425
launch_cost_gbp_per_kg_to_staging_orbit,3981.36363636364,solar_conversion_efficiency,0.370454545454545,350.756616321913
launch_cost_gbp_per_kg_to_staging_orbit,4094.54545454545,solar_conversion_efficiency,0.370454545454545,359.3630915404
launch_cost_gbp_per_kg_to_staging_orbit,4207.72727272727,solar_conversion_efficiency,0.370454545454545,367.969566758887
launch_cost_gbp_per_kg_to_staging_orbit,4320.90909090909,solar_conversion_efficiency,0.370454545454545,376.576041977375
launch_cost_gbp_per_kg_to_staging_orbit,4434.09090909091,solar_conversion_efficiency,0.370454545454545,385.182517195862
launch_cost_gbp_per_kg_to_staging_orbit,4547.27272727273,solar_conversion_efficiency,0.370454545454545,393.78899241435
launch_cost_gbp_per_kg_to_staging_orbit,4660.45454545455,solar_conversion_efficiency,0.370454545454545,402.395467632837
launch_cost_gbp_per_kg_to_staging_orbit,4773.63636363636,solar_conversion_efficiency,0.370454545454545,411.001942851325
launch_cost_gbp_per_kg_to_staging_orbit,4886.81818181818,solar_conversion_efficiency,0.370454545454545,419.608418069812
launch_cost_gbp_per_kg_to_staging_orbit,5000,solar_conversion_efficiency,0.370454545454545,428.2148932883
launch_cost_gbp_per_kg_to_staging_orbit,20,solar_conversion_efficiency,0.376136363636364,49.5299836748502
launch_cost_gbp_per_kg_to_staging_orbit,133.181818181818,solar_conversion_efficiency,0.376136363636364,58.1364588933377
launch_cost_gbp_per_kg_to_staging_orbit,246.363636363636,solar_conversion_efficiency,0.376136363636364,66.7429341118252
launch_cost_gbp_per_kg_to_staging_orbit,359.545454545455,solar_conversion_efficiency,0.376136363636364,75.3494093303127
launch_cost_gbp_per_kg_to_staging_orbit,472.727272727273,solar_conversion_efficiency,0.376136363636364,83.9558845488002
launch_cost_gbp_per_kg_to_staging_orbit,585.909090909091,solar_conversion_efficiency,0.376136363636364,92.5623597672877
launch_cost_gbp_per_kg_to_staging_orbit,699.090909090909,solar_conversion_efficiency,0.376136363636364,101.168834985775
launch_cost_gbp_per_kg_to_staging_orbit,812.272727272727,solar_conversion_efficiency,0.376136363636364,109.775310204263
launch_cost_gbp_per_kg_to_staging_orbit,925.454545454545,solar_conversion_efficiency,0.376136363636364,118.38178542275
launch_cost_gbp_per_kg_to_staging_orbit,1038.63636363636,solar_conversion_efficiency,0.376136363636364,126.988260641238
launch_cost_gbp_per_kg_to_staging_orbit,1151.81818181818,solar_conversion_efficiency,0.376136363636364,135.594735859725
launch_cost_gbp_per_kg_to_staging_orbit,1265,solar_conversion_efficiency,0.376136363636364,144.201211078213
launch_cost_gbp_per_kg_to_staging_orbit,1378.18181818182,solar_conversion_efficiency,0.376136363636364,152.8076862967
launch_cost_gbp_per_kg_to_staging_orbit,1491.36363636364,solar_conversion_efficiency,0.376136363636364,161.414161515188
launch_cost_gbp_per_kg_to_staging_orbit,1604.54545454545,solar_conversion_efficiency,0.376136363636364,170.020636733675
launch_cost_gbp_per_kg_to_staging_orbit,1717.72727272727,solar_conversion_efficiency,0.376136363636364,178.627111952163
launch_cost_gbp_per_kg_to_staging_orbit,1830.90909090909,solar_conversion_efficiency,0.376136363636364,187.23358717065
launch_cost_gbp_per_kg_to_staging_orbit,1944.09090909091,solar_conversion_efficiency,0.376136363636364,195.840062389138
launch_cost_gbp_per_kg_to_staging_orbit,2057.27272727273,solar_conversion_efficiency,0.376136363636364,204.446537607625
launch_cost_gbp_per_kg_to_staging_orbit,2170.45454545455,solar_conversion_efficiency,0.376136363636364,213.053012826113
launch_cost_gbp_per_kg_to_staging_orbit,2283.63636363636,solar_conversion_efficiency,0.376136363636364,221.6594880446
launch_cost_gbp_per_kg_to_staging_orbit,2396.81818181818,solar_conversion_efficiency,0.376136363636364,230.265963263088
launch_cost_gbp_per_kg_to_staging_orbit,2510,solar_conversion_efficiency,0.376136363636364,238.872438481575
launch_cost_gbp_per_kg_to_staging_orbit,2623.18181818182,solar_conversion_efficiency,0.376136363636364,247.478913700063
launch_cost_gbp_per_kg_to_staging_orbit,2736.36363636364,solar_conversion_efficiency,0.376136363636364,256.08538891855
launch_cost_gbp_per_kg_to_staging_orbit,2849.54545454545,solar_conversion_efficiency,0.376136363636364,264.691864137037
launch_cost_gbp_per_kg_to_staging_orbit,2962.72727272727,solar_conversion_efficiency,0.376136363636364,273.298339355525
launch_cost_gbp_per_kg_to_staging_orbit,3075.90909090909,solar_conversion_efficiency,0.376136363636364,281.904814574013
launch_cost_gbp_per_kg_to_staging_orbit,3189.09090909091,solar_conversion_efficiency,0.376136363636364,290.5112897925
launch_cost_gbp_per_kg_to_staging_orbit,3302.27272727273,solar_conversion_efficiency,0.376136363636364,299.117765010988
launch_cost_gbp_per_kg_to_staging_orbit,3415.45454545455,solar_conversion_efficiency,0.376136363636364,307.724240229475
launch_cost_gbp_per_kg_to_staging_orbit,3528.63636363636,solar_conversion_efficiency,0.376136363636364,316.330715447963
launch_cost_gbp_per_kg_to_staging_orbit,3641.81818181818,solar_conversion_efficiency,0.376136363636364,324.93719066645
launch_cost_gbp_per_kg_to_staging_orbit,3755,solar_conversion_efficiency,0.376136363636364,333.543665884938
launch_cost_gbp_per_kg_to_staging_orbit,3868.18181818182,solar_conversion_efficiency,0.376136363636364,342.150141103425
launch_cost_gbp_per_kg_to_staging_orbit,3981.36363636364,solar_conversion_efficiency,0.376136363636364,350.756616321913
launch_cost_gbp_per_kg_to_staging_orbit,4094.54545454545,solar_conversion_efficiency,0.376136363636364,359.3630915404
launch_cost_gbp_per_kg_to_staging_orbit,4207.72727272727,solar_conversion_efficiency,0.376136363636364,367.969566758887
launch_cost_gbp_per_kg_to_staging_orbit,4320.90909090909,solar_conversion_efficiency,0.376136363636364,376.576041977375
launch_cost_gbp_per_kg_to_staging_orbit,4434.09090909091,solar_conversion_efficiency,0.376136363636364,385.182517195862
launch_cost_gbp_per_kg_to_staging_orbit,4547.27272727273,solar_conversion_efficiency,0.376136363636364,393.78899241435
launch_cost_gbp_per_kg_to_staging_orbit,4660.45454545455,solar_conversion_efficiency,0.376136363636364,402.395467632837
launch_cost_gbp_per_kg_to_staging_orbit,4773.63636363636,solar_conversion_efficiency,0.376136363636364,411.001942851325
launch_cost_gbp_per_kg_to_staging_orbit,4886.81818181818,solar_conversion_efficiency,0.376136363636364,419.608418069812
launch_cost_gbp_per_kg_to_staging_orbit,5000,solar_conversion_efficiency,0.376136363636364,428.2148932883
launch_cost_gbp_per_kg_to_staging_orbit,20,solar_conversion_efficiency,0.381818181818182,49.5299836748502
launch_cost_gbp_per_kg_to_staging_orbit,133.181818181818,solar_conversion_efficiency,0.381818181818182,58.1364588933377
launch_cost_gbp_per_kg_to_staging_orbit,246.363636363636,solar_conversion_efficiency,0.381818181818182,66.7429341118252
launch_cost_gbp_per_kg_to_staging_orbit,359.545454545455,solar_conversion_efficiency,0.381818181818182,75.3494093303127
launch_cost_gbp_per_kg_to_staging_orbit,472.727272727273,solar_conversion_efficiency,0.381818181818182,83.9558845488002
launch_cost_gbp_per_kg_to_staging_orbit,585.909090909091,solar_conversion_efficiency,0.381818181818182,92.5623597672877
launch_cost_gbp_per_kg_to_staging_orbit,699.090909090909,solar_conversion_efficiency,0.381818181818182,101.168834985775
launch_cost_gbp_per_kg_to_staging_orbit,812.272727272727,solar_conversion_efficiency,0.381818181818182,109.775310204263
launch_cost_gbp_per_kg_to_staging_orbit,925.454545454545,solar_conversion_efficiency,0.381818181818182,118.38178542275
launch_cost_gbp_per_kg_to_staging_orbit,1038.63636363636,solar_conversion_efficiency,0.381818181818182,126.988260641238
launch_cost_gbp_per_kg_to_staging_orbit,1151.81818181818,solar_conversion_efficiency,0.381818181818182,135.594735859725
launch_cost_gbp_per_kg_to_staging_orbit,1265,solar_conversion_efficiency,0.381818181818182,144.201211078213
launch_cost_gbp_per_kg_to_staging_orbit,1378.18181818182,solar_conversion_efficiency,0.381818181818182,152.8076862967
launch_cost_gbp_per_kg_to_staging_orbit,1491.36363636364,solar_conversion_efficiency,0.381818181818182,161.414161515188
launch_cost_gbp_per_kg_to_staging_orbit,1604.54545454545,solar_conversion_efficiency,0.381818181818182,170.020636733675
launch_cost_gbp_per_kg_to_staging_orbit,1717.72727272727,solar_conversion_efficiency,0.381818181818182,178.627111952163
launch_cost_gbp_per_kg_to_staging_orbit,1830.90909090909,solar_conversion_efficiency,0.381818181818182,187.23358717065
launch_cost_gbp_per_kg_to_staging_orbit,1944.09090909091,solar_conversion_efficiency,0.381818181818182,195.840062389138
launch_cost_gbp_per_kg_to_staging_orbit,2057.27272727273,solar_conversion_efficiency,0.381818181818182,204.446537607625
launch_cost_gbp_per_kg_to_staging_orbit,2170.45454545455,solar_conversion_efficiency,0.381818181818182,213.053012826113
launch_cost_gbp_per_kg_to_staging_orbit,2283.63636363636,solar_conversion_efficiency,0.381818181818182,221.6594880446
launch_cost_gbp_per_kg_to_staging_orbit,2396.81818181818,solar_conversion_efficiency,0.381818181818182,230.265963263088
launch_cost_gbp_per_kg_to_staging_orbit,2510,solar_conversion_efficiency,0.381818181818182,238.872438481575
launch_cost_gbp_per_kg_to_staging_orbit,2623.18181818182,solar_conversion_efficiency,0.381818181818182,247.478913700063
launch_cost_gbp_per_kg_to_staging_orbit,2736.36363636364,solar_conversion_efficiency,0.381818181818182,256.08538891855
launch_cost_gbp_per_kg_to_staging_orbit,2849.54545454545,solar_conversion_efficiency,0.381818181818182,264.691864137037
launch_cost_gbp_per_kg_to_staging_orbit,2962.72727272727,solar_conversion_efficiency,0.381818181818182,273.298339355525
launch_cost_gbp_per_kg_to_staging_orbit,3075.90909090909,solar_conversion_efficiency,0.381818181818182,281.904814574013
launch_cost_gbp_per_kg_to_staging_orbit,3189.09090909091,solar_conversion_efficiency,0.381818181818182,290.5112897925
launch_cost_gbp_per_kg_to_staging_orbit,3302.27272727273,solar_conversion_efficiency,0.381818181818182,299.117765010988
launch_cost_gbp_per_kg_to_staging_orbit,3415.45454545455,solar_conversion_efficiency,0.381818181818182,307.724240229475
launch_cost_gbp_per_kg_to_staging_orbit,3528.63636363636,solar_conversion_efficiency,0.381818181818182,316.330715447963
launch_cost_gbp_per_kg_to_staging_orbit,3641.81818181818,solar_conversion_efficiency,0.381818181818182,324.93719066645
launch_cost_gbp_per_kg_to_staging_orbit,3755,solar_conversion_efficiency,0.381818181818182,333.543665884938
launch_cost_gbp_per_kg_to_staging_orbit,3868.18181818182,solar_conversion_efficiency,0.381818181818182,342.150141103425
launch_cost_gbp_per_kg_to_staging_orbit,3981.36363636364,solar_conversion_efficiency,0.381818181818182,350.756616321913
launch_cost_gbp_per_kg_to_staging_orbit,4094.54545454545,solar_conversion_efficiency,0.381818181818182,359.3630915404
launch_cost_gbp_per_kg_to_staging_orbit,4207.72727272727,solar_conversion_efficiency,0.381818181818182,367.969566758887
launch_cost_gbp_per_kg_to_staging_orbit,4320.90909090909,solar_conversion_efficiency,0.381818181818182,376.576041977375
launch_cost_gbp_per_kg_to_staging_orbit,4434.09090909091,solar_conversion_efficiency,0.381818181818182,385.182517195862
launch_cost_gbp_per_kg_to_staging_orbit,4547.27272727273,solar_conversion_efficiency,0.381818181818182,393.78899241435
launch_cost_gbp_per_kg_to_staging_orbit,4660.45454545455,solar_conversion_efficiency,0.381818181818182,402.395467632837
launch_cost_gbp_per_kg_to_staging_orbit,4773.63636363636,solar_conversion_efficiency,0.381818181818182,411.001942851325
launch_cost_gbp_per_kg_to_staging_orbit,4886.81818181818,solar_conversion_efficiency,0.381818181818182,419.608418069812
launch_cost_gbp_per_kg_to_staging_orbit,5000,solar_conversion_efficiency,0.381818181818182,428.2148932883
launch_cost_gbp_per_kg_to_staging_orbit,20,solar_conversion_efficiency,0.3875,49.5299836748502
launch_cost_gbp_per_kg_to_staging_orbit,133.181818181818,solar_conversion_efficiency,0.3875,58.1364588933377
launch_cost_gbp_per_kg_to_staging_orbit,246.363636363636,solar_conversion_efficiency,0.3875,66.7429341118252
launch_cost_gbp_per_kg_to_staging_orbit,359.545454545455,solar_conversion_efficiency,0.3875,75.3494093303127
launch_cost_gbp_per_kg_to_staging_orbit,472.727272727273,solar_conversion_efficiency,0.3875,83.9558845488002
launch_cost_gbp_per_kg_to_staging_orbit,585.909090909091,solar_conversion_efficiency,0.3875,92.5623597672877
launch_cost_gbp_per_kg_to_staging_orbit,699.090909090909,solar_conversion_efficiency,0.3875,101.168834985775
launch_cost_gbp_per_kg_to_staging_orbit,812.272727272727,solar_conversion_efficiency,0.3875,109.775310204263
launch_cost_gbp_per_kg_to_staging_orbit,925.454545454545,solar_conversion_efficiency,0.3875,118.38178542275
launch_cost_gbp_per_kg_to_staging_orbit,1038.63636363636,solar_conversion_efficiency,0.3875,126.988260641238
launch_cost_gbp_per_kg_to_staging_orbit,1151.81818181818,solar_conversion_efficiency,0.3875,135.594735859725
launch_cost_gbp_per_kg_to_staging_orbit,1265,solar_conversion_efficiency,0.3875,144.201211078213
launch_cost_gbp_per_kg_to_staging_orbit,1378.18181818182,solar_conversion_efficiency,0.3875,152.8076862967
launch_cost_gbp_per_kg_to_staging_orbit,1491.36363636364,solar_conversion_efficiency,0.3875,161.414161515188
launch_cost_gbp_per_kg_to_staging_orbit,1604.54545454545,solar_conversion_efficiency,0.3875,170.020636733675
launch_cost_gbp_per_kg_to_staging_orbit,1717.72727272727,solar_conversion_efficiency,0.3875,178.627111952163
launch_cost_gbp_per_kg_to_staging_orbit,1830.90909090909,solar_conversion_efficiency,0.3875,187.23358717065
launch_cost_gbp_per_kg_to_staging_orbit,1944.09090909091,solar_conversion_efficiency,0.3875,195.840062389138
launch_cost_gbp_per_kg_to_staging_orbit,2057.27272727273,solar_conversion_efficiency,0.3875,204.446537607625
launch_cost_gbp_per_kg_to_staging_orbit,2170.45454545455,solar_conversion_efficiency,0.3875,213.053012826113
launch_cost_gbp_per_kg_to_staging_orbit,2283.63636363636,solar_conversion_efficiency,0.3875,221.6594880446
launch_cost_gbp_per_kg_to_staging_orbit,2396.81818181818,solar_conversion_efficiency,0.3875,230.265963263088
launch_cost_gbp_per_kg_to_staging_orbit,2510,solar_conversion_efficiency,0.3875,238.872438481575
launch_cost_gbp_per_kg_to_staging_orbit,2623.18181818182,solar_conversion_efficiency,0.3875,247.478913700063
launch_cost_gbp_per_kg_to_staging_orbit,2736.36363636364,solar_conversion_efficiency,0.3875,256.08538891855
launch_cost_gbp_per_kg_to_staging_orbit,2849.54545454545,solar_conversion_efficiency,0.3875,264.691864137037
launch_cost_gbp_per_kg_to_staging_orbit,2962.72727272727,solar_conversion_efficiency,0.3875,273.298339355525
launch_cost_gbp_per_kg_to_staging_orbit,3075.90909090909,solar_conversion_efficiency,0.3875,281.904814574013
launch_cost_gbp_per_kg_to_staging_orbit,3189.09090909091,solar_conversion_efficiency,0.3875,290.5112897925
launch_cost_gbp_per_kg_to_staging_orbit,3302.27272727273,solar_conversion_efficiency,0.3875,299.117765010988
launch_cost_gbp_per_kg_to_staging_orbit,3415.45454545455,solar_conversion_efficiency,0.3875,307.724240229475
launch_cost_gbp_per_kg_to_staging_orbit,3528.63636363636,solar_conversion_efficiency,0.3875,316.330715447963
launch_cost_gbp_per_kg_to_staging_orbit,3641.81818181818,solar_conversion_efficiency,0.3875,324.93719066645
launch_cost_gbp_per_kg_to_staging_orbit,3755,solar_conversion_efficiency,0.3875,333.543665884938
launch_cost_gbp_per_kg_to_staging_orbit,3868.18181818182,solar_conversion_efficiency,0.3875,342.150141103425
launch_cost_gbp_per_kg_to_staging_orbit,3981.36363636364,solar_conversion_efficiency,0.3875,350.756616321913
launch_cost_gbp_per_kg_to_staging_orbit,4094.54545454545,solar_conversion_efficiency,0.3875,359.3630915404
launch_cost_gbp_per_kg_to_staging_orbit,4207.72727272727,solar_conversion_efficiency,0.3875,367.969566758887
launch_cost_gbp_per_kg_to_staging_orbit,4320.90909090909,solar_conversion_efficiency,0.3875,376.576041977375
launch_cost_gbp_per_kg_to_staging_orbit,4434.09090909091,solar_conversion_efficiency,0.3875,385.182517195862
launch_cost_gbp_per_kg_to_staging_orbit,4547.27272727273,solar_conversion_efficiency,0.3875,393.78899241435
launch_cost_gbp_per_kg_to_staging_orbit,4660.45454545455,solar_conversion_efficiency,0.3875,402.395467632837
launch_cost_gbp_per_kg_to_staging_orbit,4773.63636363636,solar_conversion_efficiency,0.3875,411.001942851325
launch_cost_gbp_per_kg_to_staging_orbit,4886.81818181818,solar_conversion_efficiency,0.3875,419.608418069812
launch_cost_gbp_per_kg_to_staging_orbit,5000,solar_conversion_efficiency,0.3875,428.2148932883
launch_cost_gbp_per_kg_to_staging_orbit,20,solar_conversion_efficiency,0.393181818181818,49.5299836748502
launch_cost_gbp_per_kg_to_staging_orbit,133.181818181818,solar_conversion_efficiency,0.393181818181818,58.1364588933377
launch_cost_gbp_per_kg_to_staging_orbit,246.363636363636,solar_conversion_efficiency,0.393181818181818,66.7429341118252
launch_cost_gbp_per_kg_to_staging_orbit,359.545454545455,solar_conversion_efficiency,0.393181818181818,75.3494093303127
launch_cost_gbp_per_kg_to_staging_orbit,472.727272727273,solar_conversion_efficiency,0.393181818181818,83.9558845488002
launch_cost_gbp_per_kg_to_staging_orbit,585.909090909091,solar_conversion_efficiency,0.393181818181818,92.5623597672877
launch_cost_gbp_per_kg_to_staging_orbit,699.090909090909,solar_conversion_efficiency,0.393181818181818,101.168834985775
launch_cost_gbp_per_kg_to_staging_orbit,812.272727272727,solar_conversion_efficiency,0.393181818181818,109.775310204263
launch_cost_gbp_per_kg_to_staging_orbit,925.454545454545,solar_conversion_efficiency,0.393181818181818,118.38178542275
launch_cost_gbp_per_kg_to_staging_orbit,1038.63636363636,solar_conversion_efficiency,0.393181818181818,126.988260641238
launch_cost_gbp_per_kg_to_staging_orbit,1151.81818181818,solar_conversion_efficiency,0.393181818181818,135.594735859725
launch_cost_gbp_per_kg_to_staging_orbit,1265,solar_conversion_efficiency,0.393181818181818,144.201211078213
launch_cost_gbp_per_kg_to_staging_orbit,1378.18181818182,solar_conversion_efficiency,0.393181818181818,152.8076862967
launch_cost_gbp_per_kg_to_staging_orbit,1491.36363636364,solar_conversion_efficiency,0.393181818181818,161.414161515188
launch_cost_gbp_per_kg_to_staging_orbit,1604.54545454545,solar_conversion_efficiency,0.393181818181818,170.020636733675
launch_cost_gbp_per_kg_to_staging_orbit,1717.72727272727,solar_conversion_efficiency,0.393181818181818,178.627111952163
launch_cost_gbp_per_kg_to_staging_orbit,1830.90909090909,solar_conversion_efficiency,0.393181818181818,187.23358717065
launch_cost_gbp_per_kg_to_staging_orbit,1944.09090909091,solar_conversion_efficiency,0.393181818181818,195.840062389138
launch_cost_gbp_per_kg_to_staging_orbit,2057.27272727273,solar_conversion_efficiency,0.393181818181818,204.446537607625
launch_cost_gbp_per_kg_to_staging_orbit,2170.45454545455,solar_conversion_efficiency,0.393181818181818,213.053012826113
launch_cost_gbp_per_kg_to_staging_orbit,2283.63636363636,solar_conversion_efficiency,0.393181818181818,221.6594880446
launch_cost_gbp_per_kg_to_staging_orbit,2396.81818181818,solar_conversion_efficiency,0.393181818181818,230.265963263088
launch_cost_gbp_per_kg_to_staging_orbit,2510,solar_conversion_efficiency,0.393181818181818,238.872438481575
launch_cost_gbp_per_kg_to_staging_orbit,2623.18181818182,solar_conversion_efficiency,0.393181818181818,247.478913700063
launch_cost_gbp_per_kg_to_staging_orbit,2736.36363636364,solar_conversion_efficiency,0.393181818181818,256.08538891855
launch_cost_gbp_per_kg_to_staging_orbit,2849.54545454545,solar_conversion_efficiency,0.393181818181818,264.691864137037
launch_cost_gbp_per_kg_to_staging_orbit,2962.72727272727,solar_conversion_efficiency,0.393181818181818,273.298339355525
launch_cost_gbp_per_kg_to_staging_orbit,3075.90909090909,solar_conversion_efficiency,0.393181818181818,281.904814574013
launch_cost_gbp_per_kg_to_staging_orbit,3189.09090909091,solar_conversion_efficiency,0.393181818181818,290.5112897925
launch_cost_gbp_per_kg_to_staging_orbit,3302.27272727273,solar_conversion_efficiency,0.393181818181818,299.117765010988
launch_cost_gbp_per_kg_to_staging_orbit,3415.45454545455,solar_conversion_efficiency,0.393181818181818,307.724240229475
launch_cost_gbp_per_kg_to_staging_orbit,3528.63636363636,solar_conversion_efficiency,0.393181818181818,316.330715447963
launch_cost_gbp_per_kg_to_staging_orbit,3641.81818181818,solar_conversion_efficiency,0.393181818181818,324.93719066645
launch_cost_gbp_per_kg_to_staging_orbit,3755,solar_conversion_efficiency,0.393181818181818,333.543665884938
launch_cost_gbp_per_kg_to_staging_orbit,3868.18181818182,solar_conversion_efficiency,0.393181818181818,342.150141103425
launch_cost_gbp_per_kg_to_staging_orbit,3981.36363636364,solar_conversion_efficiency,0.393181818181818,350.756616321913
launch_cost_gbp_per_kg_to_staging_orbit,4094.54545454545,solar_conversion_efficiency,0.393181818181818,359.3630915404
launch_cost_gbp_per_kg_to_staging_orbit,4207.72727272727,solar_conversion_efficiency,0.393181818181818,367.969566758887
launch_cost_gbp_per_kg_to_staging_orbit,4320.90909090909,solar_conversion_efficiency,0.393181818181818,376.576041977375
launch_cost_gbp_per_kg_to_staging_orbit,4434.09090909091,solar_conversion_efficiency,0.393181818181818,385.182517195862
launch_cost_gbp_per_kg_to_staging_orbit,4547.27272727273,solar_conversion_efficiency,0.393181818181818,393.78899241435
launch_cost_gbp_per_kg_to_staging_orbit,4660.45454545455,solar_conversion_efficiency,0.393181818181818,402.395467632837
launch_cost_gbp_per_kg_to_staging_orbit,4773.63636363636,solar_conversion_efficiency,0.393181818181818,411.001942851325
launch_cost_gbp_per_kg_to_staging_orbit,4886.81818181818,solar_conversion_efficiency,0.393181818181818,419.608418069812
launch_cost_gbp_per_kg_to_staging_orbit,5000,solar_conversion_efficiency,0.393181818181818,428.2148932883
launch_cost_gbp_per_kg_to_staging_orbit,20,solar_conversion_efficiency,0.398863636363636,49.5299836748502
launch_cost_gbp_per_kg_to_staging_orbit,133.181818181818,solar_conversion_efficiency,0.398863636363636,58.1364588933377
launch_cost_gbp_per_kg_to_staging_orbit,246.363636363636,solar_conversion_efficiency,0.398863636363636,66.7429341118252
launch_cost_gbp_per_kg_to_staging_orbit,359.545454545455,solar_conversion_efficiency,0.398863636363636,75.3494093303127
launch_cost_gbp_per_kg_to_staging_orbit,472.727272727273,solar_conversion_efficiency,0.398863636363636,83.9558845488002
launch_cost_gbp_per_kg_to_staging_orbit,585.909090909091,solar_conversion_efficiency,0.398863636363636,92.5623597672877
launch_cost_gbp_per_kg_to_staging_orbit,699.090909090909,solar_conversion_efficiency,0.398863636363636,101.168834985775
launch_cost_gbp_per_kg_to_staging_orbit,812.272727272727,solar_conversion_efficiency,0.398863636363636,109.775310204263
launch_cost_gbp_per_kg_to_staging_orbit,925.454545454545,solar_conversion_efficiency,0.398863636363636,118.38178542275
launch_cost_gbp_per_kg_to_staging_orbit,1038.63636363636,solar_conversion_efficiency,0.398863636363636,126.988260641238
launch_cost_gbp_per_kg_to_staging_orbit,1151.81818181818,solar_conversion_efficiency,0.398863636363636,135.594735859725
launch_cost_gbp_per_kg_to_staging_orbit,1265,solar_conversion_efficiency,0.398863636363636,144.201211078213
launch_cost_gbp_per_kg_to_staging_orbit,1378.18181818182,solar_conversion_efficiency,0.398863636363636,152.8076862967
launch_cost_gbp_per_kg_to_staging_orbit,1491.36363636364,solar_conversion_efficiency,0.398863636363636,161.414161515188
launch_cost_gbp_per_kg_to_staging_orbit,1604.54545454545,solar_conversion_efficiency,0.398863636363636,170.020636733675
launch_cost_gbp_per_kg_to_staging_orbit,1717.72727272727,solar_conversion_efficiency,0.398863636363636,178.627111952163
launch_cost_gbp_per_kg_to_staging_orbit,1830.90909090909,solar_conversion_efficiency,0.398863636363636,187.23358717065
launch_cost_gbp_per_kg_to_staging_orbit,1944.09090909091,solar_conversion_efficiency,0.398863636363636,195.840062389138
launch_cost_gbp_per_kg_to_staging_orbit,2057.27272727273,solar_conversion_efficiency,0.398863636363636,204.446537607625
launch_cost_gbp_per_kg_to_staging_orbit,2170.45454545455,solar_conversion_efficiency,0.398863636363636,213.053012826113
launch_cost_gbp_per_kg_to_staging_orbit,2283.63636363636,solar_conversion_efficiency,0.398863636363636,221.6594880446
launch_cost_gbp_per_kg_to_staging_orbit,2396.81818181818,solar_conversion_efficiency,0.398863636363636,230.265963263088
launch_cost_gbp_per_kg_to_staging_orbit,2510,solar_conversion_efficiency,0.398863636363636,238.872438481575
launch_cost_gbp_per_kg_to_staging_orbit,2623.18181818182,solar_conversion_efficiency,0.398863636363636,247.478913700063
launch_cost_gbp_per_kg_to_staging_orbit,2736.36363636364,solar_conversion_efficiency,0.398863636363636,256.08538891855
launch_cost_gbp_per_kg_to_staging_orbit,2849.54545454545,solar_conversion_efficiency,0.398863636363636,264.691864137037
launch_cost_gbp_per_kg_to_staging_orbit,2962.72727272727,solar_conversion_efficiency,0.398863636363636,273.298339355525
launch_cost_gbp_per_kg_to_staging_orbit,3075.90909090909,solar_conversion_efficiency,0.398863636363636,281.904814574013
launch_cost_gbp_per_kg_to_staging_orbit,3189.09090909091,solar_conversion_efficiency,0.398863636363636,290.5112897925
launch_cost_gbp_per_kg_to_staging_orbit,3302.27272727273,solar_conversion_efficiency,0.398863636363636,299.117765010988
launch_cost_gbp_per_kg_to_staging_orbit,3415.45454545455,solar_conversion_efficiency,0.398863636363636,307.724240229475
launch_cost_gbp_per_kg_to_staging_orbit,3528.63636363636,solar_conversion_efficiency,0.398863636363636,316.330715447963
launch_cost_gbp_per_kg_to_staging_orbit,3641.81818181818,solar_conversion_efficiency,0.398863636363636,324.93719066645
launch_cost_gbp_per_kg_to_staging_orbit,3755,solar_conversion_efficiency,0.398863636363636,333.543665884938
launch_cost_gbp_per_kg_to_staging_orbit,3868.18181818182,solar_conversion_efficiency,0.398863636363636,342.150141103425
launch_cost_gbp_per_kg_to_staging_orbit,3981.36363636364,solar_conversion_efficiency,0.398863636363636,350.756616321913
launch_cost_gbp_per_kg_to_staging_orbit,4094.54545454545,solar_conversion_efficiency,0.398863636363636,359.3630915404
launch_cost_gbp_per_kg_to_staging_orbit,4207.72727272727,solar_conversion_efficiency,0.398863636363636,367.969566758887
launch_cost_gbp_per_kg_to_staging_orbit,4320.90909090909,solar_conversion_efficiency,0.398863636363636,376.576041977375
launch_cost_gbp_per_kg_to_staging_orbit,4434.09090909091,solar_conversion_efficiency,0.398863636363636,385.182517195862
launch_cost_gbp_per_kg_to_staging_orbit,4547.27272727273,solar_conversion_efficiency,0.398863636363636,393.78899241435
launch_cost_gbp_per_kg_to_staging_orbit,4660.45454545455,solar_conversion_efficiency,0.398863636363636,402.395467632837
launch_cost_gbp_per_kg_to_staging_orbit,4773.63636363636,solar_conversion_efficiency,0.398863636363636,411.001942851325
launch_cost_gbp_per_kg_to_staging_orbit,4886.81818181818,solar_conversion_efficiency,0.398863636363636,419.608418069812
launch_cost_gbp_per_kg_to_staging_orbit,5000,solar_conversion_efficiency,0.398863636363636,428.2148932883
launch_cost_gbp_per_kg_to_staging_orbit,20,solar_conversion_efficiency,0.404545454545455,49.5299836748502
launch_cost_gbp_per_kg_to_staging_orbit,133.181818181818,solar_conversion_efficiency,0.404545454545455,58.1364588933377
launch_cost_gbp_per_kg_to_staging_orbit,246.363636363636,solar_conversion_efficiency,0.404545454545455,66.7429341118252
launch_cost_gbp_per_kg_to_staging_orbit,359.545454545455,solar_conversion_efficiency,0.404545454545455,75.3494093303127
launch_cost_gbp_per_kg_to_staging_orbit,472.727272727273,solar_conversion_efficiency,0.404545454545455,83.9558845488002
launch_cost_gbp_per_kg_to_staging_orbit,585.909090909091,solar_conversion_efficiency,0.404545454545455,92.5623597672877
launch_cost_gbp_per_kg_to_staging_orbit,699.090909090909,solar_conversion_efficiency,0.404545454545455,101.168834985775
launch_cost_gbp_per_kg_to_staging_orbit,812.272727272727,solar_conversion_efficiency,0.404545454545455,109.775310204263
launch_cost_gbp_per_kg_to_staging_orbit,925.454545454545,solar_conversion_efficiency,0.404545454545455,118.38178542275
launch_cost_gbp_per_kg_to_staging_orbit,1038.63636363636,solar_conversion_efficiency,0.404545454545455,126.988260641238
launch_cost_gbp_per_kg_to_staging_orbit,1151.81818181818,solar_conversion_efficiency,0.404545454545455,135.594735859725
launch_cost_gbp_per_kg_to_staging_orbit,1265,solar_conversion_efficiency,0.404545454545455,144.201211078213
launch_cost_gbp_per_kg_to_staging_orbit,1378.18181818182,solar_conversion_efficiency,0.404545454545455,152.8076862967
launch_cost_gbp_per_kg_to_staging_orbit,1491.36363636364,solar_conversion_efficiency,0.404545454545455,161.414161515188
launch_cost_gbp_per_kg_to_staging_orbit,1604.54545454545,solar_conversion_efficiency,0.404545454545455,170.020636733675
launch_cost_gbp_per_kg_to_staging_orbit,1717.72727272727,solar_conversion_efficiency,0.404545454545455,178.627111952163
launch_cost_gbp_per_kg_to_staging_orbit,1830.90909090909,solar_conversion_efficiency,0.404545454545455,187.23358717065
launch_cost_gbp_per_kg_to_staging_orbit,1944.09090909091,solar_conversion_efficiency,0.404545454545455,195.840062389138
launch_cost_gbp_per_kg_to_staging_orbit,2057.27272727273,solar_conversion_efficiency,0.404545454545455,204.446537607625
launch_cost_gbp_per_kg_to_staging_orbit,2170.45454545455,solar_conversion_efficiency,0.404545454545455,213.053012826113
launch_cost_gbp_per_kg_to_staging_orbit,2283.63636363636,solar_conversion_efficiency,0.404545454545455,221.6594880446
launch_cost_gbp_per_kg_to_staging_orbit,2396.81818181818,solar_conversion_efficiency,0.404545454545455,230.265963263088
launch_cost_gbp_per_kg_to_staging_orbit,2510,solar_conversion_efficiency,0.404545454545455,238.872438481575
launch_cost_gbp_per_kg_to_staging_orbit,2623.18181818182,solar_conversion_efficiency,0.404545454545455,247.478913700063
launch_cost_gbp_per_kg_to_staging_orbit,2736.36363636364,solar_conversion_efficiency,0.404545454545455,256.08538891855
launch_cost_gbp_per_kg_to_staging_orbit,2849.54545454545,solar_conversion_efficiency,0.404545454545455,264.691864137037
launch_cost_gbp_per_kg_to_staging_orbit,2962.72727272727,solar_conversion_efficiency,0.404545454545455,273.298339355525
launch_cost_gbp_per_kg_to_staging_orbit,3075.90909090909,solar_conversion_efficiency,0.404545454545455,281.904814574013
launch_cost_gbp_per_kg_to_staging_orbit,3189.09090909091,solar_conversion_efficiency,0.404545454545455,290.5112897925
launch_cost_gbp_per_kg_to_staging_orbit,3302.27272727273,solar_conversion_efficiency,0.404545454545455,299.117765010988
launch_cost_gbp_per_kg_to_staging_orbit,3415.45454545455,solar_conversion_efficiency,0.404545454545455,307.724240229475
launch_cost_gbp_per_kg_to_staging_orbit,3528.63636363636,solar_conversion_efficiency,0.404545454545455,316.330715447963
launch_cost_gbp_per_kg_to_staging_orbit,3641.81818181818,solar_conversion_efficiency,0.404545454545455,324.93719066645
launch_cost_gbp_per_kg_to_staging_orbit,3755,solar_conversion_efficiency,0.404545454545455,333.543665884938
launch_cost_gbp_per_kg_to_staging_orbit,3868.18181818182,solar_conversion_efficiency,0.404545454545455,342.150141103425
launch_cost_gbp_per_kg_to_staging_orbit,3981.36363636364,solar_conversion_efficiency,0.404545454545455,350.756616321913
launch_cost_gbp_per_kg_to_staging_orbit,4094.54545454545,solar_conversion_efficiency,0.404545454545455,359.3630915404
launch_cost_gbp_per_kg_to_staging_orbit,4207.72727272727,solar_conversion_efficiency,0.404545454545455,367.969566758887
launch_cost_gbp_per_kg_to_staging_orbit,4320.90909090909,solar_conversion_efficiency,0.404545454545455,376.576041977375
launch_cost_gbp_per_kg_to_staging_orbit,4434.09090909091,solar_conversion_efficiency,0.404545454545455,385.182517195862
launch_cost_gbp_per_kg_to_staging_orbit,4547.27272727273,solar_conversion_efficiency,0.404545454545455,393.78899241435
launch_cost_gbp_per_kg_to_staging_orbit,4660.45454545455,solar_conversion_efficiency,0.404545454545455,402.395467632837
launch_cost_gbp_per_kg_to_staging_orbit,4773.63636363636,solar_conversion_efficiency,0.404545454545455,411.001942851325
launch_cost_gbp_per_kg_to_staging_orbit,4886.81818181818,solar_conversion_efficiency,0.404545454545455,419.608418069812
launch_cost_gbp_per_kg_to_staging_orbit,5000,solar_conversion_efficiency,0.404545454545455,428.2148932883
launch_cost_gbp_per_kg_to_staging_orbit,20,solar_conversion_efficiency,0.410227272727273,49.5299836748502
launch_cost_gbp_per_kg_to_staging_orbit,133.181818181818,solar_conversion_efficiency,0.410227272727273,58.1364588933377
launch_cost_gbp_per_kg_to_staging_orbit,246.363636363636,solar_conversion_efficiency,0.410227272727273,66.7429341118252
launch_cost_gbp_per_kg_to_staging_orbit,359.545454545455,solar_conversion_efficiency,0.410227272727273,75.3494093303127
launch_cost_gbp_per_kg_to_staging_orbit,472.727272727273,solar_conversion_efficiency,0.410227272727273,83.9558845488002
launch_cost_gbp_per_kg_to_staging_orbit,585.909090909091,solar_conversion_efficiency,0.410227272727273,92.5623597672877
launch_cost_gbp_per_kg_to_staging_orbit,699.090909090909,solar_conversion_efficiency,0.410227272727273,101.168834985775
launch_cost_gbp_per_kg_to_staging_orbit,812.272727272727,solar_conversion_efficiency,0.410227272727273,109.775310204263
launch_cost_gbp_per_kg_to_staging_orbit,925.454545454545,solar_conversion_efficiency,0.410227272727273,118.38178542275
launch_cost_gbp_per_kg_to_staging_orbit,1038.63636363636,solar_conversion_efficiency,0.410227272727273,126.988260641238
launch_cost_gbp_per_kg_to_staging_orbit,1151.81818181818,solar_conversion_efficiency,0.410227272727273,135.594735859725
launch_cost_gbp_per_kg_to_staging_orbit,1265,solar_conversion_efficiency,0.410227272727273,144.201211078213
launch_cost_gbp_per_kg_to_staging_orbit,1378.18181818182,solar_conversion_efficiency,0.410227272727273,152.8076862967
launch_cost_gbp_per_kg_to_staging_orbit,1491.36363636364,solar_conversion_efficiency,0.410227272727273,161.414161515188
launch_cost_gbp_per_kg_to_staging_orbit,1604.54545454545,solar_conversion_efficiency,0.410227272727273,170.020636733675
launch_cost_gbp_per_kg_to_staging_orbit,1717.72727272727,solar_conversion_efficiency,0.410227272727273,178.627111952163
launch_cost_gbp_per_kg_to_staging_orbit,1830.90909090909,solar_conversion_efficiency,0.410227272727273,187.23358717065
launch_cost_gbp_per_kg_to_staging_orbit,1944.09090909091,solar_conversion_efficiency,0.410227272727273,195.840062389138
launch_cost_gbp_per_kg_to_staging_orbit,2057.27272727273,solar_conversion_efficiency,0.410227272727273,204.446537607625
launch_cost_gbp_per_kg_to_staging_orbit,2170.45454545455,solar_conversion_efficiency,0.410227272727273,213.053012826113
launch_cost_gbp_per_kg_to_staging_orbit,2283.63636363636,solar_conversion_efficiency,0.410227272727273,221.6594880446
launch_cost_gbp_per_kg_to_staging_orbit,2396.81818181818,solar_conversion_efficiency,0.410227272727273,230.265963263088
launch_cost_gbp_per_kg_to_staging_orbit,2510,solar_conversion_efficiency,0.410227272727273,238.872438481575
launch_cost_gbp_per_kg_to_staging_orbit,2623.18181818182,solar_conversion_efficiency,0.410227272727273,247.478913700063
launch_cost_gbp_per_kg_to_staging_orbit,2736.36363636364,solar_conversion_efficiency,0.410227272727273,256.08538891855
launch_cost_gbp_per_kg_to_staging_orbit,2849.54545454545,solar_conversion_efficiency,0.410227272727273,264.691864137037
launch_cost_gbp_per_kg_to_staging_orbit,2962.72727272727,solar_conversion_efficiency,0.410227272727273,273.298339355525
launch_cost_gbp_per_kg_to_staging_orbit,3075.90909090909,solar_conversion_efficiency,0.410227272727273,281.904814574013
launch_cost_gbp_per_kg_to_staging_orbit,3189.09090909091,solar_conversion_efficiency,0.410227272727273,290.5112897925
launch_cost_gbp_per_kg_to_staging_orbit,3302.27272727273,solar_conversion_efficiency,0.410227272727273,299.117765010988
launch_cost_gbp_per_kg_to_staging_orbit,3415.45454545455,solar_conversion_efficiency,0.410227272727273,307.724240229475
launch_cost_gbp_per_kg_to_staging_orbit,3528.63636363636,solar_conversion_efficiency,0.410227272727273,316.330715447963
launch_cost_gbp_per_kg_to_staging_orbit,3641.81818181818,solar_conversion_efficiency,0.410227272727273,324.93719066645
launch_cost_gbp_per_kg_to_staging_orbit,3755,solar_conversion_efficiency,0.410227272727273,333.543665884938
launch_cost_gbp_per_kg_to_staging_orbit,3868.18181818182,solar_conversion_efficiency,0.410227272727273,342.150141103425
launch_cost_gbp_per_kg_to_staging_orbit,3981.36363636364,solar_conversion_efficiency,0.410227272727273,350.756616321913
launch_cost_gbp_per_kg_to_staging_orbit,4094.54545454545,solar_conversion_efficiency,0.410227272727273,359.3630915404
launch_cost_gbp_per_kg_to_staging_orbit,4207.72727272727,solar_conversion_efficiency,0.410227272727273,367.969566758887
launch_cost_gbp_per_kg_to_staging_orbit,4320.90909090909,solar_conversion_efficiency,0.410227272727273,376.576041977375
launch_cost_gbp_per_kg_to_staging_orbit,4434.09090909091,solar_conversion_efficiency,0.410227272727273,385.182517195862
launch_cost_gbp_per_kg_to_staging_orbit,4547.27272727273,solar_conversion_efficiency,0.410227272727273,393.78899241435
launch_cost_gbp_per_kg_to_staging_orbit,4660.45454545455,solar_conversion_efficiency,0.410227272727273,402.395467632837
launch_cost_gbp_per_kg_to_staging_orbit,4773.63636363636,solar_conversion_efficiency,0.410227272727273,411.001942851325
launch_cost_gbp_per_kg_to_staging_orbit,4886.81818181818,solar_conversion_efficiency,0.410227272727273,419.608418069812
launch_cost_gbp_per_kg_to_staging_orbit,5000,solar_conversion_efficiency,0.410227272727273,428.2148932883
launch_cost_gbp_per_kg_to_staging_orbit,20,solar_conversion_efficiency,0.415909090909091,49.5299836748502
launch_cost_gbp_per_kg_to_staging_orbit,133.181818181818,solar_conversion_efficiency,0.415909090909091,58.1364588933377
launch_cost_gbp_per_kg_to_staging_orbit,246.363636363636,solar_conversion_efficiency,0.415909090909091,66.7429341118252
launch_cost_gbp_per_kg_to_staging_orbit,359.545454545455,solar_conversion_efficiency,0.415909090909091,75.3494093303127
launch_cost_gbp_per_kg_to_staging_orbit,472.727272727273,solar_conversion_efficiency,0.415909090909091,83.9558845488002
launch_cost_gbp_per_kg_to_staging_orbit,585.909090909091,solar_conversion_efficiency,0.415909090909091,92.5623597672877
launch_cost_gbp_per_kg_to_staging_orbit,699.090909090909,solar_conversion_efficiency,0.415909090909091,101.168834985775
launch_cost_gbp_per_kg_to_staging_orbit,812.272727272727,solar_conversion_efficiency,0.415909090909091,109.775310204263
launch_cost_gbp_per_kg_to_staging_orbit,925.454545454545,solar_conversion_efficiency,0.415909090909091,118.38178542275
launch_cost_gbp_per_kg_to_staging_orbit,1038.63636363636,solar_conversion_efficiency,0.415909090909091,126.988260641238
launch_cost_gbp_per_kg_to_staging_orbit,1151.81818181818,solar_conversion_efficiency,0.415909090909091,135.594735859725
launch_cost_gbp_per_kg_to_staging_orbit,1265,solar_conversion_efficiency,0.415909090909091,144.201211078213
launch_cost_gbp_per_kg_to_staging_orbit,1378.18181818182,solar_conversion_efficiency,0.415909090909091,152.8076862967
launch_cost_gbp_per_kg_to_staging_orbit,1491.36363636364,solar_conversion_efficiency,0.415909090909091,161.414161515188
launch_cost_gbp_per_kg_to_staging_orbit,1604.54545454545,solar_conversion_efficiency,0.415909090909091,170.020636733675
launch_cost_gbp_per_kg_to_staging_orbit,1717.72727272727,solar_conversion_efficiency,0.415909090909091,178.627111952163
launch_cost_gbp_per_kg_to_staging_orbit,1830.90909090909,solar_conversion_efficiency,0.415909090909091,187.23358717065
launch_cost_gbp_per_kg_to_staging_orbit,1944.09090909091,solar_conversion_efficiency,0.415909090909091,195.840062389138
launch_cost_gbp_per_kg_to_staging_orbit,2057.27272727273,solar_conversion_efficiency,0.415909090909091,204.446537607625
launch_cost_gbp_per_kg_to_staging_orbit,2170.45454545455,solar_conversion_efficiency,0.415909090909091,213.053012826113
launch_cost_gbp_per_kg_to_staging_orbit,2283.63636363636,solar_conversion_efficiency,0.415909090909091,221.6594880446
launch_cost_gbp_per_kg_to_staging_orbit,2396.81818181818,solar_conversion_efficiency,0.415909090909091,230.265963263088
launch_cost_gbp_per_kg_to_staging_orbit,2510,solar_conversion_efficiency,0.415909090909091,238.872438481575
launch_cost_gbp_per_kg_to_staging_orbit,2623.18181818182,solar_conversion_efficiency,0.415909090909091,247.478913700063
launch_cost_gbp_per_kg_to_staging_orbit,2736.36363636364,solar_conversion_efficiency,0.415909090909091,256.08538891855
launch_cost_gbp_per_kg_to_staging_orbit,2849.54545454545,solar_conversion_efficiency,0.415909090909091,264.691864137037
launch_cost_gbp_per_kg_to_staging_orbit,2962.72727272727,solar_conversion_efficiency,0.415909090909091,273.298339355525
launch_cost_gbp_per_kg_to_staging_orbit,3075.90909090909,solar_conversion_efficiency,0.415909090909091,281.904814574013
launch_cost_gbp_per_kg_to_staging_orbit,3189.09090909091,solar_conversion_efficiency,0.415909090909091,290.5112897925
launch_cost_gbp_per_kg_to_staging_orbit,3302.27272727273,solar_conversion_efficiency,0.415909090909091,299.117765010988
launch_cost_gbp_per_kg_to_staging_orbit,3415.45454545455,solar_conversion_efficiency,0.415909090909091,307.724240229475
launch_cost_gbp_per_kg_to_staging_orbit,3528.63636363636,solar_conversion_efficiency,0.415909090909091,316.330715447963
launch_cost_gbp_per_kg_to_staging_orbit,3641.81818181818,solar_conversion_efficiency,0.415909090909091,324.93719066645
launch_cost_gbp_per_kg_to_staging_orbit,3755,solar_conversion_efficiency,0.415909090909091,333.543665884938
launch_cost_gbp_per_kg_to_staging_orbit,3868.18181818182,solar_conversion_efficiency,0.415909090909091,342.150141103425
launch_cost_gbp_per_kg_to_staging_orbit,3981.36363636364,solar_conversion_efficiency,0.415909090909091,350.756616321913
launch_cost_gbp_per_kg_to_staging_orbit,4094.54545454545,solar_conversion_efficiency,0.415909090909091,359.3630915404
launch_cost_gbp_per_kg_to_staging_orbit,4207.72727272727,solar_conversion_efficiency,0.415909090909091,367.969566758887
launch_cost_gbp_per_kg_to_staging_orbit,4320.90909090909,solar_conversion_efficiency,0.415909090909091,376.576041977375
launch_cost_gbp_per_kg_to_staging_orbit,4434.09090909091,solar_conversion_efficiency,0.415909090909091,385.182517195862
launch_cost_gbp_per_kg_to_staging_orbit,4547.27272727273,solar_conversion_efficiency,0.415909090909091,393.78899241435
launch_cost_gbp_per_kg_to_staging_orbit,4660.45454545455,solar_conversion_efficiency,0.415909090909091,402.395467632837
launch_cost_gbp_per_kg_to_staging_orbit,4773.63636363636,solar_conversion_efficiency,0.415909090909091,411.001942851325
launch_cost_gbp_per_kg_to_staging_orbit,4886.81818181818,solar_conversion_efficiency,0.415909090909091,419.608418069812
launch_cost_gbp_per_kg_to_staging_orbit,5000,solar_conversion_efficiency,0.415909090909091,428.2148932883
launch_cost_gbp_per_kg_to_staging_orbit,20,solar_conversion_efficiency,0.421590909090909,49.5299836748502
launch_cost_gbp_per_kg_to_staging_orbit,133.181818181818,solar_conversion_efficiency,0.421590909090909,58.1364588933377
launch_cost_gbp_per_kg_to_staging_orbit,246.363636363636,solar_conversion_efficiency,0.421590909090909,66.7429341118252
launch_cost_gbp_per_kg_to_staging_orbit,359.545454545455,solar_conversion_efficiency,0.421590909090909,75.3494093303127
launch_cost_gbp_per_kg_to_staging_orbit,472.727272727273,solar_conversion_efficiency,0.421590909090909,83.9558845488002
launch_cost_gbp_per_kg_to_staging_orbit,585.909090909091,solar_conversion_efficiency,0.421590909090909,92.5623597672877
launch_cost_gbp_per_kg_to_staging_orbit,699.090909090909,solar_conversion_efficiency,0.421590909090909,101.168834985775
launch_cost_gbp_per_kg_to_staging_orbit,812.272727272727,solar_conversion_efficiency,0.421590909090909,109.775310204263
launch_cost_gbp_per_kg_to_staging_orbit,925.454545454545,solar_conversion_efficiency,0.421590909090909,118.38178542275
launch_cost_gbp_per_kg_to_staging_orbit,1038.63636363636,solar_conversion_efficiency,0.421590909090909,126.988260641238
launch_cost_gbp_per_kg_to_staging_orbit,1151.81818181818,solar_conversion_efficiency,0.421590909090909,135.594735859725
launch_cost_gbp_per_kg_to_staging_orbit,1265,solar_conversion_efficiency,0.421590909090909,144.201211078213
launch_cost_gbp_per_kg_to_staging_orbit,1378.18181818182,solar_conversion_efficiency,0.421590909090909,152.8076862967
launch_cost_gbp_per_kg_to_staging_orbit,1491.36363636364,solar_conversion_efficiency,0.421590909090909,161.414161515188
launch_cost_gbp_per_kg_to_staging_orbit,1604.54545454545,solar_conversion_efficiency,0.421590909090909,170.020636733675
launch_cost_gbp_per_kg_to_staging_orbit,1717.72727272727,solar_conversion_efficiency,0.421590909090909,178.627111952163
launch_cost_gbp_per_kg_to_staging_orbit,1830.90909090909,solar_conversion_efficiency,0.421590909090909,187.23358717065
launch_cost_gbp_per_kg_to_staging_orbit,1944.09090909091,solar_conversion_efficiency,0.421590909090909,195.840062389138
launch_cost_gbp_per_kg_to_staging_orbit,2057.27272727273,solar_conversion_efficiency,0.421590909090909,204.446537607625
launch_cost_gbp_per_kg_to_staging_orbit,2170.45454545455,solar_conversion_efficiency,0.421590909090909,213.053012826113
launch_cost_gbp_per_kg_to_staging_orbit,2283.63636363636,solar_conversion_efficiency,0.421590909090909,221.6594880446
launch_cost_gbp_per_kg_to_staging_orbit,2396.81818181818,solar_conversion_efficiency,0.421590909090909,230.265963263088
launch_cost_gbp_per_kg_to_staging_orbit,2510,solar_conversion_efficiency,0.421590909090909,238.872438481575
launch_cost_gbp_per_kg_to_staging_orbit,2623.18181818182,solar_conversion_efficiency,0.421590909090909,247.478913700063
launch_cost_gbp_per_kg_to_staging_orbit,2736.36363636364,solar_conversion_efficiency,0.421590909090909,256.08538891855
launch_cost_gbp_per_kg_to_staging_orbit,2849.54545454545,solar_conversion_efficiency,0.421590909090909,264.691864137037
launch_cost_gbp_per_kg_to_staging_orbit,2962.72727272727,solar_conversion_efficiency,0.421590909090909,273.298339355525
launch_cost_gbp_per_kg_to_staging_orbit,3075.90909090909,solar_conversion_efficiency,0.421590909090909,281.904814574013
launch_cost_gbp_per_kg_to_staging_orbit,3189.09090909091,solar_conversion_efficiency,0.421590909090909,290.5112897925
launch_cost_gbp_per_kg_to_staging_orbit,3302.27272727273,solar_conversion_efficiency,0.421590909090909,299.117765010988
launch_cost_gbp_per_kg_to_staging_orbit,3415.45454545455,solar_conversion_efficiency,0.421590909090909,307.724240229475
launch_cost_gbp_per_kg_to_staging_orbit,3528.63636363636,solar_conversion_efficiency,0.421590909090909,316.330715447963
launch_cost_gbp_per_kg_to_staging_orbit,3641.81818181818,solar_conversion_efficiency,0.421590909090909,324.93719066645
launch_cost_gbp_per_kg_to_staging_orbit,3755,solar_conversion_efficiency,0.421590909090909,333.543665884938
launch_cost_gbp_per_kg_to_staging_orbit,3868.18181818182,solar_conversion_efficiency,0.421590909090909,342.150141103425
launch_cost_gbp_per_kg_to_staging_orbit,3981.36363636364,solar_conversion_efficiency,0.421590909090909,350.756616321913
launch_cost_gbp_per_kg_to_staging_orbit,4094.54545454545,solar_conversion_efficiency,0.421590909090909,359.3630915404
launch_cost_gbp_per_kg_to_staging_orbit,4207.72727272727,solar_conversion_efficiency,0.421590909090909,367.969566758887
launch_cost_gbp_per_kg_to_staging_orbit,4320.90909090909,solar_conversion_efficiency,0.421590909090909,376.576041977375
launch_cost_gbp_per_kg_to_staging_orbit,4434.09090909091,solar_conversion_efficiency,0.421590909090909,385.182517195862
launch_cost_gbp_per_kg_to_staging_orbit,4547.27272727273,solar_conversion_efficiency,0.421590909090909,393.78899241435
launch_cost_gbp_per_kg_to_staging_orbit,4660.45454545455,solar_conversion_efficiency,0.421590909090909,402.395467632837
launch_cost_gbp_per_kg_to_staging_orbit,4773.63636363636,solar_conversion_efficiency,0.421590909090909,411.001942851325
launch_cost_gbp_per_kg_to_staging_orbit,4886.81818181818,solar_conversion_efficiency,0.421590909090909,419.608418069812
launch_cost_gbp_per_kg_to_staging_orbit,5000,solar_conversion_efficiency,0.421590909090909,428.2148932883
launch_cost_gbp_per_kg_to_staging_orbit,20,solar_conversion_efficiency,0.427272727272727,49.5299836748502
launch_cost_gbp_per_kg_to_staging_orbit,133.181818181818,solar_conversion_efficiency,0.427272727272727,58.1364588933377
launch_cost_gbp_per_kg_to_staging_orbit,246.363636363636,solar_conversion_efficiency,0.427272727272727,66.7429341118252
launch_cost_gbp_per_kg_to_staging_orbit,359.545454545455,solar_conversion_efficiency,0.427272727272727,75.3494093303127
launch_cost_gbp_per_kg_to_staging_orbit,472.727272727273,solar_conversion_efficiency,0.427272727272727,83.9558845488002
launch_cost_gbp_per_kg_to_staging_orbit,585.909090909091,solar_conversion_efficiency,0.427272727272727,92.5623597672877
launch_cost_gbp_per_kg_to_staging_orbit,699.090909090909,solar_conversion_efficiency,0.427272727272727,101.168834985775
launch_cost_gbp_per_kg_to_staging_orbit,812.272727272727,solar_conversion_efficiency,0.427272727272727,109.775310204263
launch_cost_gbp_per_kg_to_staging_orbit,925.454545454545,solar_conversion_efficiency,0.427272727272727,118.38178542275
launch_cost_gbp_per_kg_to_staging_orbit,1038.63636363636,solar_conversion_efficiency,0.427272727272727,126.988260641238
launch_cost_gbp_per_kg_to_staging_orbit,1151.81818181818,solar_conversion_efficiency,0.427272727272727,135.594735859725
launch_cost_gbp_per_kg_to_staging_orbit,1265,solar_conversion_efficiency,0.427272727272727,144.201211078213
launch_cost_gbp_per_kg_to_staging_orbit,1378.18181818182,solar_conversion_efficiency,0.427272727272727,152.8076862967
launch_cost_gbp_per_kg_to_staging_orbit,1491.36363636364,solar_conversion_efficiency,0.427272727272727,161.414161515188
launch_cost_gbp_per_kg_to_staging_orbit,1604.54545454545,solar_conversion_efficiency,0.427272727272727,170.020636733675
launch_cost_gbp_per_kg_to_staging_orbit,1717.72727272727,solar_conversion_efficiency,0.427272727272727,178.627111952163
launch_cost_gbp_per_kg_to_staging_orbit,1830.90909090909,solar_conversion_efficiency,0.427272727272727,187.23358717065
launch_cost_gbp_per_kg_to_staging_orbit,1944.09090909091,solar_conversion_efficiency,0.427272727272727,195.840062389138
launch_cost_gbp_per_kg_to_staging_orbit,2057.27272727273,solar_conversion_efficiency,0.427272727272727,204.446537607625
launch_cost_gbp_per_kg_to_staging_orbit,2170.45454545455,solar_conversion_efficiency,0.427272727272727,213.053012826113
launch_cost_gbp_per_kg_to_staging_orbit,2283.63636363636,solar_conversion_efficiency,0.427272727272727,221.6594880446
launch_cost_gbp_per_kg_to_staging_orbit,2396.81818181818,solar_conversion_efficiency,0.427272727272727,230.265963263088
launch_cost_gbp_per_kg_to_staging_orbit,2510,solar_conversion_efficiency,0.427272727272727,238.872438481575
launch_cost_gbp_per_kg_to_staging_orbit,2623.18181818182,solar_conversion_efficiency,0.427272727272727,247.478913700063
launch_cost_gbp_per_kg_to_staging_orbit,2736.36363636364,solar_conversion_efficiency,0.427272727272727,256.08538891855
launch_cost_gbp_per_kg_to_staging_orbit,2849.54545454545,solar_conversion_efficiency,0.427272727272727,264.691864137037
launch_cost_gbp_per_kg_to_staging_orbit,2962.72727272727,solar_conversion_efficiency,0.427272727272727,273.298339355525
launch_cost_gbp_per_kg_to_staging_orbit,3075.90909090909,solar_conversion_efficiency,0.427272727272727,281.904814574013
launch_cost_gbp_per_kg_to_staging_orbit,3189.09090909091,solar_conversion_efficiency,0.427272727272727,290.5112897925
launch_cost_gbp_per_kg_to_staging_orbit,3302.27272727273,solar_conversion_efficiency,0.427272727272727,299.117765010988
launch_cost_gbp_per_kg_to_staging_orbit,3415.45454545455,solar_conversion_efficiency,0.427272727272727,307.724240229475
launch_cost_gbp_per_kg_to_staging_orbit,3528.63636363636,solar_conversion_efficiency,0.427272727272727,316.330715447963
launch_cost_gbp_per_kg_to_staging_orbit,3641.81818181818,solar_conversion_efficiency,0.427272727272727,324.93719066645
launch_cost_gbp_per_kg_to_staging_orbit,3755,solar_conversion_efficiency,0.427272727272727,333.543665884938
launch_cost_gbp_per_kg_to_staging_orbit,3868.18181818182,solar_conversion_efficiency,0.427272727272727,342.150141103425
launch_cost_gbp_per_kg_to_staging_orbit,3981.36363636364,solar_conversion_efficiency,0.427272727272727,350.756616321913
launch_cost_gbp_per_kg_to_staging_orbit,4094.54545454545,solar_conversion_efficiency,0.427272727272727,359.3630915404
launch_cost_gbp_per_kg_to_staging_orbit,4207.72727272727,solar_conversion_efficiency,0.427272727272727,367.969566758887
launch_cost_gbp_per_kg_to_staging_orbit,4320.90909090909,solar_conversion_efficiency,0.427272727272727,376.576041977375
launch_cost_gbp_per_kg_to_staging_orbit,4434.09090909091,solar_conversion_efficiency,0.427272727272727,385.182517195862
launch_cost_gbp_per_kg_to_staging_orbit,4547.27272727273,solar_conversion_efficiency,0.427272727272727,393.78899241435
launch_cost_gbp_per_kg_to_staging_orbit,4660.45454545455,solar_conversion_efficiency,0.427272727272727,402.395467632837
launch_cost_gbp_per_kg_to_staging_orbit,4773.63636363636,solar_conversion_efficiency,0.427272727272727,411.001942851325
launch_cost_gbp_per_kg_to_staging_orbit,4886.81818181818,solar_conversion_efficiency,0.427272727272727,419.608418069812
launch_cost_gbp_per_kg_to_staging_orbit,5000,solar_conversion_efficiency,0.427272727272727,428.2148932883
launch_cost_gbp_per_kg_to_staging_orbit,20,solar_conversion_efficiency,0.432954545454545,49.5299836748502
launch_cost_gbp_per_kg_to_staging_orbit,133.181818181818,solar_conversion_efficiency,0.432954545454545,58.1364588933377
launch_cost_gbp_per_kg_to_staging_orbit,246.363636363636,solar_conversion_efficiency,0.432954545454545,66.7429341118252
launch_cost_gbp_per_kg_to_staging_orbit,359.545454545455,solar_conversion_efficiency,0.432954545454545,75.3494093303127
launch_cost_gbp_per_kg_to_staging_orbit,472.727272727273,solar_conversion_efficiency,0.432954545454545,83.9558845488002
launch_cost_gbp_per_kg_to_staging_orbit,585.909090909091,solar_conversion_efficiency,0.432954545454545,92.5623597672877
launch_cost_gbp_per_kg_to_staging_orbit,699.090909090909,solar_conversion_efficiency,0.432954545454545,101.168834985775
launch_cost_gbp_per_kg_to_staging_orbit,812.272727272727,solar_conversion_efficiency,0.432954545454545,109.775310204263
launch_cost_gbp_per_kg_to_staging_orbit,925.454545454545,solar_conversion_efficiency,0.432954545454545,118.38178542275
launch_cost_gbp_per_kg_to_staging_orbit,1038.63636363636,solar_conversion_efficiency,0.432954545454545,126.988260641238
launch_cost_gbp_per_kg_to_staging_orbit,1151.81818181818,solar_conversion_efficiency,0.432954545454545,135.594735859725
launch_cost_gbp_per_kg_to_staging_orbit,1265,solar_conversion_efficiency,0.432954545454545,144.201211078213
launch_cost_gbp_per_kg_to_staging_orbit,1378.18181818182,solar_conversion_efficiency,0.432954545454545,152.8076862967
launch_cost_gbp_per_kg_to_staging_orbit,1491.36363636364,solar_conversion_efficiency,0.432954545454545,161.414161515188
launch_cost_gbp_per_kg_to_staging_orbit,1604.54545454545,solar_conversion_efficiency,0.432954545454545,170.020636733675
launch_cost_gbp_per_kg_to_staging_orbit,1717.72727272727,solar_conversion_efficiency,0.432954545454545,178.627111952163
launch_cost_gbp_per_kg_to_staging_orbit,1830.90909090909,solar_conversion_efficiency,0.432954545454545,187.23358717065
launch_cost_gbp_per_kg_to_staging_orbit,1944.09090909091,solar_conversion_efficiency,0.432954545454545,195.840062389138
launch_cost_gbp_per_kg_to_staging_orbit,2057.27272727273,solar_conversion_efficiency,0.432954545454545,204.446537607625
launch_cost_gbp_per_kg_to_staging_orbit,2170.45454545455,solar_conversion_efficiency,0.432954545454545,213.053012826113
launch_cost_gbp_per_kg_to_staging_orbit,2283.63636363636,solar_conversion_efficiency,0.432954545454545,221.6594880446
launch_cost_gbp_per_kg_to_staging_orbit,2396.81818181818,solar_conversion_efficiency,0.432954545454545,230.265963263088
launch_cost_gbp_per_kg_to_staging_orbit,2510,solar_conversion_efficiency,0.432954545454545,238.872438481575
launch_cost_gbp_per_kg_to_staging_orbit,2623.18181818182,solar_conversion_efficiency,0.432954545454545,247.478913700063
launch_cost_gbp_per_kg_to_staging_orbit,2736.36363636364,solar_conversion_efficiency,0.432954545454545,256.08538891855
launch_cost_gbp_per_kg_to_staging_orbit,2849.54545454545,solar_conversion_efficiency,0.432954545454545,264.691864137037
launch_cost_gbp_per_kg_to_staging_orbit,2962.72727272727,solar_conversion_efficiency,0.432954545454545,273.298339355525
launch_cost_gbp_per_kg_to_staging_orbit,3075.90909090909,solar_conversion_efficiency,0.432954545454545,281.904814574013
launch_cost_gbp_per_kg_to_staging_orbit,3189.09090909091,solar_conversion_efficiency,0.432954545454545,290.5112897925
launch_cost_gbp_per_kg_to_staging_orbit,3302.27272727273,solar_conversion_efficiency,0.432954545454545,299.117765010988
launch_cost_gbp_per_kg_to_staging_orbit,3415.45454545455,solar_conversion_efficiency,0.432954545454545,307.724240229475
launch_cost_gbp_per_kg_to_staging_orbit,3528.63636363636,solar_conversion_efficiency,0.432954545454545,316.330715447963
launch_cost_gbp_per_kg_to_staging_orbit,3641.81818181818,solar_conversion_efficiency,0.432954545454545,324.93719066645
launch_cost_gbp_per_kg_to_staging_orbit,3755,solar_conversion_efficiency,0.432954545454545,333.543665884938
launch_cost_gbp_per_kg_to_staging_orbit,3868.18181818182,solar_conversion_efficiency,0.432954545454545,342.150141103425
launch_cost_gbp_per_kg_to_staging_orbit,3981.36363636364,solar_conversion_efficiency,0.432954545454545,350.756616321913
launch_cost_gbp_per_kg_to_staging_orbit,4094.54545454545,solar_conversion_efficiency,0.432954545454545,359.3630915404
launch_cost_gbp_per_kg_to_staging_orbit,4207.72727272727,solar_conversion_efficiency,0.432954545454545,367.969566758887
launch_cost_gbp_per_kg_to_staging_orbit,4320.90909090909,solar_conversion_efficiency,0.432954545454545,376.576041977375
launch_cost_gbp_per_kg_to_staging_orbit,4434.09090909091,solar_conversion_efficiency,0.432954545454545,385.182517195862
launch_cost_gbp_per_kg_to_staging_orbit,4547.27272727273,solar_conversion_efficiency,0.432954545454545,393.78899241435
launch_cost_gbp_per_kg_to_staging_orbit,4660.45454545455,solar_conversion_efficiency,0.432954545454545,402.395467632837
launch_cost_gbp_per_kg_to_staging_orbit,4773.63636363636,solar_conversion_efficiency,0.432954545454545,411.001942851325
launch_cost_gbp_per_kg_to_staging_orbit,4886.81818181818,solar_conversion_efficiency,0.432954545454545,419.608418069812
launch_cost_gbp_per_kg_to_staging_orbit,5000,solar_conversion_efficiency,0.432954545454545,428.2148932883
launch_cost_gbp_per_kg_to_staging_orbit,20,solar_conversion_efficiency,0.438636363636364,49.5299836748502
launch_cost_gbp_per_kg_to_staging_orbit,133.181818181818,solar_conversion_efficiency,0.438636363636364,58.1364588933377
launch_cost_gbp_per_kg_to_staging_orbit,246.363636363636,solar_conversion_efficiency,0.438636363636364,66.7429341118252
launch_cost_gbp_per_kg_to_staging_orbit,359.545454545455,solar_conversion_efficiency,0.438636363636364,75.3494093303127
launch_cost_gbp_per_kg_to_staging_orbit,472.727272727273,solar_conversion_efficiency,0.438636363636364,83.9558845488002
launch_cost_gbp_per_kg_to_staging_orbit,585.909090909091,solar_conversion_efficiency,0.438636363636364,92.5623597672877
launch_cost_gbp_per_kg_to_staging_orbit,699.090909090909,solar_conversion_efficiency,0.438636363636364,101.168834985775
launch_cost_gbp_per_kg_to_staging_orbit,812.272727272727,solar_conversion_efficiency,0.438636363636364,109.775310204263
launch_cost_gbp_per_kg_to_staging_orbit,925.454545454545,solar_conversion_efficiency,0.438636363636364,118.38178542275
launch_cost_gbp_per_kg_to_staging_orbit,1038.63636363636,solar_conversion_efficiency,0.438636363636364,126.988260641238
launch_cost_gbp_per_kg_to_staging_orbit,1151.81818181818,solar_conversion_efficiency,0.438636363636364,135.594735859725
launch_cost_gbp_per_kg_to_staging_orbit,1265,solar_conversion_efficiency,0.438636363636364,144.201211078213
launch_cost_gbp_per_kg_to_staging_orbit,1378.18181818182,solar_conversion_efficiency,0.438636363636364,152.8076862967
launch_cost_gbp_per_kg_to_staging_orbit,1491.36363636364,solar_conversion_efficiency,0.438636363636364,161.414161515188
launch_cost_gbp_per_kg_to_staging_orbit,1604.54545454545,solar_conversion_efficiency,0.438636363636364,170.020636733675
launch_cost_gbp_per_kg_to_staging_orbit,1717.72727272727,solar_conversion_efficiency,0.438636363636364,178.627111952163
launch_cost_gbp_per_kg_to_staging_orbit,1830.90909090909,solar_conversion_efficiency,0.438636363636364,187.23358717065
launch_cost_gbp_per_kg_to_staging_orbit,1944.09090909091,solar_conversion_efficiency,0.438636363636364,195.840062389138
launch_cost_gbp_per_kg_to_staging_orbit,2057.27272727273,solar_conversion_efficiency,0.438636363636364,204.446537607625
launch_cost_gbp_per_kg_to_staging_orbit,2170.45454545455,solar_conversion_efficiency,0.438636363636364,213.053012826113
launch_cost_gbp_per_kg_to_staging_orbit,2283.63636363636,solar_conversion_efficiency,0.438636363636364,221.6594880446
launch_cost_gbp_per_kg_to_staging_orbit,2396.81818181818,solar_conversion_efficiency,0.438636363636364,230.265963263088
launch_cost_gbp_per_kg_to_staging_orbit,2510,solar_conversion_efficiency,0.438636363636364,238.872438481575
launch_cost_gbp_per_kg_to_staging_orbit,2623.18181818182,solar_conversion_efficiency,0.438636363636364,247.478913700063
launch_cost_gbp_per_kg_to_staging_orbit,2736.36363636364,solar_conversion_efficiency,0.438636363636364,256.08538891855
launch_cost_gbp_per_kg_to_staging_orbit,2849.54545454545,solar_conversion_efficiency,0.438636363636364,264.691864137037
launch_cost_gbp_per_kg_to_staging_orbit,2962.72727272727,solar_conversion_efficiency,0.438636363636364,273.298339355525
launch_cost_gbp_per_kg_to_staging_orbit,3075.90909090909,solar_conversion_efficiency,0.438636363636364,281.904814574013
launch_cost_gbp_per_kg_to_staging_orbit,3189.09090909091,solar_conversion_efficiency,0.438636363636364,290.5112897925
launch_cost_gbp_per_kg_to_staging_orbit,3302.27272727273,solar_conversion_efficiency,0.438636363636364,299.117765010988
launch_cost_gbp_per_kg_to_staging_orbit,3415.45454545455,solar_conversion_efficiency,0.438636363636364,307.724240229475
launch_cost_gbp_per_kg_to_staging_orbit,3528.63636363636,solar_conversion_efficiency,0.438636363636364,316.330715447963
launch_cost_gbp_per_kg_to_staging_orbit,3641.81818181818,solar_conversion_efficiency,0.438636363636364,324.93719066645
launch_cost_gbp_per_kg_to_staging_orbit,3755,solar_conversion_efficiency,0.438636363636364,333.543665884938
launch_cost_gbp_per_kg_to_staging_orbit,3868.18181818182,solar_conversion_efficiency,0.438636363636364,342.150141103425
launch_cost_gbp_per_kg_to_staging_orbit,3981.36363636364,solar_conversion_efficiency,0.438636363636364,350.756616321913
launch_cost_gbp_per_kg_to_staging_orbit,4094.54545454545,solar_conversion_efficiency,0.438636363636364,359.3630915404
launch_cost_gbp_per_kg_to_staging_orbit,4207.72727272727,solar_conversion_efficiency,0.438636363636364,367.969566758887
launch_cost_gbp_per_kg_to_staging_orbit,4320.90909090909,solar_conversion_efficiency,0.438636363636364,376.576041977375
launch_cost_gbp_per_kg_to_staging_orbit,4434.09090909091,solar_conversion_efficiency,0.438636363636364,385.182517195862
launch_cost_gbp_per_kg_to_staging_orbit,4547.27272727273,solar_conversion_efficiency,0.438636363636364,393.78899241435
launch_cost_gbp_per_kg_to_staging_orbit,4660.45454545455,solar_conversion_efficiency,0.438636363636364,402.395467632837
launch_cost_gbp_per_kg_to_staging_orbit,4773.63636363636,solar_conversion_efficiency,0.438636363636364,411.001942851325
launch_cost_gbp_per_kg_to_staging_orbit,4886.81818181818,solar_conversion_efficiency,0.438636363636364,419.608418069812
launch_cost_gbp_per_kg_to_staging_orbit,5000,solar_conversion_efficiency,0.438636363636364,428.2148932883
launch_cost_gbp_per_kg_to_staging_orbit,20,solar_conversion_efficiency,0.444318181818182,49.5299836748502
launch_cost_gbp_per_kg_to_staging_orbit,133.181818181818,solar_conversion_efficiency,0.444318181818182,58.1364588933377
launch_cost_gbp_per_kg_to_staging_orbit,246.363636363636,solar_conversion_efficiency,0.444318181818182,66.7429341118252
launch_cost_gbp_per_kg_to_staging_orbit,359.545454545455,solar_conversion_efficiency,0.444318181818182,75.3494093303127
launch_cost_gbp_per_kg_to_staging_orbit,472.727272727273,solar_conversion_efficiency,0.444318181818182,83.9558845488002
launch_cost_gbp_per_kg_to_staging_orbit,585.909090909091,solar_conversion_efficiency,0.444318181818182,92.5623597672877
launch_cost_gbp_per_kg_to_staging_orbit,699.090909090909,solar_conversion_efficiency,0.444318181818182,101.168834985775
launch_cost_gbp_per_kg_to_staging_orbit,812.272727272727,solar_conversion_efficiency,0.444318181818182,109.775310204263
launch_cost_gbp_per_kg_to_staging_orbit,925.454545454545,solar_conversion_efficiency,0.444318181818182,118.38178542275
launch_cost_gbp_per_kg_to_staging_orbit,1038.63636363636,solar_conversion_efficiency,0.444318181818182,126.988260641238
launch_cost_gbp_per_kg_to_staging_orbit,1151.81818181818,solar_conversion_efficiency,0.444318181818182,135.594735859725
launch_cost_gbp_per_kg_to_staging_orbit,1265,solar_conversion_efficiency,0.444318181818182,144.201211078213
launch_cost_gbp_per_kg_to_staging_orbit,1378.18181818182,solar_conversion_efficiency,0.444318181818182,152.8076862967
launch_cost_gbp_per_kg_to_staging_orbit,1491.36363636364,solar_conversion_efficiency,0.444318181818182,161.414161515188
launch_cost_gbp_per_kg_to_staging_orbit,1604.54545454545,solar_conversion_efficiency,0.444318181818182,170.020636733675
launch_cost_gbp_per_kg_to_staging_orbit,1717.72727272727,solar_conversion_efficiency,0.444318181818182,178.627111952163
launch_cost_gbp_per_kg_to_staging_orbit,1830.90909090909,solar_conversion_efficiency,0.444318181818182,187.23358717065
launch_cost_gbp_per_kg_to_staging_orbit,1944.09090909091,solar_conversion_efficiency,0.444318181818182,195.840062389138
launch_cost_gbp_per_kg_to_staging_orbit,2057.27272727273,solar_conversion_efficiency,0.444318181818182,204.446537607625
launch_cost_gbp_per_kg_to_staging_orbit,2170.45454545455,solar_conversion_efficiency,0.444318181818182,213.053012826113
launch_cost_gbp_per_kg_to_staging_orbit,2283.63636363636,solar_conversion_efficiency,0.444318181818182,221.6594880446
launch_cost_gbp_per_kg_to_staging_orbit,2396.81818181818,solar_conversion_efficiency,0.444318181818182,230.265963263088
launch_cost_gbp_per_kg_to_staging_orbit,2510,solar_conversion_efficiency,0.444318181818182,238.872438481575
launch_cost_gbp_per_kg_to_staging_orbit,2623.18181818182,solar_conversion_efficiency,0.444318181818182,247.478913700063
launch_cost_gbp_per_kg_to_staging_orbit,2736.36363636364,solar_conversion_efficiency,0.444318181818182,256.08538891855
launch_cost_gbp_per_kg_to_staging_orbit,2849.54545454545,solar_conversion_efficiency,0.444318181818182,264.691864137037
launch_cost_gbp_per_kg_to_staging_orbit,2962.72727272727,solar_conversion_efficiency,0.444318181818182,273.298339355525
launch_cost_gbp_per_kg_to_staging_orbit,3075.90909090909,solar_conversion_efficiency,0.444318181818182,281.904814574013
launch_cost_gbp_per_kg_to_staging_orbit,3189.09090909091,solar_conversion_efficiency,0.444318181818182,290.5112897925
launch_cost_gbp_per_kg_to_staging_orbit,3302.27272727273,solar_conversion_efficiency,0.444318181818182,299.117765010988
launch_cost_gbp_per_kg_to_staging_orbit,3415.45454545455,solar_conversion_efficiency,0.444318181818182,307.724240229475
launch_cost_gbp_per_kg_to_staging_orbit,3528.63636363636,solar_conversion_efficiency,0.444318181818182,316.330715447963
launch_cost_gbp_per_kg_to_staging_orbit,3641.81818181818,solar_conversion_efficiency,0.444318181818182,324.93719066645
launch_cost_gbp_per_kg_to_staging_orbit,3755,solar_conversion_efficiency,0.444318181818182,333.543665884938
launch_cost_gbp_per_kg_to_staging_orbit,3868.18181818182,solar_conversion_efficiency,0.444318181818182,342.150141103425
launch_cost_gbp_per_kg_to_staging_orbit,3981.36363636364,solar_conversion_efficiency,0.444318181818182,350.756616321913
launch_cost_gbp_per_kg_to_staging_orbit,4094.54545454545,solar_conversion_efficiency,0.444318181818182,359.3630915404
launch_cost_gbp_per_kg_to_staging_orbit,4207.72727272727,solar_conversion_efficiency,0.444318181818182,367.969566758887
launch_cost_gbp_per_kg_to_staging_orbit,4320.90909090909,solar_conversion_efficiency,0.444318181818182,376.576041977375
launch_cost_gbp_per_kg_to_staging_orbit,4434.09090909091,solar_conversion_efficiency,0.444318181818182,385.182517195862
launch_cost_gbp_per_kg_to_staging_orbit,4547.27272727273,solar_conversion_efficiency,0.444318181818182,393.78899241435
launch_cost_gbp_per_kg_to_staging_orbit,4660.45454545455,solar_conversion_efficiency,0.444318181818182,402.395467632837
launch_cost_gbp_per_kg_to_staging_orbit,4773.63636363636,solar_conversion_efficiency,0.444318181818182,411.001942851325
launch_cost_gbp_per_kg_to_staging_orbit,4886.81818181818,solar_conversion_efficiency,0.444318181818182,419.608418069812
launch_cost_gbp_per_kg_to_staging_orbit,5000,solar_conversion_efficiency,0.444318181818182,428.2148932883
launch_cost_gbp_per_kg_to_staging_orbit,20,solar_conversion_efficiency,0.45,49.5299836748502
launch_cost_gbp_per_kg_to_staging_orbit,133.181818181818,solar_conversion_efficiency,0.45,58.1364588933377
launch_cost_gbp_per_kg_to_staging_orbit,246.363636363636,solar_conversion_efficiency,0.45,66.7429341118252
launch_cost_gbp_per_kg_to_staging_orbit,359.545454545455,solar_conversion_efficiency,0.45,75.3494093303127
launch_cost_gbp_per_kg_to_staging_orbit,472.727272727273,solar_conversion_efficiency,0.45,83.9558845488002
launch_cost_gbp_per_kg_to_staging_orbit,585.909090909091,solar_conversion_efficiency,0.45,92.5623597672877
launch_cost_gbp_per_kg_to_staging_orbit,699.090909090909,solar_conversion_efficiency,0.45,101.168834985775
launch_cost_gbp_per_kg_to_staging_orbit,812.272727272727,solar_conversion_efficiency,0.45,109.775310204263
launch_cost_gbp_per_kg_to_staging_orbit,925.454545454545,solar_conversion_efficiency,0.45,118.38178542275
launch_cost_gbp_per_kg_to_staging_orbit,1038.63636363636,solar_conversion_efficiency,0.45,126.988260641238
launch_cost_gbp_per_kg_to_staging_orbit,1151.81818181818,solar_conversion_efficiency,0.45,135.594735859725
launch_cost_gbp_per_kg_to_staging_orbit,1265,solar_conversion_efficiency,0.45,144.201211078213
launch_cost_gbp_per_kg_to_staging_orbit,1378.18181818182,solar_conversion_efficiency,0.45,152.8076862967
launch_cost_gbp_per_kg_to_staging_orbit,1491.36363636364,solar_conversion_efficiency,0.45,161.414161515188
launch_cost_gbp_per_kg_to_staging_orbit,1604.54545454545,solar_conversion_efficiency,0.45,170.020636733675
launch_cost_gbp_per_kg_to_staging_orbit,1717.72727272727,solar_conversion_efficiency,0.45,178.627111952163
launch_cost_gbp_per_kg_to_staging_orbit,1830.90909090909,solar_conversion_efficiency,0.45,187.23358717065
launch_cost_gbp_per_kg_to_staging_orbit,1944.09090909091,solar_conversion_efficiency,0.45,195.840062389138
launch_cost_gbp_per_kg_to_staging_orbit,2057.27272727273,solar_conversion_efficiency,0.45,204.446537607625
launch_cost_gbp_per_kg_to_staging_orbit,2170.45454545455,solar_conversion_efficiency,0.45,213.053012826113
launch_cost_gbp_per_kg_to_staging_orbit,2283.63636363636,solar_conversion_efficiency,0.45,221.6594880446
launch_cost_gbp_per_kg_to_staging_orbit,2396.81818181818,solar_conversion_efficiency,0.45,230.265963263088
launch_cost_gbp_per_kg_to_staging_orbit,2510,solar_conversion_efficiency,0.45,238.872438481575
launch_cost_gbp_per_kg_to_staging_orbit,2623.18181818182,solar_conversion_efficiency,0.45,247.478913700063
launch_cost_gbp_per_kg_to_staging_orbit,2736.36363636364,solar_conversion_efficiency,0.45,256.08538891855
launch_cost_gbp_per_kg_to_staging_orbit,2849.54545454545,solar_conversion_efficiency,0.45,264.691864137037
launch_cost_gbp_per_kg_to_staging_orbit,2962.72727272727,solar_conversion_efficiency,0.45,273.298339355525
launch_cost_gbp_per_kg_to_staging_orbit,3075.90909090909,solar_conversion_efficiency,0.45,281.904814574013
launch_cost_gbp_per_kg_to_staging_orbit,3189.09090909091,solar_conversion_efficiency,0.45,290.5112897925
launch_cost_gbp_per_kg_to_staging_orbit,3302.27272727273,solar_conversion_efficiency,0.45,299.117765010988
launch_cost_gbp_per_kg_to_staging_orbit,3415.45454545455,solar_conversion_efficiency,0.45,307.724240229475
launch_cost_gbp_per_kg_to_staging_orbit,3528.63636363636,solar_conversion_efficiency,0.45,316.330715447963
launch_cost_gbp_per_kg_to_staging_orbit,3641.81818181818,solar_conversion_efficiency,0.45,324.93719066645
launch_cost_gbp_per_kg_to_staging_orbit,3755,solar_conversion_efficiency,0.45,333.543665884938
launch_cost_gbp_per_kg_to_staging_orbit,3868.18181818182,solar_conversion_efficiency,0.45,342.150141103425
launch_cost_gbp_per_kg_to_staging_orbit,3981.36363636364,solar_conversion_efficiency,0.45,350.756616321913
launch_cost_gbp_per_kg_to_staging_orbit,4094.54545454545,solar_conversion_efficiency,0.45,359.3630915404
launch_cost_gbp_per_kg_to_staging_orbit,4207.72727272727,solar_conversion_efficiency,0.45,367.969566758887
launch_cost_gbp_per_kg_to_staging_orbit,4320.90909090909,solar_conversion_efficiency,0.45,376.576041977375
launch_cost_gbp_per_kg_to_staging_orbit,4434.09090909091,solar_conversion_efficiency,0.45,385.182517195862
launch_cost_gbp_per_kg_to_staging_orbit,4547.27272727273,solar_conversion_efficiency,0.45,393.78899241435
launch_cost_gbp_per_kg_to_staging_orbit,4660.45454545455,solar_conversion_efficiency,0.45,402.395467632837
launch_cost_gbp_per_kg_to_staging_orbit,4773.63636363636,solar_conversion_efficiency,0.45,411.001942851325
launch_cost_gbp_per_kg_to_staging_orbit,4886.81818181818,solar_conversion_efficiency,0.45,419.608418069812
launch_cost_gbp_per_kg_to_staging_orbit,5000,solar_conversion_efficiency,0.45,428.2148932883
real_discount_rate,0.03,space_generation_hardware_cost_gbp_per_w_dc,0.05,47.861583960442
real_discount_rate,0.0338636363636364,space_generation_hardware_cost_gbp_per_w_dc,0.05,50.2211526202708
real_discount_rate,0.0377272727272727,space_generation_hardware_cost_gbp_per_w_dc,0.05,52.6698816901747
real_discount_rate,0.0415909090909091,space_generation_hardware_cost_gbp_per_w_dc,0.05,55.208051603863
real_discount_rate,0.0454545454545455,space_generation_hardware_cost_gbp_per_w_dc,0.05,57.8358586069659
real_discount_rate,0.0493181818181818,space_generation_hardware_cost_gbp_per_w_dc,0.05,60.5534227083896
real_discount_rate,0.0531818181818182,space_generation_hardware_cost_gbp_per_w_dc,0.05,63.3607958074131
real_discount_rate,0.0570454545454545,space_generation_hardware_cost_gbp_per_w_dc,0.05,66.257969882238
real_discount_rate,0.0609090909090909,space_generation_hardware_cost_gbp_per_w_dc,0.05,69.2448851349339
real_discount_rate,0.0647727272727273,space_generation_hardware_cost_gbp_per_w_dc,0.05,72.3214379982084
real_discount_rate,0.0686363636363636,space_generation_hardware_cost_gbp_per_w_dc,0.05,75.4874889207698
real_discount_rate,0.0725,space_generation_hardware_cost_gbp_per_w_dc,0.05,78.7428698598415
real_discount_rate,0.0763636363636364,space_generation_hardware_cost_gbp_per_w_dc,0.05,82.0873914212991
real_discount_rate,0.0802272727272727,space_generation_hardware_cost_gbp_per_w_dc,0.05,85.5208495995978
real_discount_rate,0.0840909090909091,space_generation_hardware_cost_gbp_per_w_dc,0.05,89.0430320809054
real_discount_rate,0.0879545454545455,space_generation_hardware_cost_gbp_per_w_dc,0.05,92.6537240834302
real_discount_rate,0.0918181818181818,space_generation_hardware_cost_gbp_per_w_dc,0.05,96.3527137186789
real_discount_rate,0.0956818181818182,space_generation_hardware_cost_gbp_per_w_dc,0.05,100.13979686619
real_discount_rate,0.0995454545454545,space_generation_hardware_cost_gbp_per_w_dc,0.05,104.014781562086
real_discount_rate,0.103409090909091,space_generation_hardware_cost_gbp_per_w_dc,0.05,107.977491908539
real_discount_rate,0.107272727272727,space_generation_hardware_cost_gbp_per_w_dc,0.05,112.027771516996
real_discount_rate,0.111136363636364,space_generation_hardware_cost_gbp_per_w_dc,0.05,116.165486502684
real_discount_rate,0.115,space_generation_hardware_cost_gbp_per_w_dc,0.05,120.390528051721
real_discount_rate,0.118863636363636,space_generation_hardware_cost_gbp_per_w_dc,0.05,124.702814585011
real_discount_rate,0.122727272727273,space_generation_hardware_cost_gbp_per_w_dc,0.05,129.102293545172
real_discount_rate,0.126590909090909,space_generation_hardware_cost_gbp_per_w_dc,0.05,133.588942834084
real_discount_rate,0.130454545454545,space_generation_hardware_cost_gbp_per_w_dc,0.05,138.162771929356
real_discount_rate,0.134318181818182,space_generation_hardware_cost_gbp_per_w_dc,0.05,142.823822708167
real_discount_rate,0.138181818181818,space_generation_hardware_cost_gbp_per_w_dc,0.05,147.572170006618
real_discount_rate,0.142045454545455,space_generation_hardware_cost_gbp_per_w_dc,0.05,152.407921942073
real_discount_rate,0.145909090909091,space_generation_hardware_cost_gbp_per_w_dc,0.05,157.331220024937
real_discount_rate,0.149772727272727,space_generation_hardware_cost_gbp_per_w_dc,0.05,162.342239085126
real_discount_rate,0.153636363636364,space_generation_hardware_cost_gbp_per_w_dc,0.05,167.441187037051
real_discount_rate,0.1575,space_generation_hardware_cost_gbp_per_w_dc,0.05,172.628304505425
real_discount_rate,0.161363636363636,space_generation_hardware_cost_gbp_per_w_dc,0.05,177.903864332596
real_discount_rate,0.165227272727273,space_generation_hardware_cost_gbp_per_w_dc,0.05,183.268170986472
real_discount_rate,0.169090909090909,space_generation_hardware_cost_gbp_per_w_dc,0.05,188.721559886459
real_discount_rate,0.172954545454545,space_generation_hardware_cost_gbp_per_w_dc,0.05,194.264396663235
real_discount_rate,0.176818181818182,space_generation_hardware_cost_gbp_per_w_dc,0.05,199.897076366601
real_discount_rate,0.180681818181818,space_generation_hardware_cost_gbp_per_w_dc,0.05,205.620022634142
real_discount_rate,0.184545454545455,space_generation_hardware_cost_gbp_per_w_dc,0.05,211.433686832044
real_discount_rate,0.188409090909091,space_generation_hardware_cost_gbp_per_w_dc,0.05,217.338547178002
real_discount_rate,0.192272727272727,space_generation_hardware_cost_gbp_per_w_dc,0.05,223.335107854978
real_discount_rate,0.196136363636364,space_generation_hardware_cost_gbp_per_w_dc,0.05,229.423898123354
real_discount_rate,0.2,space_generation_hardware_cost_gbp_per_w_dc,0.05,235.605471437982
real_discount_rate,0.03,space_generation_hardware_cost_gbp_per_w_dc,0.1625,50.7827171882201
real_discount_rate,0.0338636363636364,space_generation_hardware_cost_gbp_per_w_dc,0.1625,53.2787425140133
real_discount_rate,0.0377272727272727,space_generation_hardware_cost_gbp_per_w_dc,0.1625,55.8691076262254
real_discount_rate,0.0415909090909091,space_generation_hardware_cost_gbp_per_w_dc,0.1625,58.5541095372402
real_discount_rate,0.0454545454545455,space_generation_hardware_cost_gbp_per_w_dc,0.1625,61.3339561512295
real_discount_rate,0.0493181818181818,space_generation_hardware_cost_gbp_per_w_dc,0.1625,64.2087746771066
real_discount_rate,0.0531818181818182,space_generation_hardware_cost_gbp_per_w_dc,0.1625,67.1786202277116
real_discount_rate,0.0570454545454545,space_generation_hardware_cost_gbp_per_w_dc,0.1625,70.243484484281
real_discount_rate,0.0609090909090909,space_generation_hardware_cost_gbp_per_w_dc,0.1625,73.4033043150179
real_discount_rate,0.0647727272727273,space_generation_hardware_cost_gbp_per_w_dc,0.1625,76.6579702476722
real_discount_rate,0.0686363636363636,space_generation_hardware_cost_gbp_per_w_dc,0.1625,80.0073347080364
real_discount_rate,0.0725,space_generation_hardware_cost_gbp_per_w_dc,0.1625,83.4512199487412
real_discount_rate,0.0763636363636364,space_generation_hardware_cost_gbp_per_w_dc,0.1625,86.9894256053367
real_discount_rate,0.0802272727272727,space_generation_hardware_cost_gbp_per_w_dc,0.1625,90.6217358290212
real_discount_rate,0.0840909090909091,space_generation_hardware_cost_gbp_per_w_dc,0.1625,94.3479259572847
real_discount_rate,0.0879545454545455,space_generation_hardware_cost_gbp_per_w_dc,0.1625,98.1677686949217
real_discount_rate,0.0918181818181818,space_generation_hardware_cost_gbp_per_w_dc,0.1625,102.081039788181
real_discount_rate,0.0956818181818182,space_generation_hardware_cost_gbp_per_w_dc,0.1625,106.087523184149
real_discount_rate,0.0995454545454545,space_generation_hardware_cost_gbp_per_w_dc,0.1625,110.187015675706
real_discount_rate,0.103409090909091,space_generation_hardware_cost_gbp_per_w_dc,0.1625,114.379331039556
real_discount_rate,0.107272727272727,space_generation_hardware_cost_gbp_per_w_dc,0.1625,118.664303680898
real_discount_rate,0.111136363636364,space_generation_hardware_cost_gbp_per_w_dc,0.1625,123.041791803276
real_discount_rate,0.115,space_generation_hardware_cost_gbp_per_w_dc,0.1625,127.511680126156
real_discount_rate,0.118863636363636,space_generation_hardware_cost_gbp_per_w_dc,0.1625,132.07388217581
real_discount_rate,0.122727272727273,space_generation_hardware_cost_gbp_per_w_dc,0.1625,136.72834217727
real_discount_rate,0.126590909090909,space_generation_hardware_cost_gbp_per_w_dc,0.1625,141.475036576539
real_discount_rate,0.130454545454545,space_generation_hardware_cost_gbp_per_w_dc,0.1625,146.313975223004
real_discount_rate,0.134318181818182,space_generation_hardware_cost_gbp_per_w_dc,0.1625,151.245202242149
real_discount_rate,0.138181818181818,space_generation_hardware_cost_gbp_per_w_dc,0.1625,156.268796628346
real_discount_rate,0.142045454545455,space_generation_hardware_cost_gbp_per_w_dc,0.1625,161.384872586792
real_discount_rate,0.145909090909091,space_generation_hardware_cost_gbp_per_w_dc,0.1625,166.593579652582
real_discount_rate,0.149772727272727,space_generation_hardware_cost_gbp_per_w_dc,0.1625,171.895102613642
real_discount_rate,0.153636363636364,space_generation_hardware_cost_gbp_per_w_dc,0.1625,177.289661262726
real_discount_rate,0.1575,space_generation_hardware_cost_gbp_per_w_dc,0.1625,182.777510002094
real_discount_rate,0.161363636363636,space_generation_hardware_cost_gbp_per_w_dc,0.1625,188.358937322758
real_discount_rate,0.165227272727273,space_generation_hardware_cost_gbp_per_w_dc,0.1625,194.034265178507
real_discount_rate,0.169090909090909,space_generation_hardware_cost_gbp_per_w_dc,0.1625,199.803848273111
real_discount_rate,0.172954545454545,space_generation_hardware_cost_gbp_per_w_dc,0.1625,205.66807327748
real_discount_rate,0.176818181818182,space_generation_hardware_cost_gbp_per_w_dc,0.1625,211.627357991822
real_discount_rate,0.180681818181818,space_generation_hardware_cost_gbp_per_w_dc,0.1625,217.682150466309
real_discount_rate,0.184545454545455,space_generation_hardware_cost_gbp_per_w_dc,0.1625,223.832928092218
real_discount_rate,0.188409090909091,space_generation_hardware_cost_gbp_per_w_dc,0.1625,230.080196674112
real_discount_rate,0.192272727272727,space_generation_hardware_cost_gbp_per_w_dc,0.1625,236.424489492277
real_discount_rate,0.196136363636364,space_generation_hardware_cost_gbp_per_w_dc,0.1625,242.866366363452
real_discount_rate,0.2,space_generation_hardware_cost_gbp_per_w_dc,0.1625,249.406412706705
real_discount_rate,0.03,space_generation_hardware_cost_gbp_per_w_dc,0.275,53.7038504159982
real_discount_rate,0.0338636363636364,space_generation_hardware_cost_gbp_per_w_dc,0.275,56.3363324077557
real_discount_rate,0.0377272727272727,space_generation_hardware_cost_gbp_per_w_dc,0.275,59.0683335622761
real_discount_rate,0.0415909090909091,space_generation_hardware_cost_gbp_per_w_dc,0.275,61.9001674706173
real_discount_rate,0.0454545454545455,space_generation_hardware_cost_gbp_per_w_dc,0.275,64.8320536954931
real_discount_rate,0.0493181818181818,space_generation_hardware_cost_gbp_per_w_dc,0.275,67.8641266458237
real_discount_rate,0.0531818181818182,space_generation_hardware_cost_gbp_per_w_dc,0.275,70.9964446480101
real_discount_rate,0.0570454545454545,space_generation_hardware_cost_gbp_per_w_dc,0.275,74.228999086324
real_discount_rate,0.0609090909090909,space_generation_hardware_cost_gbp_per_w_dc,0.275,77.561723495102
real_discount_rate,0.0647727272727273,space_generation_hardware_cost_gbp_per_w_dc,0.275,80.994502497136
real_discount_rate,0.0686363636363636,space_generation_hardware_cost_gbp_per_w_dc,0.275,84.5271804953029
real_discount_rate,0.0725,space_generation_hardware_cost_gbp_per_w_dc,0.275,88.1595700376408
real_discount_rate,0.0763636363636364,space_generation_hardware_cost_gbp_per_w_dc,0.275,91.8914597893742
real_discount_rate,0.0802272727272727,space_generation_hardware_cost_gbp_per_w_dc,0.275,95.7226220584446
real_discount_rate,0.0840909090909091,space_generation_hardware_cost_gbp_per_w_dc,0.275,99.6528198336641
real_discount_rate,0.0879545454545455,space_generation_hardware_cost_gbp_per_w_dc,0.275,103.681813306413
real_discount_rate,0.0918181818181818,space_generation_hardware_cost_gbp_per_w_dc,0.275,107.809365857684
real_discount_rate,0.0956818181818182,space_generation_hardware_cost_gbp_per_w_dc,0.275,112.035249502108
real_discount_rate,0.0995454545454545,space_generation_hardware_cost_gbp_per_w_dc,0.275,116.359249789326
real_discount_rate,0.103409090909091,space_generation_hardware_cost_gbp_per_w_dc,0.275,120.781170170573
real_discount_rate,0.107272727272727,space_generation_hardware_cost_gbp_per_w_dc,0.275,125.3008358448
real_discount_rate,0.111136363636364,space_generation_hardware_cost_gbp_per_w_dc,0.275,129.918097103867
real_discount_rate,0.115,space_generation_hardware_cost_gbp_per_w_dc,0.275,134.632832200591
real_discount_rate,0.118863636363636,space_generation_hardware_cost_gbp_per_w_dc,0.275,139.44494976661
real_discount_rate,0.122727272727273,space_generation_hardware_cost_gbp_per_w_dc,0.275,144.354390809368
real_discount_rate,0.126590909090909,space_generation_hardware_cost_gbp_per_w_dc,0.275,149.361130318994
real_discount_rate,0.130454545454545,space_generation_hardware_cost_gbp_per_w_dc,0.275,154.465178516652
real_discount_rate,0.134318181818182,space_generation_hardware_cost_gbp_per_w_dc,0.275,159.666581776131
real_discount_rate,0.138181818181818,space_generation_hardware_cost_gbp_per_w_dc,0.275,164.965423250074
real_discount_rate,0.142045454545455,space_generation_hardware_cost_gbp_per_w_dc,0.275,170.361823231511
real_discount_rate,0.145909090909091,space_generation_hardware_cost_gbp_per_w_dc,0.275,175.855939280226
real_discount_rate,0.149772727272727,space_generation_hardware_cost_gbp_per_w_dc,0.275,181.447966142157
real_discount_rate,0.153636363636364,space_generation_hardware_cost_gbp_per_w_dc,0.275,187.138135488402
real_discount_rate,0.1575,space_generation_hardware_cost_gbp_per_w_dc,0.275,192.926715498763
real_discount_rate,0.161363636363636,space_generation_hardware_cost_gbp_per_w_dc,0.275,198.814010312921
real_discount_rate,0.165227272727273,space_generation_hardware_cost_gbp_per_w_dc,0.275,204.800359370542
real_discount_rate,0.169090909090909,space_generation_hardware_cost_gbp_per_w_dc,0.275,210.886136659764
real_discount_rate,0.172954545454545,space_generation_hardware_cost_gbp_per_w_dc,0.275,217.071749891724
real_discount_rate,0.176818181818182,space_generation_hardware_cost_gbp_per_w_dc,0.275,223.357639617043
real_discount_rate,0.180681818181818,space_generation_hardware_cost_gbp_per_w_dc,0.275,229.744278298475
real_discount_rate,0.184545454545455,space_generation_hardware_cost_gbp_per_w_dc,0.275,236.232169352393
real_discount_rate,0.188409090909091,space_generation_hardware_cost_gbp_per_w_dc,0.275,242.821846170221
real_discount_rate,0.192272727272727,space_generation_hardware_cost_gbp_per_w_dc,0.275,249.513871129575
real_discount_rate,0.196136363636364,space_generation_hardware_cost_gbp_per_w_dc,0.275,256.308834603551
real_discount_rate,0.2,space_generation_hardware_cost_gbp_per_w_dc,0.275,263.207353975428
real_discount_rate,0.03,space_generation_hardware_cost_gbp_per_w_dc,0.3875,56.6249836437763
real_discount_rate,0.0338636363636364,space_generation_hardware_cost_gbp_per_w_dc,0.3875,59.3939223014982
real_discount_rate,0.0377272727272727,space_generation_hardware_cost_gbp_per_w_dc,0.3875,62.2675594983268
real_discount_rate,0.0415909090909091,space_generation_hardware_cost_gbp_per_w_dc,0.3875,65.2462254039944
real_discount_rate,0.0454545454545455,space_generation_hardware_cost_gbp_per_w_dc,0.3875,68.3301512397567
real_discount_rate,0.0493181818181818,space_generation_hardware_cost_gbp_per_w_dc,0.3875,71.5194786145408
real_discount_rate,0.0531818181818182,space_generation_hardware_cost_gbp_per_w_dc,0.3875,74.8142690683086
real_discount_rate,0.0570454545454545,space_generation_hardware_cost_gbp_per_w_dc,0.3875,78.2145136883669
real_discount_rate,0.0609090909090909,space_generation_hardware_cost_gbp_per_w_dc,0.3875,81.720142675186
real_discount_rate,0.0647727272727273,space_generation_hardware_cost_gbp_per_w_dc,0.3875,85.3310347465998
real_discount_rate,0.0686363636363636,space_generation_hardware_cost_gbp_per_w_dc,0.3875,89.0470262825694
real_discount_rate,0.0725,space_generation_hardware_cost_gbp_per_w_dc,0.3875,92.8679201265405
real_discount_rate,0.0763636363636364,space_generation_hardware_cost_gbp_per_w_dc,0.3875,96.7934939734118
real_discount_rate,0.0802272727272727,space_generation_hardware_cost_gbp_per_w_dc,0.3875,100.823508287868
real_discount_rate,0.0840909090909091,space_generation_hardware_cost_gbp_per_w_dc,0.3875,104.957713710043
real_discount_rate,0.0879545454545455,space_generation_hardware_cost_gbp_per_w_dc,0.3875,109.195857917905
real_discount_rate,0.0918181818181818,space_generation_hardware_cost_gbp_per_w_dc,0.3875,113.537691927186
real_discount_rate,0.0956818181818182,space_generation_hardware_cost_gbp_per_w_dc,0.3875,117.982975820067
real_discount_rate,0.0995454545454545,space_generation_hardware_cost_gbp_per_w_dc,0.3875,122.531483902946
real_discount_rate,0.103409090909091,space_generation_hardware_cost_gbp_per_w_dc,0.3875,127.18300930159
real_discount_rate,0.107272727272727,space_generation_hardware_cost_gbp_per_w_dc,0.3875,131.937368008702
real_discount_rate,0.111136363636364,space_generation_hardware_cost_gbp_per_w_dc,0.3875,136.794402404459
real_discount_rate,0.115,space_generation_hardware_cost_gbp_per_w_dc,0.3875,141.753984275026
real_discount_rate,0.118863636363636,space_generation_hardware_cost_gbp_per_w_dc,0.3875,146.816017357409
real_discount_rate,0.122727272727273,space_generation_hardware_cost_gbp_per_w_dc,0.3875,151.980439441467
real_discount_rate,0.126590909090909,space_generation_hardware_cost_gbp_per_w_dc,0.3875,157.247224061449
real_discount_rate,0.130454545454545,space_generation_hardware_cost_gbp_per_w_dc,0.3875,162.616381810299
real_discount_rate,0.134318181818182,space_generation_hardware_cost_gbp_per_w_dc,0.3875,168.087961310113
real_discount_rate,0.138181818181818,space_generation_hardware_cost_gbp_per_w_dc,0.3875,173.662049871803
real_discount_rate,0.142045454545455,space_generation_hardware_cost_gbp_per_w_dc,0.3875,179.33877387623
real_discount_rate,0.145909090909091,space_generation_hardware_cost_gbp_per_w_dc,0.3875,185.118298907871
real_discount_rate,0.149772727272727,space_generation_hardware_cost_gbp_per_w_dc,0.3875,191.000829670673
real_discount_rate,0.153636363636364,space_generation_hardware_cost_gbp_per_w_dc,0.3875,196.986609714077
real_discount_rate,0.1575,space_generation_hardware_cost_gbp_per_w_dc,0.3875,203.075920995431
real_discount_rate,0.161363636363636,space_generation_hardware_cost_gbp_per_w_dc,0.3875,209.269083303083
real_discount_rate,0.165227272727273,space_generation_hardware_cost_gbp_per_w_dc,0.3875,215.566453562577
real_discount_rate,0.169090909090909,space_generation_hardware_cost_gbp_per_w_dc,0.3875,221.968425046416
real_discount_rate,0.172954545454545,space_generation_hardware_cost_gbp_per_w_dc,0.3875,228.475426505969
real_discount_rate,0.176818181818182,space_generation_hardware_cost_gbp_per_w_dc,0.3875,235.087921242264
real_discount_rate,0.180681818181818,space_generation_hardware_cost_gbp_per_w_dc,0.3875,241.806406130641
real_discount_rate,0.184545454545455,space_generation_hardware_cost_gbp_per_w_dc,0.3875,248.631410612567
real_discount_rate,0.188409090909091,space_generation_hardware_cost_gbp_per_w_dc,0.3875,255.563495666331
real_discount_rate,0.192272727272727,space_generation_hardware_cost_gbp_per_w_dc,0.3875,262.603252766874
real_discount_rate,0.196136363636364,space_generation_hardware_cost_gbp_per_w_dc,0.3875,269.751302843649
real_discount_rate,0.2,space_generation_hardware_cost_gbp_per_w_dc,0.3875,277.008295244151
real_discount_rate,0.03,space_generation_hardware_cost_gbp_per_w_dc,0.5,59.5461168715544
real_discount_rate,0.0338636363636364,space_generation_hardware_cost_gbp_per_w_dc,0.5,62.4515121952406
real_discount_rate,0.0377272727272727,space_generation_hardware_cost_gbp_per_w_dc,0.5,65.4667854343775
real_discount_rate,0.0415909090909091,space_generation_hardware_cost_gbp_per_w_dc,0.5,68.5922833373716
real_discount_rate,0.0454545454545455,space_generation_hardware_cost_gbp_per_w_dc,0.5,71.8282487840203
real_discount_rate,0.0493181818181818,space_generation_hardware_cost_gbp_per_w_dc,0.5,75.1748305832578
real_discount_rate,0.0531818181818182,space_generation_hardware_cost_gbp_per_w_dc,0.5,78.6320934886071
real_discount_rate,0.0570454545454545,space_generation_hardware_cost_gbp_per_w_dc,0.5,82.2000282904099
real_discount_rate,0.0609090909090909,space_generation_hardware_cost_gbp_per_w_dc,0.5,85.8785618552701
real_discount_rate,0.0647727272727273,space_generation_hardware_cost_gbp_per_w_dc,0.5,89.6675669960637
real_discount_rate,0.0686363636363636,space_generation_hardware_cost_gbp_per_w_dc,0.5,93.5668720698359
real_discount_rate,0.0725,space_generation_hardware_cost_gbp_per_w_dc,0.5,97.5762702154401
real_discount_rate,0.0763636363636364,space_generation_hardware_cost_gbp_per_w_dc,0.5,101.695528157449
real_discount_rate,0.0802272727272727,space_generation_hardware_cost_gbp_per_w_dc,0.5,105.924394517291
real_discount_rate,0.0840909090909091,space_generation_hardware_cost_gbp_per_w_dc,0.5,110.262607586423
real_discount_rate,0.0879545454545455,space_generation_hardware_cost_gbp_per_w_dc,0.5,114.709902529396
real_discount_rate,0.0918181818181818,space_generation_hardware_cost_gbp_per_w_dc,0.5,119.266017996688
real_discount_rate,0.0956818181818182,space_generation_hardware_cost_gbp_per_w_dc,0.5,123.930702138027
real_discount_rate,0.0995454545454545,space_generation_hardware_cost_gbp_per_w_dc,0.5,128.703718016567
real_discount_rate,0.103409090909091,space_generation_hardware_cost_gbp_per_w_dc,0.5,133.584848432607
real_discount_rate,0.107272727272727,space_generation_hardware_cost_gbp_per_w_dc,0.5,138.573900172604
real_discount_rate,0.111136363636364,space_generation_hardware_cost_gbp_per_w_dc,0.5,143.670707705051
real_discount_rate,0.115,space_generation_hardware_cost_gbp_per_w_dc,0.5,148.875136349461
real_discount_rate,0.118863636363636,space_generation_hardware_cost_gbp_per_w_dc,0.5,154.187084948209
real_discount_rate,0.122727272727273,space_generation_hardware_cost_gbp_per_w_dc,0.5,159.606488073565
real_discount_rate,0.126590909090909,space_generation_hardware_cost_gbp_per_w_dc,0.5,165.133317803904
real_discount_rate,0.130454545454545,space_generation_hardware_cost_gbp_per_w_dc,0.5,170.767585103947
real_discount_rate,0.134318181818182,space_generation_hardware_cost_gbp_per_w_dc,0.5,176.509340844095
real_discount_rate,0.138181818181818,space_generation_hardware_cost_gbp_per_w_dc,0.5,182.358676493531
real_discount_rate,0.142045454545455,space_generation_hardware_cost_gbp_per_w_dc,0.5,188.315724520949
real_discount_rate,0.145909090909091,space_generation_hardware_cost_gbp_per_w_dc,0.5,194.380658535516
real_discount_rate,0.149772727272727,space_generation_hardware_cost_gbp_per_w_dc,0.5,200.553693199188
real_discount_rate,0.153636363636364,space_generation_hardware_cost_gbp_per_w_dc,0.5,206.835083939753
real_discount_rate,0.1575,space_generation_hardware_cost_gbp_per_w_dc,0.5,213.2251264921
real_discount_rate,0.161363636363636,space_generation_hardware_cost_gbp_per_w_dc,0.5,219.724156293245
real_discount_rate,0.165227272727273,space_generation_hardware_cost_gbp_per_w_dc,0.5,226.332547754612
real_discount_rate,0.169090909090909,space_generation_hardware_cost_gbp_per_w_dc,0.5,233.050713433069
real_discount_rate,0.172954545454545,space_generation_hardware_cost_gbp_per_w_dc,0.5,239.879103120214
real_discount_rate,0.176818181818182,space_generation_hardware_cost_gbp_per_w_dc,0.5,246.818202867485
real_discount_rate,0.180681818181818,space_generation_hardware_cost_gbp_per_w_dc,0.5,253.868533962807
real_discount_rate,0.184545454545455,space_generation_hardware_cost_gbp_per_w_dc,0.5,261.030651872741
real_discount_rate,0.188409090909091,space_generation_hardware_cost_gbp_per_w_dc,0.5,268.30514516244
real_discount_rate,0.192272727272727,space_generation_hardware_cost_gbp_per_w_dc,0.5,275.692634404172
real_discount_rate,0.196136363636364,space_generation_hardware_cost_gbp_per_w_dc,0.5,283.193771083747
real_discount_rate,0.2,space_generation_hardware_cost_gbp_per_w_dc,0.5,290.809236512874
real_discount_rate,0.03,space_generation_hardware_cost_gbp_per_w_dc,0.6125,62.4672500993325
real_discount_rate,0.0338636363636364,space_generation_hardware_cost_gbp_per_w_dc,0.6125,65.509102088983
real_discount_rate,0.0377272727272727,space_generation_hardware_cost_gbp_per_w_dc,0.6125,68.6660113704282
real_discount_rate,0.0415909090909091,space_generation_hardware_cost_gbp_per_w_dc,0.6125,71.9383412707487
real_discount_rate,0.0454545454545455,space_generation_hardware_cost_gbp_per_w_dc,0.6125,75.3263463282839
real_discount_rate,0.0493181818181818,space_generation_hardware_cost_gbp_per_w_dc,0.6125,78.8301825519749
real_discount_rate,0.0531818181818182,space_generation_hardware_cost_gbp_per_w_dc,0.6125,82.4499179089056
real_discount_rate,0.0570454545454545,space_generation_hardware_cost_gbp_per_w_dc,0.6125,86.1855428924528
real_discount_rate,0.0609090909090909,space_generation_hardware_cost_gbp_per_w_dc,0.6125,90.0369810353541
real_discount_rate,0.0647727272727273,space_generation_hardware_cost_gbp_per_w_dc,0.6125,94.0040992455275
real_discount_rate,0.0686363636363636,space_generation_hardware_cost_gbp_per_w_dc,0.6125,98.0867178571024
real_discount_rate,0.0725,space_generation_hardware_cost_gbp_per_w_dc,0.6125,102.28462030434
real_discount_rate,0.0763636363636364,space_generation_hardware_cost_gbp_per_w_dc,0.6125,106.597562341487
real_discount_rate,0.0802272727272727,space_generation_hardware_cost_gbp_per_w_dc,0.6125,111.025280746715
real_discount_rate,0.0840909090909091,space_generation_hardware_cost_gbp_per_w_dc,0.6125,115.567501462802
real_discount_rate,0.0879545454545455,space_generation_hardware_cost_gbp_per_w_dc,0.6125,120.223947140888
real_discount_rate,0.0918181818181818,space_generation_hardware_cost_gbp_per_w_dc,0.6125,124.99434406619
real_discount_rate,0.0956818181818182,space_generation_hardware_cost_gbp_per_w_dc,0.6125,129.878428455986
real_discount_rate,0.0995454545454545,space_generation_hardware_cost_gbp_per_w_dc,0.6125,134.875952130187
real_discount_rate,0.103409090909091,space_generation_hardware_cost_gbp_per_w_dc,0.6125,139.986687563624
real_discount_rate,0.107272727272727,space_generation_hardware_cost_gbp_per_w_dc,0.6125,145.210432336505
real_discount_rate,0.111136363636364,space_generation_hardware_cost_gbp_per_w_dc,0.6125,150.547013005642
real_discount_rate,0.115,space_generation_hardware_cost_gbp_per_w_dc,0.6125,155.996288423896
real_discount_rate,0.118863636363636,space_generation_hardware_cost_gbp_per_w_dc,0.6125,161.558152539008
real_discount_rate,0.122727272727273,space_generation_hardware_cost_gbp_per_w_dc,0.6125,167.232536705663
real_discount_rate,0.126590909090909,space_generation_hardware_cost_gbp_per_w_dc,0.6125,173.019411546359
real_discount_rate,0.130454545454545,space_generation_hardware_cost_gbp_per_w_dc,0.6125,178.918788397595
real_discount_rate,0.134318181818182,space_generation_hardware_cost_gbp_per_w_dc,0.6125,184.930720378077
real_discount_rate,0.138181818181818,space_generation_hardware_cost_gbp_per_w_dc,0.6125,191.055303115259
real_discount_rate,0.142045454545455,space_generation_hardware_cost_gbp_per_w_dc,0.6125,197.292675165668
real_discount_rate,0.145909090909091,space_generation_hardware_cost_gbp_per_w_dc,0.6125,203.64301816316
real_discount_rate,0.149772727272727,space_generation_hardware_cost_gbp_per_w_dc,0.6125,210.106556727703
real_discount_rate,0.153636363636364,space_generation_hardware_cost_gbp_per_w_dc,0.6125,216.683558165428
real_discount_rate,0.1575,space_generation_hardware_cost_gbp_per_w_dc,0.6125,223.374331988769
real_discount_rate,0.161363636363636,space_generation_hardware_cost_gbp_per_w_dc,0.6125,230.179229283408
real_discount_rate,0.165227272727273,space_generation_hardware_cost_gbp_per_w_dc,0.6125,237.098641946647
real_discount_rate,0.169090909090909,space_generation_hardware_cost_gbp_per_w_dc,0.6125,244.133001819721
real_discount_rate,0.172954545454545,space_generation_hardware_cost_gbp_per_w_dc,0.6125,251.282779734458
real_discount_rate,0.176818181818182,space_generation_hardware_cost_gbp_per_w_dc,0.6125,258.548484492706
real_discount_rate,0.180681818181818,space_generation_hardware_cost_gbp_per_w_dc,0.6125,265.930661794973
real_discount_rate,0.184545454545455,space_generation_hardware_cost_gbp_per_w_dc,0.6125,273.429893132915
real_discount_rate,0.188409090909091,space_generation_hardware_cost_gbp_per_w_dc,0.6125,281.04679465855
real_discount_rate,0.192272727272727,space_generation_hardware_cost_gbp_per_w_dc,0.6125,288.78201604147
real_discount_rate,0.196136363636364,space_generation_hardware_cost_gbp_per_w_dc,0.6125,296.636239323846
real_discount_rate,0.2,space_generation_hardware_cost_gbp_per_w_dc,0.6125,304.610177781597
real_discount_rate,0.03,space_generation_hardware_cost_gbp_per_w_dc,0.725,65.3883833271106
real_discount_rate,0.0338636363636364,space_generation_hardware_cost_gbp_per_w_dc,0.725,68.5666919827255
real_discount_rate,0.0377272727272727,space_generation_hardware_cost_gbp_per_w_dc,0.725,71.8652373064789
real_discount_rate,0.0415909090909091,space_generation_hardware_cost_gbp_per_w_dc,0.725,75.2843992041258
real_discount_rate,0.0454545454545455,space_generation_hardware_cost_gbp_per_w_dc,0.725,78.8244438725475
real_discount_rate,0.0493181818181818,space_generation_hardware_cost_gbp_per_w_dc,0.725,82.485534520692
real_discount_rate,0.0531818181818182,space_generation_hardware_cost_gbp_per_w_dc,0.725,86.2677423292041
real_discount_rate,0.0570454545454545,space_generation_hardware_cost_gbp_per_w_dc,0.725,90.1710574944957
real_discount_rate,0.0609090909090909,space_generation_hardware_cost_gbp_per_w_dc,0.725,94.1954002154382
real_discount_rate,0.0647727272727273,space_generation_hardware_cost_gbp_per_w_dc,0.725,98.3406314949913
real_discount_rate,0.0686363636363636,space_generation_hardware_cost_gbp_per_w_dc,0.725,102.606563644369
real_discount_rate,0.0725,space_generation_hardware_cost_gbp_per_w_dc,0.725,106.992970393239
real_discount_rate,0.0763636363636364,space_generation_hardware_cost_gbp_per_w_dc,0.725,111.499596525524
real_discount_rate,0.0802272727272727,space_generation_hardware_cost_gbp_per_w_dc,0.725,116.126166976138
real_discount_rate,0.0840909090909091,space_generation_hardware_cost_gbp_per_w_dc,0.725,120.872395339182
real_discount_rate,0.0879545454545455,space_generation_hardware_cost_gbp_per_w_dc,0.725,125.737991752379
real_discount_rate,0.0918181818181818,space_generation_hardware_cost_gbp_per_w_dc,0.725,130.722670135693
real_discount_rate,0.0956818181818182,space_generation_hardware_cost_gbp_per_w_dc,0.725,135.826154773945
real_discount_rate,0.0995454545454545,space_generation_hardware_cost_gbp_per_w_dc,0.725,141.048186243807
real_discount_rate,0.103409090909091,space_generation_hardware_cost_gbp_per_w_dc,0.725,146.388526694641
real_discount_rate,0.107272727272727,space_generation_hardware_cost_gbp_per_w_dc,0.725,151.846964500407
real_discount_rate,0.111136363636364,space_generation_hardware_cost_gbp_per_w_dc,0.725,157.423318306234
real_discount_rate,0.115,space_generation_hardware_cost_gbp_per_w_dc,0.725,163.117440498331
real_discount_rate,0.118863636363636,space_generation_hardware_cost_gbp_per_w_dc,0.725,168.929220129808
real_discount_rate,0.122727272727273,space_generation_hardware_cost_gbp_per_w_dc,0.725,174.858585337761
real_discount_rate,0.126590909090909,space_generation_hardware_cost_gbp_per_w_dc,0.725,180.905505288814
real_discount_rate,0.130454545454545,space_generation_hardware_cost_gbp_per_w_dc,0.725,187.069991691243
real_discount_rate,0.134318181818182,space_generation_hardware_cost_gbp_per_w_dc,0.725,193.352099912059
real_discount_rate,0.138181818181818,space_generation_hardware_cost_gbp_per_w_dc,0.725,199.751929736987
real_discount_rate,0.142045454545455,space_generation_hardware_cost_gbp_per_w_dc,0.725,206.269625810387
real_discount_rate,0.145909090909091,space_generation_hardware_cost_gbp_per_w_dc,0.725,212.905377790805
real_discount_rate,0.149772727272727,space_generation_hardware_cost_gbp_per_w_dc,0.725,219.659420256219
real_discount_rate,0.153636363636364,space_generation_hardware_cost_gbp_per_w_dc,0.725,226.532032391104
real_discount_rate,0.1575,space_generation_hardware_cost_gbp_per_w_dc,0.725,233.523537485438
real_discount_rate,0.161363636363636,space_generation_hardware_cost_gbp_per_w_dc,0.725,240.63430227357
real_discount_rate,0.165227272727273,space_generation_hardware_cost_gbp_per_w_dc,0.725,247.864736138682
real_discount_rate,0.169090909090909,space_generation_hardware_cost_gbp_per_w_dc,0.725,255.215290206374
real_discount_rate,0.172954545454545,space_generation_hardware_cost_gbp_per_w_dc,0.725,262.686456348703
real_discount_rate,0.176818181818182,space_generation_hardware_cost_gbp_per_w_dc,0.725,270.278766117927
real_discount_rate,0.180681818181818,space_generation_hardware_cost_gbp_per_w_dc,0.725,277.992789627139
real_discount_rate,0.184545454545455,space_generation_hardware_cost_gbp_per_w_dc,0.725,285.829134393089
real_discount_rate,0.188409090909091,space_generation_hardware_cost_gbp_per_w_dc,0.725,293.788444154659
real_discount_rate,0.192272727272727,space_generation_hardware_cost_gbp_per_w_dc,0.725,301.871397678769
real_discount_rate,0.196136363636364,space_generation_hardware_cost_gbp_per_w_dc,0.725,310.078707563944
real_discount_rate,0.2,space_generation_hardware_cost_gbp_per_w_dc,0.725,318.41111905032
real_discount_rate,0.03,space_generation_hardware_cost_gbp_per_w_dc,0.8375,68.3095165548887
real_discount_rate,0.0338636363636364,space_generation_hardware_cost_gbp_per_w_dc,0.8375,71.6242818764679
real_discount_rate,0.0377272727272727,space_generation_hardware_cost_gbp_per_w_dc,0.8375,75.0644632425296
real_discount_rate,0.0415909090909091,space_generation_hardware_cost_gbp_per_w_dc,0.8375,78.630457137503
real_discount_rate,0.0454545454545455,space_generation_hardware_cost_gbp_per_w_dc,0.8375,82.3225414168111
real_discount_rate,0.0493181818181818,space_generation_hardware_cost_gbp_per_w_dc,0.8375,86.140886489409
real_discount_rate,0.0531818181818182,space_generation_hardware_cost_gbp_per_w_dc,0.8375,90.0855667495026
real_discount_rate,0.0570454545454545,space_generation_hardware_cost_gbp_per_w_dc,0.8375,94.1565720965387
real_discount_rate,0.0609090909090909,space_generation_hardware_cost_gbp_per_w_dc,0.8375,98.3538193955222
real_discount_rate,0.0647727272727273,space_generation_hardware_cost_gbp_per_w_dc,0.8375,102.677163744455
real_discount_rate,0.0686363636363636,space_generation_hardware_cost_gbp_per_w_dc,0.8375,107.126409431635
real_discount_rate,0.0725,space_generation_hardware_cost_gbp_per_w_dc,0.8375,111.701320482139
real_discount_rate,0.0763636363636364,space_generation_hardware_cost_gbp_per_w_dc,0.8375,116.401630709562
real_discount_rate,0.0802272727272727,space_generation_hardware_cost_gbp_per_w_dc,0.8375,121.227053205561
real_discount_rate,0.0840909090909091,space_generation_hardware_cost_gbp_per_w_dc,0.8375,126.177289215561
real_discount_rate,0.0879545454545455,space_generation_hardware_cost_gbp_per_w_dc,0.8375,131.252036363871
real_discount_rate,0.0918181818181818,space_generation_hardware_cost_gbp_per_w_dc,0.8375,136.450996205195
real_discount_rate,0.0956818181818182,space_generation_hardware_cost_gbp_per_w_dc,0.8375,141.773881091904
real_discount_rate,0.0995454545454545,space_generation_hardware_cost_gbp_per_w_dc,0.8375,147.220420357427
real_discount_rate,0.103409090909091,space_generation_hardware_cost_gbp_per_w_dc,0.8375,152.790365825659
real_discount_rate,0.107272727272727,space_generation_hardware_cost_gbp_per_w_dc,0.8375,158.483496664309
real_discount_rate,0.111136363636364,space_generation_hardware_cost_gbp_per_w_dc,0.8375,164.299623606825
real_discount_rate,0.115,space_generation_hardware_cost_gbp_per_w_dc,0.8375,170.238592572766
real_discount_rate,0.118863636363636,space_generation_hardware_cost_gbp_per_w_dc,0.8375,176.300287720607
real_discount_rate,0.122727272727273,space_generation_hardware_cost_gbp_per_w_dc,0.8375,182.484633969859
real_discount_rate,0.126590909090909,space_generation_hardware_cost_gbp_per_w_dc,0.8375,188.791599031269
real_discount_rate,0.130454545454545,space_generation_hardware_cost_gbp_per_w_dc,0.8375,195.22119498489
real_discount_rate,0.134318181818182,space_generation_hardware_cost_gbp_per_w_dc,0.8375,201.773479446041
real_discount_rate,0.138181818181818,space_generation_hardware_cost_gbp_per_w_dc,0.8375,208.448556358716
real_discount_rate,0.142045454545455,space_generation_hardware_cost_gbp_per_w_dc,0.8375,215.246576455105
real_discount_rate,0.145909090909091,space_generation_hardware_cost_gbp_per_w_dc,0.8375,222.16773741845
real_discount_rate,0.149772727272727,space_generation_hardware_cost_gbp_per_w_dc,0.8375,229.212283784734
real_discount_rate,0.153636363636364,space_generation_hardware_cost_gbp_per_w_dc,0.8375,236.380506616779
real_discount_rate,0.1575,space_generation_hardware_cost_gbp_per_w_dc,0.8375,243.672742982107
real_discount_rate,0.161363636363636,space_generation_hardware_cost_gbp_per_w_dc,0.8375,251.089375263732
real_discount_rate,0.165227272727273,space_generation_hardware_cost_gbp_per_w_dc,0.8375,258.630830330717
real_discount_rate,0.169090909090909,space_generation_hardware_cost_gbp_per_w_dc,0.8375,266.297578593026
real_discount_rate,0.172954545454545,space_generation_hardware_cost_gbp_per_w_dc,0.8375,274.090132962948
real_discount_rate,0.176818181818182,space_generation_hardware_cost_gbp_per_w_dc,0.8375,282.009047743148
real_discount_rate,0.180681818181818,space_generation_hardware_cost_gbp_per_w_dc,0.8375,290.054917459305
real_discount_rate,0.184545454545455,space_generation_hardware_cost_gbp_per_w_dc,0.8375,298.228375653264
real_discount_rate,0.188409090909091,space_generation_hardware_cost_gbp_per_w_dc,0.8375,306.530093650768
real_discount_rate,0.192272727272727,space_generation_hardware_cost_gbp_per_w_dc,0.8375,314.960779316067
real_discount_rate,0.196136363636364,space_generation_hardware_cost_gbp_per_w_dc,0.8375,323.521175804042
real_discount_rate,0.2,space_generation_hardware_cost_gbp_per_w_dc,0.8375,332.212060319043
real_discount_rate,0.03,space_generation_hardware_cost_gbp_per_w_dc,0.95,71.2306497826668
real_discount_rate,0.0338636363636364,space_generation_hardware_cost_gbp_per_w_dc,0.95,74.6818717702104
real_discount_rate,0.0377272727272727,space_generation_hardware_cost_gbp_per_w_dc,0.95,78.2636891785803
real_discount_rate,0.0415909090909091,space_generation_hardware_cost_gbp_per_w_dc,0.95,81.9765150708801
real_discount_rate,0.0454545454545455,space_generation_hardware_cost_gbp_per_w_dc,0.95,85.8206389610747
real_discount_rate,0.0493181818181818,space_generation_hardware_cost_gbp_per_w_dc,0.95,89.7962384581261
real_discount_rate,0.0531818181818182,space_generation_hardware_cost_gbp_per_w_dc,0.95,93.9033911698011
real_discount_rate,0.0570454545454545,space_generation_hardware_cost_gbp_per_w_dc,0.95,98.1420866985816
real_discount_rate,0.0609090909090909,space_generation_hardware_cost_gbp_per_w_dc,0.95,102.512238575606
real_discount_rate,0.0647727272727273,space_generation_hardware_cost_gbp_per_w_dc,0.95,107.013695993919
real_discount_rate,0.0686363636363636,space_generation_hardware_cost_gbp_per_w_dc,0.95,111.646255218902
real_discount_rate,0.0725,space_generation_hardware_cost_gbp_per_w_dc,0.95,116.409670571039
real_discount_rate,0.0763636363636364,space_generation_hardware_cost_gbp_per_w_dc,0.95,121.303664893599
real_discount_rate,0.0802272727272727,space_generation_hardware_cost_gbp_per_w_dc,0.95,126.327939434985
real_discount_rate,0.0840909090909091,space_generation_hardware_cost_gbp_per_w_dc,0.95,131.48218309194
real_discount_rate,0.0879545454545455,space_generation_hardware_cost_gbp_per_w_dc,0.95,136.766080975362
real_discount_rate,0.0918181818181818,space_generation_hardware_cost_gbp_per_w_dc,0.95,142.179322274697
real_discount_rate,0.0956818181818182,space_generation_hardware_cost_gbp_per_w_dc,0.95,147.721607409863
real_discount_rate,0.0995454545454545,space_generation_hardware_cost_gbp_per_w_dc,0.95,153.392654471048
real_discount_rate,0.103409090909091,space_generation_hardware_cost_gbp_per_w_dc,0.95,159.192204956676
real_discount_rate,0.107272727272727,space_generation_hardware_cost_gbp_per_w_dc,0.95,165.120028828211
real_discount_rate,0.111136363636364,space_generation_hardware_cost_gbp_per_w_dc,0.95,171.175928907417
real_discount_rate,0.115,space_generation_hardware_cost_gbp_per_w_dc,0.95,177.359744647201
real_discount_rate,0.118863636363636,space_generation_hardware_cost_gbp_per_w_dc,0.95,183.671355311407
real_discount_rate,0.122727272727273,space_generation_hardware_cost_gbp_per_w_dc,0.95,190.110682601958
real_discount_rate,0.126590909090909,space_generation_hardware_cost_gbp_per_w_dc,0.95,196.677692773723
real_discount_rate,0.130454545454545,space_generation_hardware_cost_gbp_per_w_dc,0.95,203.372398278538
real_discount_rate,0.134318181818182,space_generation_hardware_cost_gbp_per_w_dc,0.95,210.194858980023
real_discount_rate,0.138181818181818,space_generation_hardware_cost_gbp_per_w_dc,0.95,217.145182980444
real_discount_rate,0.142045454545455,space_generation_hardware_cost_gbp_per_w_dc,0.95,224.223527099824
real_discount_rate,0.145909090909091,space_generation_hardware_cost_gbp_per_w_dc,0.95,231.430097046094
real_discount_rate,0.149772727272727,space_generation_hardware_cost_gbp_per_w_dc,0.95,238.76514731325
real_discount_rate,0.153636363636364,space_generation_hardware_cost_gbp_per_w_dc,0.95,246.228980842455
real_discount_rate,0.1575,space_generation_hardware_cost_gbp_per_w_dc,0.95,253.821948478776
real_discount_rate,0.161363636363636,space_generation_hardware_cost_gbp_per_w_dc,0.95,261.544448253895
real_discount_rate,0.165227272727273,space_generation_hardware_cost_gbp_per_w_dc,0.95,269.396924522752
real_discount_rate,0.169090909090909,space_generation_hardware_cost_gbp_per_w_dc,0.95,277.379866979679
real_discount_rate,0.172954545454545,space_generation_hardware_cost_gbp_per_w_dc,0.95,285.493809577192
real_discount_rate,0.176818181818182,space_generation_hardware_cost_gbp_per_w_dc,0.95,293.739329368369
real_discount_rate,0.180681818181818,space_generation_hardware_cost_gbp_per_w_dc,0.95,302.117045291471
real_discount_rate,0.184545454545455,space_generation_hardware_cost_gbp_per_w_dc,0.95,310.627616913438
real_discount_rate,0.188409090909091,space_generation_hardware_cost_gbp_per_w_dc,0.95,319.271743146878
real_discount_rate,0.192272727272727,space_generation_hardware_cost_gbp_per_w_dc,0.95,328.050160953366
real_discount_rate,0.196136363636364,space_generation_hardware_cost_gbp_per_w_dc,0.95,336.963644044141
real_discount_rate,0.2,space_generation_hardware_cost_gbp_per_w_dc,0.95,346.013001587765
real_discount_rate,0.03,space_generation_hardware_cost_gbp_per_w_dc,1.0625,74.1517830104449
real_discount_rate,0.0338636363636364,space_generation_hardware_cost_gbp_per_w_dc,1.0625,77.7394616639528
real_discount_rate,0.0377272727272727,space_generation_hardware_cost_gbp_per_w_dc,1.0625,81.462915114631
real_discount_rate,0.0415909090909091,space_generation_hardware_cost_gbp_per_w_dc,1.0625,85.3225730042572
real_discount_rate,0.0454545454545455,space_generation_hardware_cost_gbp_per_w_dc,1.0625,89.3187365053384
real_discount_rate,0.0493181818181818,space_generation_hardware_cost_gbp_per_w_dc,1.0625,93.4515904268432
real_discount_rate,0.0531818181818182,space_generation_hardware_cost_gbp_per_w_dc,1.0625,97.7212155900996
real_discount_rate,0.0570454545454545,space_generation_hardware_cost_gbp_per_w_dc,1.0625,102.127601300625
real_discount_rate,0.0609090909090909,space_generation_hardware_cost_gbp_per_w_dc,1.0625,106.67065775569
real_discount_rate,0.0647727272727273,space_generation_hardware_cost_gbp_per_w_dc,1.0625,111.350228243383
real_discount_rate,0.0686363636363636,space_generation_hardware_cost_gbp_per_w_dc,1.0625,116.166101006169
real_discount_rate,0.0725,space_generation_hardware_cost_gbp_per_w_dc,1.0625,121.118020659938
real_discount_rate,0.0763636363636364,space_generation_hardware_cost_gbp_per_w_dc,1.0625,126.205699077637
real_discount_rate,0.0802272727272727,space_generation_hardware_cost_gbp_per_w_dc,1.0625,131.428825664408
real_discount_rate,0.0840909090909091,space_generation_hardware_cost_gbp_per_w_dc,1.0625,136.78707696832
real_discount_rate,0.0879545454545455,space_generation_hardware_cost_gbp_per_w_dc,1.0625,142.280125586854
real_discount_rate,0.0918181818181818,space_generation_hardware_cost_gbp_per_w_dc,1.0625,147.9076483442
real_discount_rate,0.0956818181818182,space_generation_hardware_cost_gbp_per_w_dc,1.0625,153.669333727822
real_discount_rate,0.0995454545454545,space_generation_hardware_cost_gbp_per_w_dc,1.0625,159.564888584668
real_discount_rate,0.103409090909091,space_generation_hardware_cost_gbp_per_w_dc,1.0625,165.594044087693
real_discount_rate,0.107272727272727,space_generation_hardware_cost_gbp_per_w_dc,1.0625,171.756560992113
real_discount_rate,0.111136363636364,space_generation_hardware_cost_gbp_per_w_dc,1.0625,178.052234208009
real_discount_rate,0.115,space_generation_hardware_cost_gbp_per_w_dc,1.0625,184.480896721636
real_discount_rate,0.118863636363636,space_generation_hardware_cost_gbp_per_w_dc,1.0625,191.042422902206
real_discount_rate,0.122727272727273,space_generation_hardware_cost_gbp_per_w_dc,1.0625,197.736731234056
real_discount_rate,0.126590909090909,space_generation_hardware_cost_gbp_per_w_dc,1.0625,204.563786516178
real_discount_rate,0.130454545454545,space_generation_hardware_cost_gbp_per_w_dc,1.0625,211.523601572186
real_discount_rate,0.134318181818182,space_generation_hardware_cost_gbp_per_w_dc,1.0625,218.616238514005
real_discount_rate,0.138181818181818,space_generation_hardware_cost_gbp_per_w_dc,1.0625,225.841809602172
real_discount_rate,0.142045454545455,space_generation_hardware_cost_gbp_per_w_dc,1.0625,233.200477744543
real_discount_rate,0.145909090909091,space_generation_hardware_cost_gbp_per_w_dc,1.0625,240.692456673739
real_discount_rate,0.149772727272727,space_generation_hardware_cost_gbp_per_w_dc,1.0625,248.318010841765
real_discount_rate,0.153636363636364,space_generation_hardware_cost_gbp_per_w_dc,1.0625,256.07745506813
real_discount_rate,0.1575,space_generation_hardware_cost_gbp_per_w_dc,1.0625,263.971153975445
real_discount_rate,0.161363636363636,space_generation_hardware_cost_gbp_per_w_dc,1.0625,271.999521244057
real_discount_rate,0.165227272727273,space_generation_hardware_cost_gbp_per_w_dc,1.0625,280.163018714787
real_discount_rate,0.169090909090909,space_generation_hardware_cost_gbp_per_w_dc,1.0625,288.462155366331
real_discount_rate,0.172954545454545,space_generation_hardware_cost_gbp_per_w_dc,1.0625,296.897486191437
real_discount_rate,0.176818181818182,space_generation_hardware_cost_gbp_per_w_dc,1.0625,305.46961099359
real_discount_rate,0.180681818181818,space_generation_hardware_cost_gbp_per_w_dc,1.0625,314.179173123637
real_discount_rate,0.184545454545455,space_generation_hardware_cost_gbp_per_w_dc,1.0625,323.026858173612
real_discount_rate,0.188409090909091,space_generation_hardware_cost_gbp_per_w_dc,1.0625,332.013392642988
real_discount_rate,0.192272727272727,space_generation_hardware_cost_gbp_per_w_dc,1.0625,341.139542590664
real_discount_rate,0.196136363636364,space_generation_hardware_cost_gbp_per_w_dc,1.0625,350.406112284239
real_discount_rate,0.2,space_generation_hardware_cost_gbp_per_w_dc,1.0625,359.813942856488
real_discount_rate,0.03,space_generation_hardware_cost_gbp_per_w_dc,1.175,77.072916238223
real_discount_rate,0.0338636363636364,space_generation_hardware_cost_gbp_per_w_dc,1.175,80.7970515576953
real_discount_rate,0.0377272727272727,space_generation_hardware_cost_gbp_per_w_dc,1.175,84.6621410506817
real_discount_rate,0.0415909090909091,space_generation_hardware_cost_gbp_per_w_dc,1.175,88.6686309376344
real_discount_rate,0.0454545454545455,space_generation_hardware_cost_gbp_per_w_dc,1.175,92.816834049602
real_discount_rate,0.0493181818181818,space_generation_hardware_cost_gbp_per_w_dc,1.175,97.1069423955602
real_discount_rate,0.0531818181818182,space_generation_hardware_cost_gbp_per_w_dc,1.175,101.539040010398
real_discount_rate,0.0570454545454545,space_generation_hardware_cost_gbp_per_w_dc,1.175,106.113115902668
real_discount_rate,0.0609090909090909,space_generation_hardware_cost_gbp_per_w_dc,1.175,110.829076935774
real_discount_rate,0.0647727272727273,space_generation_hardware_cost_gbp_per_w_dc,1.175,115.686760492847
real_discount_rate,0.0686363636363636,space_generation_hardware_cost_gbp_per_w_dc,1.175,120.685946793435
real_discount_rate,0.0725,space_generation_hardware_cost_gbp_per_w_dc,1.175,125.826370748838
real_discount_rate,0.0763636363636364,space_generation_hardware_cost_gbp_per_w_dc,1.175,131.107733261674
real_discount_rate,0.0802272727272727,space_generation_hardware_cost_gbp_per_w_dc,1.175,136.529711893831
real_discount_rate,0.0840909090909091,space_generation_hardware_cost_gbp_per_w_dc,1.175,142.091970844699
real_discount_rate,0.0879545454545455,space_generation_hardware_cost_gbp_per_w_dc,1.175,147.794170198345
real_discount_rate,0.0918181818181818,space_generation_hardware_cost_gbp_per_w_dc,1.175,153.635974413702
real_discount_rate,0.0956818181818182,space_generation_hardware_cost_gbp_per_w_dc,1.175,159.617060045781
real_discount_rate,0.0995454545454545,space_generation_hardware_cost_gbp_per_w_dc,1.175,165.737122698288
real_discount_rate,0.103409090909091,space_generation_hardware_cost_gbp_per_w_dc,1.175,171.99588321871
real_discount_rate,0.107272727272727,space_generation_hardware_cost_gbp_per_w_dc,1.175,178.393093156014
real_discount_rate,0.111136363636364,space_generation_hardware_cost_gbp_per_w_dc,1.175,184.9285395086
real_discount_rate,0.115,space_generation_hardware_cost_gbp_per_w_dc,1.175,191.602048796071
real_discount_rate,0.118863636363636,space_generation_hardware_cost_gbp_per_w_dc,1.175,198.413490493006
real_discount_rate,0.122727272727273,space_generation_hardware_cost_gbp_per_w_dc,1.175,205.362779866154
real_discount_rate,0.126590909090909,space_generation_hardware_cost_gbp_per_w_dc,1.175,212.449880258633
real_discount_rate,0.130454545454545,space_generation_hardware_cost_gbp_per_w_dc,1.175,219.674804865834
real_discount_rate,0.134318181818182,space_generation_hardware_cost_gbp_per_w_dc,1.175,227.037618047987
real_discount_rate,0.138181818181818,space_generation_hardware_cost_gbp_per_w_dc,1.175,234.5384362239
real_discount_rate,0.142045454545455,space_generation_hardware_cost_gbp_per_w_dc,1.175,242.177428389262
real_discount_rate,0.145909090909091,space_generation_hardware_cost_gbp_per_w_dc,1.175,249.954816301384
real_discount_rate,0.149772727272727,space_generation_hardware_cost_gbp_per_w_dc,1.175,257.870874370281
real_discount_rate,0.153636363636364,space_generation_hardware_cost_gbp_per_w_dc,1.175,265.925929293805
real_discount_rate,0.1575,space_generation_hardware_cost_gbp_per_w_dc,1.175,274.120359472114
real_discount_rate,0.161363636363636,space_generation_hardware_cost_gbp_per_w_dc,1.175,282.454594234219
real_discount_rate,0.165227272727273,space_generation_hardware_cost_gbp_per_w_dc,1.175,290.929112906822
real_discount_rate,0.169090909090909,space_generation_hardware_cost_gbp_per_w_dc,1.175,299.544443752984
real_discount_rate,0.172954545454545,space_generation_hardware_cost_gbp_per_w_dc,1.175,308.301162805681
real_discount_rate,0.176818181818182,space_generation_hardware_cost_gbp_per_w_dc,1.175,317.199892618811
real_discount_rate,0.180681818181818,space_generation_hardware_cost_gbp_per_w_dc,1.175,326.241300955804
real_discount_rate,0.184545454545455,space_generation_hardware_cost_gbp_per_w_dc,1.175,335.426099433786
real_discount_rate,0.188409090909091,space_generation_hardware_cost_gbp_per_w_dc,1.175,344.755042139097
real_discount_rate,0.192272727272727,space_generation_hardware_cost_gbp_per_w_dc,1.175,354.228924227963
real_discount_rate,0.196136363636364,space_generation_hardware_cost_gbp_per_w_dc,1.175,363.848580524337
real_discount_rate,0.2,space_generation_hardware_cost_gbp_per_w_dc,1.175,373.614884125211
real_discount_rate,0.03,space_generation_hardware_cost_gbp_per_w_dc,1.2875,79.9940494660011
real_discount_rate,0.0338636363636364,space_generation_hardware_cost_gbp_per_w_dc,1.2875,83.8546414514377
real_discount_rate,0.0377272727272727,space_generation_hardware_cost_gbp_per_w_dc,1.2875,87.8613669867324
real_discount_rate,0.0415909090909091,space_generation_hardware_cost_gbp_per_w_dc,1.2875,92.0146888710115
real_discount_rate,0.0454545454545455,space_generation_hardware_cost_gbp_per_w_dc,1.2875,96.3149315938656
real_discount_rate,0.0493181818181818,space_generation_hardware_cost_gbp_per_w_dc,1.2875,100.762294364277
real_discount_rate,0.0531818181818182,space_generation_hardware_cost_gbp_per_w_dc,1.2875,105.356864430697
real_discount_rate,0.0570454545454545,space_generation_hardware_cost_gbp_per_w_dc,1.2875,110.098630504711
real_discount_rate,0.0609090909090909,space_generation_hardware_cost_gbp_per_w_dc,1.2875,114.987496115858
real_discount_rate,0.0647727272727273,space_generation_hardware_cost_gbp_per_w_dc,1.2875,120.02329274231
real_discount_rate,0.0686363636363636,space_generation_hardware_cost_gbp_per_w_dc,1.2875,125.205792580702
real_discount_rate,0.0725,space_generation_hardware_cost_gbp_per_w_dc,1.2875,130.534720837738
real_discount_rate,0.0763636363636364,space_generation_hardware_cost_gbp_per_w_dc,1.2875,136.009767445712
real_discount_rate,0.0802272727272727,space_generation_hardware_cost_gbp_per_w_dc,1.2875,141.630598123255
real_discount_rate,0.0840909090909091,space_generation_hardware_cost_gbp_per_w_dc,1.2875,147.396864721078
real_discount_rate,0.0879545454545455,space_generation_hardware_cost_gbp_per_w_dc,1.2875,153.308214809837
real_discount_rate,0.0918181818181818,space_generation_hardware_cost_gbp_per_w_dc,1.2875,159.364300483204
real_discount_rate,0.0956818181818182,space_generation_hardware_cost_gbp_per_w_dc,1.2875,165.56478636374
real_discount_rate,0.0995454545454545,space_generation_hardware_cost_gbp_per_w_dc,1.2875,171.909356811908
real_discount_rate,0.103409090909091,space_generation_hardware_cost_gbp_per_w_dc,1.2875,178.397722349727
real_discount_rate,0.107272727272727,space_generation_hardware_cost_gbp_per_w_dc,1.2875,185.029625319916
real_discount_rate,0.111136363636364,space_generation_hardware_cost_gbp_per_w_dc,1.2875,191.804844809192
real_discount_rate,0.115,space_generation_hardware_cost_gbp_per_w_dc,1.2875,198.723200870506
real_discount_rate,0.118863636363636,space_generation_hardware_cost_gbp_per_w_dc,1.2875,205.784558083805
real_discount_rate,0.122727272727273,space_generation_hardware_cost_gbp_per_w_dc,1.2875,212.988828498252
real_discount_rate,0.126590909090909,space_generation_hardware_cost_gbp_per_w_dc,1.2875,220.335974001088
real_discount_rate,0.130454545454545,space_generation_hardware_cost_gbp_per_w_dc,1.2875,227.826008159481
real_discount_rate,0.134318181818182,space_generation_hardware_cost_gbp_per_w_dc,1.2875,235.458997581969
real_discount_rate,0.138181818181818,space_generation_hardware_cost_gbp_per_w_dc,1.2875,243.235062845629
real_discount_rate,0.142045454545455,space_generation_hardware_cost_gbp_per_w_dc,1.2875,251.154379033981
real_discount_rate,0.145909090909091,space_generation_hardware_cost_gbp_per_w_dc,1.2875,259.217175929029
real_discount_rate,0.149772727272727,space_generation_hardware_cost_gbp_per_w_dc,1.2875,267.423737898796
real_discount_rate,0.153636363636364,space_generation_hardware_cost_gbp_per_w_dc,1.2875,275.774403519481
real_discount_rate,0.1575,space_generation_hardware_cost_gbp_per_w_dc,1.2875,284.269564968783
real_discount_rate,0.161363636363636,space_generation_hardware_cost_gbp_per_w_dc,1.2875,292.909667224382
real_discount_rate,0.165227272727273,space_generation_hardware_cost_gbp_per_w_dc,1.2875,301.695207098858
real_discount_rate,0.169090909090909,space_generation_hardware_cost_gbp_per_w_dc,1.2875,310.626732139636
real_discount_rate,0.172954545454545,space_generation_hardware_cost_gbp_per_w_dc,1.2875,319.704839419926
real_discount_rate,0.176818181818182,space_generation_hardware_cost_gbp_per_w_dc,1.2875,328.930174244033
real_discount_rate,0.180681818181818,space_generation_hardware_cost_gbp_per_w_dc,1.2875,338.30342878797
real_discount_rate,0.184545454545455,space_generation_hardware_cost_gbp_per_w_dc,1.2875,347.825340693961
real_discount_rate,0.188409090909091,space_generation_hardware_cost_gbp_per_w_dc,1.2875,357.496691635206
real_discount_rate,0.192272727272727,space_generation_hardware_cost_gbp_per_w_dc,1.2875,367.318305865261
real_discount_rate,0.196136363636364,space_generation_hardware_cost_gbp_per_w_dc,1.2875,377.291048764436
real_discount_rate,0.2,space_generation_hardware_cost_gbp_per_w_dc,1.2875,387.415825393934
real_discount_rate,0.03,space_generation_hardware_cost_gbp_per_w_dc,1.4,82.9151826937792
real_discount_rate,0.0338636363636364,space_generation_hardware_cost_gbp_per_w_dc,1.4,86.9122313451801
real_discount_rate,0.0377272727272727,space_generation_hardware_cost_gbp_per_w_dc,1.4,91.0605929227831
real_discount_rate,0.0415909090909091,space_generation_hardware_cost_gbp_per_w_dc,1.4,95.3607468043886
real_discount_rate,0.0454545454545455,space_generation_hardware_cost_gbp_per_w_dc,1.4,99.8130291381292
real_discount_rate,0.0493181818181818,space_generation_hardware_cost_gbp_per_w_dc,1.4,104.417646332994
real_discount_rate,0.0531818181818182,space_generation_hardware_cost_gbp_per_w_dc,1.4,109.174688850995
real_discount_rate,0.0570454545454545,space_generation_hardware_cost_gbp_per_w_dc,1.4,114.084145106753
real_discount_rate,0.0609090909090909,space_generation_hardware_cost_gbp_per_w_dc,1.4,119.145915295942
real_discount_rate,0.0647727272727273,space_generation_hardware_cost_gbp_per_w_dc,1.4,124.359824991774
real_discount_rate,0.0686363636363636,space_generation_hardware_cost_gbp_per_w_dc,1.4,129.725638367968
real_discount_rate,0.0725,space_generation_hardware_cost_gbp_per_w_dc,1.4,135.243070926637
real_discount_rate,0.0763636363636364,space_generation_hardware_cost_gbp_per_w_dc,1.4,140.91180162975
real_discount_rate,0.0802272727272727,space_generation_hardware_cost_gbp_per_w_dc,1.4,146.731484352678
real_discount_rate,0.0840909090909091,space_generation_hardware_cost_gbp_per_w_dc,1.4,152.701758597458
real_discount_rate,0.0879545454545455,space_generation_hardware_cost_gbp_per_w_dc,1.4,158.822259421328
real_discount_rate,0.0918181818181818,space_generation_hardware_cost_gbp_per_w_dc,1.4,165.092626552706
real_discount_rate,0.0956818181818182,space_generation_hardware_cost_gbp_per_w_dc,1.4,171.512512681699
real_discount_rate,0.0995454545454545,space_generation_hardware_cost_gbp_per_w_dc,1.4,178.081590925528
real_discount_rate,0.103409090909091,space_generation_hardware_cost_gbp_per_w_dc,1.4,184.799561480744
real_discount_rate,0.107272727272727,space_generation_hardware_cost_gbp_per_w_dc,1.4,191.666157483818
real_discount_rate,0.111136363636364,space_generation_hardware_cost_gbp_per_w_dc,1.4,198.681150109783
real_discount_rate,0.115,space_generation_hardware_cost_gbp_per_w_dc,1.4,205.844352944941
real_discount_rate,0.118863636363636,space_generation_hardware_cost_gbp_per_w_dc,1.4,213.155625674605
real_discount_rate,0.122727272727273,space_generation_hardware_cost_gbp_per_w_dc,1.4,220.61487713035
real_discount_rate,0.126590909090909,space_generation_hardware_cost_gbp_per_w_dc,1.4,228.222067743543
real_discount_rate,0.130454545454545,space_generation_hardware_cost_gbp_per_w_dc,1.4,235.977211453129
real_discount_rate,0.134318181818182,space_generation_hardware_cost_gbp_per_w_dc,1.4,243.880377115951
real_discount_rate,0.138181818181818,space_generation_hardware_cost_gbp_per_w_dc,1.4,251.931689467357
real_discount_rate,0.142045454545455,space_generation_hardware_cost_gbp_per_w_dc,1.4,260.1313296787
real_discount_rate,0.145909090909091,space_generation_hardware_cost_gbp_per_w_dc,1.4,268.479535556673
real_discount_rate,0.149772727272727,space_generation_hardware_cost_gbp_per_w_dc,1.4,276.976601427312
real_discount_rate,0.153636363636364,space_generation_hardware_cost_gbp_per_w_dc,1.4,285.622877745156
real_discount_rate,0.1575,space_generation_hardware_cost_gbp_per_w_dc,1.4,294.418770465451
real_discount_rate,0.161363636363636,space_generation_hardware_cost_gbp_per_w_dc,1.4,303.364740214544
real_discount_rate,0.165227272727273,space_generation_hardware_cost_gbp_per_w_dc,1.4,312.461301290893
real_discount_rate,0.169090909090909,space_generation_hardware_cost_gbp_per_w_dc,1.4,321.709020526289
real_discount_rate,0.172954545454545,space_generation_hardware_cost_gbp_per_w_dc,1.4,331.108516034171
real_discount_rate,0.176818181818182,space_generation_hardware_cost_gbp_per_w_dc,1.4,340.660455869254
real_discount_rate,0.180681818181818,space_generation_hardware_cost_gbp_per_w_dc,1.4,350.365556620136
real_discount_rate,0.184545454545455,space_generation_hardware_cost_gbp_per_w_dc,1.4,360.224581954135
real_discount_rate,0.188409090909091,space_generation_hardware_cost_gbp_per_w_dc,1.4,370.238341131316
real_discount_rate,0.192272727272727,space_generation_hardware_cost_gbp_per_w_dc,1.4,380.407687502559
real_discount_rate,0.196136363636364,space_generation_hardware_cost_gbp_per_w_dc,1.4,390.733517004534
real_discount_rate,0.2,space_generation_hardware_cost_gbp_per_w_dc,1.4,401.216766662657
real_discount_rate,0.03,space_generation_hardware_cost_gbp_per_w_dc,1.5125,85.8363159215573
real_discount_rate,0.0338636363636364,space_generation_hardware_cost_gbp_per_w_dc,1.5125,89.9698212389226
real_discount_rate,0.0377272727272727,space_generation_hardware_cost_gbp_per_w_dc,1.5125,94.2598188588338
real_discount_rate,0.0415909090909091,space_generation_hardware_cost_gbp_per_w_dc,1.5125,98.7068047377658
real_discount_rate,0.0454545454545455,space_generation_hardware_cost_gbp_per_w_dc,1.5125,103.311126682393
real_discount_rate,0.0493181818181818,space_generation_hardware_cost_gbp_per_w_dc,1.5125,108.072998301711
real_discount_rate,0.0531818181818182,space_generation_hardware_cost_gbp_per_w_dc,1.5125,112.992513271294
real_discount_rate,0.0570454545454545,space_generation_hardware_cost_gbp_per_w_dc,1.5125,118.069659708796
real_discount_rate,0.0609090909090909,space_generation_hardware_cost_gbp_per_w_dc,1.5125,123.304334476026
real_discount_rate,0.0647727272727273,space_generation_hardware_cost_gbp_per_w_dc,1.5125,128.696357241238
real_discount_rate,0.0686363636363636,space_generation_hardware_cost_gbp_per_w_dc,1.5125,134.245484155235
real_discount_rate,0.0725,space_generation_hardware_cost_gbp_per_w_dc,1.5125,139.951421015537
real_discount_rate,0.0763636363636364,space_generation_hardware_cost_gbp_per_w_dc,1.5125,145.813835813787
real_discount_rate,0.0802272727272727,space_generation_hardware_cost_gbp_per_w_dc,1.5125,151.832370582102
real_discount_rate,0.0840909090909091,space_generation_hardware_cost_gbp_per_w_dc,1.5125,158.006652473837
real_discount_rate,0.0879545454545455,space_generation_hardware_cost_gbp_per_w_dc,1.5125,164.33630403282
real_discount_rate,0.0918181818181818,space_generation_hardware_cost_gbp_per_w_dc,1.5125,170.820952622209
real_discount_rate,0.0956818181818182,space_generation_hardware_cost_gbp_per_w_dc,1.5125,177.460238999658
real_discount_rate,0.0995454545454545,space_generation_hardware_cost_gbp_per_w_dc,1.5125,184.253825039149
real_discount_rate,0.103409090909091,space_generation_hardware_cost_gbp_per_w_dc,1.5125,191.201400611761
real_discount_rate,0.107272727272727,space_generation_hardware_cost_gbp_per_w_dc,1.5125,198.30268964772
real_discount_rate,0.111136363636364,space_generation_hardware_cost_gbp_per_w_dc,1.5125,205.557455410375
real_discount_rate,0.115,space_generation_hardware_cost_gbp_per_w_dc,1.5125,212.965505019376
real_discount_rate,0.118863636363636,space_generation_hardware_cost_gbp_per_w_dc,1.5125,220.526693265404
real_discount_rate,0.122727272727273,space_generation_hardware_cost_gbp_per_w_dc,1.5125,228.240925762449
real_discount_rate,0.126590909090909,space_generation_hardware_cost_gbp_per_w_dc,1.5125,236.108161485998
real_discount_rate,0.130454545454545,space_generation_hardware_cost_gbp_per_w_dc,1.5125,244.128414746777
real_discount_rate,0.134318181818182,space_generation_hardware_cost_gbp_per_w_dc,1.5125,252.301756649934
real_discount_rate,0.138181818181818,space_generation_hardware_cost_gbp_per_w_dc,1.5125,260.628316089085
real_discount_rate,0.142045454545455,space_generation_hardware_cost_gbp_per_w_dc,1.5125,269.108280323419
real_discount_rate,0.145909090909091,space_generation_hardware_cost_gbp_per_w_dc,1.5125,277.741895184318
real_discount_rate,0.149772727272727,space_generation_hardware_cost_gbp_per_w_dc,1.5125,286.529464955827
real_discount_rate,0.153636363636364,space_generation_hardware_cost_gbp_per_w_dc,1.5125,295.471351970832
real_discount_rate,0.1575,space_generation_hardware_cost_gbp_per_w_dc,1.5125,304.56797596212
real_discount_rate,0.161363636363636,space_generation_hardware_cost_gbp_per_w_dc,1.5125,313.819813204706
real_discount_rate,0.165227272727273,space_generation_hardware_cost_gbp_per_w_dc,1.5125,323.227395482928
real_discount_rate,0.169090909090909,space_generation_hardware_cost_gbp_per_w_dc,1.5125,332.791308912941
real_discount_rate,0.172954545454545,space_generation_hardware_cost_gbp_per_w_dc,1.5125,342.512192648415
real_discount_rate,0.176818181818182,space_generation_hardware_cost_gbp_per_w_dc,1.5125,352.390737494475
real_discount_rate,0.180681818181818,space_generation_hardware_cost_gbp_per_w_dc,1.5125,362.427684452302
real_discount_rate,0.184545454545455,space_generation_hardware_cost_gbp_per_w_dc,1.5125,372.623823214309
real_discount_rate,0.188409090909091,space_generation_hardware_cost_gbp_per_w_dc,1.5125,382.979990627425
real_discount_rate,0.192272727272727,space_generation_hardware_cost_gbp_per_w_dc,1.5125,393.497069139858
real_discount_rate,0.196136363636364,space_generation_hardware_cost_gbp_per_w_dc,1.5125,404.175985244633
real_discount_rate,0.2,space_generation_hardware_cost_gbp_per_w_dc,1.5125,415.01770793138
real_discount_rate,0.03,space_generation_hardware_cost_gbp_per_w_dc,1.625,88.7574491493354
real_discount_rate,0.0338636363636364,space_generation_hardware_cost_gbp_per_w_dc,1.625,93.027411132665
real_discount_rate,0.0377272727272727,space_generation_hardware_cost_gbp_per_w_dc,1.625,97.4590447948845
real_discount_rate,0.0415909090909091,space_generation_hardware_cost_gbp_per_w_dc,1.625,102.052862671143
real_discount_rate,0.0454545454545455,space_generation_hardware_cost_gbp_per_w_dc,1.625,106.809224226656
real_discount_rate,0.0493181818181818,space_generation_hardware_cost_gbp_per_w_dc,1.625,111.728350270428
real_discount_rate,0.0531818181818182,space_generation_hardware_cost_gbp_per_w_dc,1.625,116.810337691592
real_discount_rate,0.0570454545454545,space_generation_hardware_cost_gbp_per_w_dc,1.625,122.055174310839
real_discount_rate,0.0609090909090909,space_generation_hardware_cost_gbp_per_w_dc,1.625,127.462753656111
real_discount_rate,0.0647727272727273,space_generation_hardware_cost_gbp_per_w_dc,1.625,133.032889490702
real_discount_rate,0.0686363636363636,space_generation_hardware_cost_gbp_per_w_dc,1.625,138.765329942501
real_discount_rate,0.0725,space_generation_hardware_cost_gbp_per_w_dc,1.625,144.659771104436
real_discount_rate,0.0763636363636364,space_generation_hardware_cost_gbp_per_w_dc,1.625,150.715869997825
real_discount_rate,0.0802272727272727,space_generation_hardware_cost_gbp_per_w_dc,1.625,156.933256811525
real_discount_rate,0.0840909090909091,space_generation_hardware_cost_gbp_per_w_dc,1.625,163.311546350216
real_discount_rate,0.0879545454545455,space_generation_hardware_cost_gbp_per_w_dc,1.625,169.850348644311
real_discount_rate,0.0918181818181818,space_generation_hardware_cost_gbp_per_w_dc,1.625,176.549278691711
real_discount_rate,0.0956818181818182,space_generation_hardware_cost_gbp_per_w_dc,1.625,183.407965317617
real_discount_rate,0.0995454545454545,space_generation_hardware_cost_gbp_per_w_dc,1.625,190.426059152769
real_discount_rate,0.103409090909091,space_generation_hardware_cost_gbp_per_w_dc,1.625,197.603239742778
real_discount_rate,0.107272727272727,space_generation_hardware_cost_gbp_per_w_dc,1.625,204.939221811622
real_discount_rate,0.111136363636364,space_generation_hardware_cost_gbp_per_w_dc,1.625,212.433760710967
real_discount_rate,0.115,space_generation_hardware_cost_gbp_per_w_dc,1.625,220.086657093811
real_discount_rate,0.118863636363636,space_generation_hardware_cost_gbp_per_w_dc,1.625,227.897760856204
real_discount_rate,0.122727272727273,space_generation_hardware_cost_gbp_per_w_dc,1.625,235.866974394547
real_discount_rate,0.126590909090909,space_generation_hardware_cost_gbp_per_w_dc,1.625,243.994255228453
real_discount_rate,0.130454545454545,space_generation_hardware_cost_gbp_per_w_dc,1.625,252.279618040425
real_discount_rate,0.134318181818182,space_generation_hardware_cost_gbp_per_w_dc,1.625,260.723136183916
real_discount_rate,0.138181818181818,space_generation_hardware_cost_gbp_per_w_dc,1.625,269.324942710813
real_discount_rate,0.142045454545455,space_generation_hardware_cost_gbp_per_w_dc,1.625,278.085230968138
real_discount_rate,0.145909090909091,space_generation_hardware_cost_gbp_per_w_dc,1.625,287.004254811963
real_discount_rate,0.149772727272727,space_generation_hardware_cost_gbp_per_w_dc,1.625,296.082328484343
real_discount_rate,0.153636363636364,space_generation_hardware_cost_gbp_per_w_dc,1.625,305.319826196507
real_discount_rate,0.1575,space_generation_hardware_cost_gbp_per_w_dc,1.625,314.717181458789
real_discount_rate,0.161363636363636,space_generation_hardware_cost_gbp_per_w_dc,1.625,324.274886194868
real_discount_rate,0.165227272727273,space_generation_hardware_cost_gbp_per_w_dc,1.625,333.993489674963
real_discount_rate,0.169090909090909,space_generation_hardware_cost_gbp_per_w_dc,1.625,343.873597299594
real_discount_rate,0.172954545454545,space_generation_hardware_cost_gbp_per_w_dc,1.625,353.91586926266
real_discount_rate,0.176818181818182,space_generation_hardware_cost_gbp_per_w_dc,1.625,364.121019119696
real_discount_rate,0.180681818181818,space_generation_hardware_cost_gbp_per_w_dc,1.625,374.489812284468
real_discount_rate,0.184545454545455,space_generation_hardware_cost_gbp_per_w_dc,1.625,385.023064474483
real_discount_rate,0.188409090909091,space_generation_hardware_cost_gbp_per_w_dc,1.625,395.721640123535
real_discount_rate,0.192272727272727,space_generation_hardware_cost_gbp_per_w_dc,1.625,406.586450777156
real_discount_rate,0.196136363636364,space_generation_hardware_cost_gbp_per_w_dc,1.625,417.618453484731
real_discount_rate,0.2,space_generation_hardware_cost_gbp_per_w_dc,1.625,428.818649200103
real_discount_rate,0.03,space_generation_hardware_cost_gbp_per_w_dc,1.7375,91.6785823771135
real_discount_rate,0.0338636363636364,space_generation_hardware_cost_gbp_per_w_dc,1.7375,96.0850010264075
real_discount_rate,0.0377272727272727,space_generation_hardware_cost_gbp_per_w_dc,1.7375,100.658270730935
real_discount_rate,0.0415909090909091,space_generation_hardware_cost_gbp_per_w_dc,1.7375,105.39892060452
real_discount_rate,0.0454545454545455,space_generation_hardware_cost_gbp_per_w_dc,1.7375,110.30732177092
real_discount_rate,0.0493181818181818,space_generation_hardware_cost_gbp_per_w_dc,1.7375,115.383702239146
real_discount_rate,0.0531818181818182,space_generation_hardware_cost_gbp_per_w_dc,1.7375,120.628162111891
real_discount_rate,0.0570454545454545,space_generation_hardware_cost_gbp_per_w_dc,1.7375,126.040688912882
real_discount_rate,0.0609090909090909,space_generation_hardware_cost_gbp_per_w_dc,1.7375,131.621172836195
real_discount_rate,0.0647727272727273,space_generation_hardware_cost_gbp_per_w_dc,1.7375,137.369421740166
real_discount_rate,0.0686363636363636,space_generation_hardware_cost_gbp_per_w_dc,1.7375,143.285175729768
real_discount_rate,0.0725,space_generation_hardware_cost_gbp_per_w_dc,1.7375,149.368121193336
real_discount_rate,0.0763636363636364,space_generation_hardware_cost_gbp_per_w_dc,1.7375,155.617904181862
real_discount_rate,0.0802272727272727,space_generation_hardware_cost_gbp_per_w_dc,1.7375,162.034143040948
real_discount_rate,0.0840909090909091,space_generation_hardware_cost_gbp_per_w_dc,1.7375,168.616440226596
real_discount_rate,0.0879545454545455,space_generation_hardware_cost_gbp_per_w_dc,1.7375,175.364393255803
real_discount_rate,0.0918181818181818,space_generation_hardware_cost_gbp_per_w_dc,1.7375,182.277604761213
real_discount_rate,0.0956818181818182,space_generation_hardware_cost_gbp_per_w_dc,1.7375,189.355691635576
real_discount_rate,0.0995454545454545,space_generation_hardware_cost_gbp_per_w_dc,1.7375,196.598293266389
real_discount_rate,0.103409090909091,space_generation_hardware_cost_gbp_per_w_dc,1.7375,204.005078873795
real_discount_rate,0.107272727272727,space_generation_hardware_cost_gbp_per_w_dc,1.7375,211.575753975523
real_discount_rate,0.111136363636364,space_generation_hardware_cost_gbp_per_w_dc,1.7375,219.310066011558
real_discount_rate,0.115,space_generation_hardware_cost_gbp_per_w_dc,1.7375,227.207809168246
real_discount_rate,0.118863636363636,space_generation_hardware_cost_gbp_per_w_dc,1.7375,235.268828447003
real_discount_rate,0.122727272727273,space_generation_hardware_cost_gbp_per_w_dc,1.7375,243.493023026645
real_discount_rate,0.126590909090909,space_generation_hardware_cost_gbp_per_w_dc,1.7375,251.880348970908
real_discount_rate,0.130454545454545,space_generation_hardware_cost_gbp_per_w_dc,1.7375,260.430821334072
real_discount_rate,0.134318181818182,space_generation_hardware_cost_gbp_per_w_dc,1.7375,269.144515717898
real_discount_rate,0.138181818181818,space_generation_hardware_cost_gbp_per_w_dc,1.7375,278.021569332542
real_discount_rate,0.142045454545455,space_generation_hardware_cost_gbp_per_w_dc,1.7375,287.062181612857
real_discount_rate,0.145909090909091,space_generation_hardware_cost_gbp_per_w_dc,1.7375,296.266614439607
real_discount_rate,0.149772727272727,space_generation_hardware_cost_gbp_per_w_dc,1.7375,305.635192012858
real_discount_rate,0.153636363636364,space_generation_hardware_cost_gbp_per_w_dc,1.7375,315.168300422183
real_discount_rate,0.1575,space_generation_hardware_cost_gbp_per_w_dc,1.7375,324.866386955458
real_discount_rate,0.161363636363636,space_generation_hardware_cost_gbp_per_w_dc,1.7375,334.729959185031
real_discount_rate,0.165227272727273,space_generation_hardware_cost_gbp_per_w_dc,1.7375,344.759583866998
real_discount_rate,0.169090909090909,space_generation_hardware_cost_gbp_per_w_dc,1.7375,354.955885686246
real_discount_rate,0.172954545454545,space_generation_hardware_cost_gbp_per_w_dc,1.7375,365.319545876904
real_discount_rate,0.176818181818182,space_generation_hardware_cost_gbp_per_w_dc,1.7375,375.851300744917
real_discount_rate,0.180681818181818,space_generation_hardware_cost_gbp_per_w_dc,1.7375,386.551940116634
real_discount_rate,0.184545454545455,space_generation_hardware_cost_gbp_per_w_dc,1.7375,397.422305734657
real_discount_rate,0.188409090909091,space_generation_hardware_cost_gbp_per_w_dc,1.7375,408.463289619644
real_discount_rate,0.192272727272727,space_generation_hardware_cost_gbp_per_w_dc,1.7375,419.675832414455
real_discount_rate,0.196136363636364,space_generation_hardware_cost_gbp_per_w_dc,1.7375,431.060921724829
real_discount_rate,0.2,space_generation_hardware_cost_gbp_per_w_dc,1.7375,442.619590468826
real_discount_rate,0.03,space_generation_hardware_cost_gbp_per_w_dc,1.85,94.5997156048916
real_discount_rate,0.0338636363636364,space_generation_hardware_cost_gbp_per_w_dc,1.85,99.1425909201499
real_discount_rate,0.0377272727272727,space_generation_hardware_cost_gbp_per_w_dc,1.85,103.857496666986
real_discount_rate,0.0415909090909091,space_generation_hardware_cost_gbp_per_w_dc,1.85,108.744978537897
real_discount_rate,0.0454545454545455,space_generation_hardware_cost_gbp_per_w_dc,1.85,113.805419315184
real_discount_rate,0.0493181818181818,space_generation_hardware_cost_gbp_per_w_dc,1.85,119.039054207863
real_discount_rate,0.0531818181818182,space_generation_hardware_cost_gbp_per_w_dc,1.85,124.445986532189
real_discount_rate,0.0570454545454545,space_generation_hardware_cost_gbp_per_w_dc,1.85,130.026203514925
real_discount_rate,0.0609090909090909,space_generation_hardware_cost_gbp_per_w_dc,1.85,135.779592016279
real_discount_rate,0.0647727272727273,space_generation_hardware_cost_gbp_per_w_dc,1.85,141.705953989629
real_discount_rate,0.0686363636363636,space_generation_hardware_cost_gbp_per_w_dc,1.85,147.805021517034
real_discount_rate,0.0725,space_generation_hardware_cost_gbp_per_w_dc,1.85,154.076471282236
real_discount_rate,0.0763636363636364,space_generation_hardware_cost_gbp_per_w_dc,1.85,160.5199383659
real_discount_rate,0.0802272727272727,space_generation_hardware_cost_gbp_per_w_dc,1.85,167.135029270372
real_discount_rate,0.0840909090909091,space_generation_hardware_cost_gbp_per_w_dc,1.85,173.921334102975
real_discount_rate,0.0879545454545455,space_generation_hardware_cost_gbp_per_w_dc,1.85,180.878437867294
real_discount_rate,0.0918181818181818,space_generation_hardware_cost_gbp_per_w_dc,1.85,188.005930830716
real_discount_rate,0.0956818181818182,space_generation_hardware_cost_gbp_per_w_dc,1.85,195.303417953535
real_discount_rate,0.0995454545454545,space_generation_hardware_cost_gbp_per_w_dc,1.85,202.770527380009
real_discount_rate,0.103409090909091,space_generation_hardware_cost_gbp_per_w_dc,1.85,210.406918004812
real_discount_rate,0.107272727272727,space_generation_hardware_cost_gbp_per_w_dc,1.85,218.212286139425
real_discount_rate,0.111136363636364,space_generation_hardware_cost_gbp_per_w_dc,1.85,226.18637131215
real_discount_rate,0.115,space_generation_hardware_cost_gbp_per_w_dc,1.85,234.328961242681
real_discount_rate,0.118863636363636,space_generation_hardware_cost_gbp_per_w_dc,1.85,242.639896037803
real_discount_rate,0.122727272727273,space_generation_hardware_cost_gbp_per_w_dc,1.85,251.119071658743
real_discount_rate,0.126590909090909,space_generation_hardware_cost_gbp_per_w_dc,1.85,259.766442713363
real_discount_rate,0.130454545454545,space_generation_hardware_cost_gbp_per_w_dc,1.85,268.58202462772
real_discount_rate,0.134318181818182,space_generation_hardware_cost_gbp_per_w_dc,1.85,277.56589525188
real_discount_rate,0.138181818181818,space_generation_hardware_cost_gbp_per_w_dc,1.85,286.71819595427
real_discount_rate,0.142045454545455,space_generation_hardware_cost_gbp_per_w_dc,1.85,296.039132257576
real_discount_rate,0.145909090909091,space_generation_hardware_cost_gbp_per_w_dc,1.85,305.528974067252
real_discount_rate,0.149772727272727,space_generation_hardware_cost_gbp_per_w_dc,1.85,315.188055541373
real_discount_rate,0.153636363636364,space_generation_hardware_cost_gbp_per_w_dc,1.85,325.016774647858
real_discount_rate,0.1575,space_generation_hardware_cost_gbp_per_w_dc,1.85,335.015592452127
real_discount_rate,0.161363636363636,space_generation_hardware_cost_gbp_per_w_dc,1.85,345.185032175193
real_discount_rate,0.165227272727273,space_generation_hardware_cost_gbp_per_w_dc,1.85,355.525678059033
real_discount_rate,0.169090909090909,space_generation_hardware_cost_gbp_per_w_dc,1.85,366.038174072899
real_discount_rate,0.172954545454545,space_generation_hardware_cost_gbp_per_w_dc,1.85,376.723222491149
real_discount_rate,0.176818181818182,space_generation_hardware_cost_gbp_per_w_dc,1.85,387.581582370138
real_discount_rate,0.180681818181818,space_generation_hardware_cost_gbp_per_w_dc,1.85,398.6140679488
real_discount_rate,0.184545454545455,space_generation_hardware_cost_gbp_per_w_dc,1.85,409.821546994832
real_discount_rate,0.188409090909091,space_generation_hardware_cost_gbp_per_w_dc,1.85,421.204939115754
real_discount_rate,0.192272727272727,space_generation_hardware_cost_gbp_per_w_dc,1.85,432.765214051753
real_discount_rate,0.196136363636364,space_generation_hardware_cost_gbp_per_w_dc,1.85,444.503389964928
real_discount_rate,0.2,space_generation_hardware_cost_gbp_per_w_dc,1.85,456.420531737549
real_discount_rate,0.03,space_generation_hardware_cost_gbp_per_w_dc,1.9625,97.5208488326697
real_discount_rate,0.0338636363636364,space_generation_hardware_cost_gbp_per_w_dc,1.9625,102.200180813892
real_discount_rate,0.0377272727272727,space_generation_hardware_cost_gbp_per_w_dc,1.9625,107.056722603037
real_discount_rate,0.0415909090909091,space_generation_hardware_cost_gbp_per_w_dc,1.9625,112.091036471274
real_discount_rate,0.0454545454545455,space_generation_hardware_cost_gbp_per_w_dc,1.9625,117.303516859447
real_discount_rate,0.0493181818181818,space_generation_hardware_cost_gbp_per_w_dc,1.9625,122.69440617658
real_discount_rate,0.0531818181818182,space_generation_hardware_cost_gbp_per_w_dc,1.9625,128.263810952488
real_discount_rate,0.0570454545454545,space_generation_hardware_cost_gbp_per_w_dc,1.9625,134.011718116968
real_discount_rate,0.0609090909090909,space_generation_hardware_cost_gbp_per_w_dc,1.9625,139.938011196363
real_discount_rate,0.0647727272727273,space_generation_hardware_cost_gbp_per_w_dc,1.9625,146.042486239093
real_discount_rate,0.0686363636363636,space_generation_hardware_cost_gbp_per_w_dc,1.9625,152.324867304301
real_discount_rate,0.0725,space_generation_hardware_cost_gbp_per_w_dc,1.9625,158.784821371135
real_discount_rate,0.0763636363636364,space_generation_hardware_cost_gbp_per_w_dc,1.9625,165.421972549937
real_discount_rate,0.0802272727272727,space_generation_hardware_cost_gbp_per_w_dc,1.9625,172.235915499795
real_discount_rate,0.0840909090909091,space_generation_hardware_cost_gbp_per_w_dc,1.9625,179.226227979355
real_discount_rate,0.0879545454545455,space_generation_hardware_cost_gbp_per_w_dc,1.9625,186.392482478786
real_discount_rate,0.0918181818181818,space_generation_hardware_cost_gbp_per_w_dc,1.9625,193.734256900218
real_discount_rate,0.0956818181818182,space_generation_hardware_cost_gbp_per_w_dc,1.9625,201.251144271494
real_discount_rate,0.0995454545454545,space_generation_hardware_cost_gbp_per_w_dc,1.9625,208.94276149363
real_discount_rate,0.103409090909091,space_generation_hardware_cost_gbp_per_w_dc,1.9625,216.808757135829
real_discount_rate,0.107272727272727,space_generation_hardware_cost_gbp_per_w_dc,1.9625,224.848818303327
real_discount_rate,0.111136363636364,space_generation_hardware_cost_gbp_per_w_dc,1.9625,233.062676612742
real_discount_rate,0.115,space_generation_hardware_cost_gbp_per_w_dc,1.9625,241.450113317116
real_discount_rate,0.118863636363636,space_generation_hardware_cost_gbp_per_w_dc,1.9625,250.010963628602
real_discount_rate,0.122727272727273,space_generation_hardware_cost_gbp_per_w_dc,1.9625,258.745120290841
real_discount_rate,0.126590909090909,space_generation_hardware_cost_gbp_per_w_dc,1.9625,267.652536455818
real_discount_rate,0.130454545454545,space_generation_hardware_cost_gbp_per_w_dc,1.9625,276.733227921368
real_discount_rate,0.134318181818182,space_generation_hardware_cost_gbp_per_w_dc,1.9625,285.987274785862
real_discount_rate,0.138181818181818,space_generation_hardware_cost_gbp_per_w_dc,1.9625,295.414822575998
real_discount_rate,0.142045454545455,space_generation_hardware_cost_gbp_per_w_dc,1.9625,305.016082902295
real_discount_rate,0.145909090909091,space_generation_hardware_cost_gbp_per_w_dc,1.9625,314.791333694897
real_discount_rate,0.149772727272727,space_generation_hardware_cost_gbp_per_w_dc,1.9625,324.740919069889
real_discount_rate,0.153636363636364,space_generation_hardware_cost_gbp_per_w_dc,1.9625,334.865248873534
real_discount_rate,0.1575,space_generation_hardware_cost_gbp_per_w_dc,1.9625,345.164797948796
real_discount_rate,0.161363636363636,space_generation_hardware_cost_gbp_per_w_dc,1.9625,355.640105165355
real_discount_rate,0.165227272727273,space_generation_hardware_cost_gbp_per_w_dc,1.9625,366.291772251068
real_discount_rate,0.169090909090909,space_generation_hardware_cost_gbp_per_w_dc,1.9625,377.120462459551
real_discount_rate,0.172954545454545,space_generation_hardware_cost_gbp_per_w_dc,1.9625,388.126899105394
real_discount_rate,0.176818181818182,space_generation_hardware_cost_gbp_per_w_dc,1.9625,399.311863995359
real_discount_rate,0.180681818181818,space_generation_hardware_cost_gbp_per_w_dc,1.9625,410.676195780966
real_discount_rate,0.184545454545455,space_generation_hardware_cost_gbp_per_w_dc,1.9625,422.220788255006
real_discount_rate,0.188409090909091,space_generation_hardware_cost_gbp_per_w_dc,1.9625,433.946588611863
real_discount_rate,0.192272727272727,space_generation_hardware_cost_gbp_per_w_dc,1.9625,445.854595689052
real_discount_rate,0.196136363636364,space_generation_hardware_cost_gbp_per_w_dc,1.9625,457.945858205026
real_discount_rate,0.2,space_generation_hardware_cost_gbp_per_w_dc,1.9625,470.221473006272
real_discount_rate,0.03,space_generation_hardware_cost_gbp_per_w_dc,2.075,100.441982060448
real_discount_rate,0.0338636363636364,space_generation_hardware_cost_gbp_per_w_dc,2.075,105.257770707635
real_discount_rate,0.0377272727272727,space_generation_hardware_cost_gbp_per_w_dc,2.075,110.255948539087
real_discount_rate,0.0415909090909091,space_generation_hardware_cost_gbp_per_w_dc,2.075,115.437094404651
real_discount_rate,0.0454545454545455,space_generation_hardware_cost_gbp_per_w_dc,2.075,120.801614403711
real_discount_rate,0.0493181818181818,space_generation_hardware_cost_gbp_per_w_dc,2.075,126.349758145297
real_discount_rate,0.0531818181818182,space_generation_hardware_cost_gbp_per_w_dc,2.075,132.081635372786
real_discount_rate,0.0570454545454545,space_generation_hardware_cost_gbp_per_w_dc,2.075,137.997232719011
real_discount_rate,0.0609090909090909,space_generation_hardware_cost_gbp_per_w_dc,2.075,144.096430376447
real_discount_rate,0.0647727272727273,space_generation_hardware_cost_gbp_per_w_dc,2.075,150.379018488557
real_discount_rate,0.0686363636363636,space_generation_hardware_cost_gbp_per_w_dc,2.075,156.844713091567
real_discount_rate,0.0725,space_generation_hardware_cost_gbp_per_w_dc,2.075,163.493171460035
real_discount_rate,0.0763636363636364,space_generation_hardware_cost_gbp_per_w_dc,2.075,170.324006733975
real_discount_rate,0.0802272727272727,space_generation_hardware_cost_gbp_per_w_dc,2.075,177.336801729218
real_discount_rate,0.0840909090909091,space_generation_hardware_cost_gbp_per_w_dc,2.075,184.531121855734
real_discount_rate,0.0879545454545455,space_generation_hardware_cost_gbp_per_w_dc,2.075,191.906527090277
real_discount_rate,0.0918181818181818,space_generation_hardware_cost_gbp_per_w_dc,2.075,199.46258296972
real_discount_rate,0.0956818181818182,space_generation_hardware_cost_gbp_per_w_dc,2.075,207.198870589453
real_discount_rate,0.0995454545454545,space_generation_hardware_cost_gbp_per_w_dc,2.075,215.11499560725
real_discount_rate,0.103409090909091,space_generation_hardware_cost_gbp_per_w_dc,2.075,223.210596266846
real_discount_rate,0.107272727272727,space_generation_hardware_cost_gbp_per_w_dc,2.075,231.485350467229
real_discount_rate,0.111136363636364,space_generation_hardware_cost_gbp_per_w_dc,2.075,239.938981913333
real_discount_rate,0.115,space_generation_hardware_cost_gbp_per_w_dc,2.075,248.571265391551
real_discount_rate,0.118863636363636,space_generation_hardware_cost_gbp_per_w_dc,2.075,257.382031219402
real_discount_rate,0.122727272727273,space_generation_hardware_cost_gbp_per_w_dc,2.075,266.371168922939
real_discount_rate,0.126590909090909,space_generation_hardware_cost_gbp_per_w_dc,2.075,275.538630198273
real_discount_rate,0.130454545454545,space_generation_hardware_cost_gbp_per_w_dc,2.075,284.884431215016
real_discount_rate,0.134318181818182,space_generation_hardware_cost_gbp_per_w_dc,2.075,294.408654319844
real_discount_rate,0.138181818181818,space_generation_hardware_cost_gbp_per_w_dc,2.075,304.111449197726
real_discount_rate,0.142045454545455,space_generation_hardware_cost_gbp_per_w_dc,2.075,313.993033547014
real_discount_rate,0.145909090909091,space_generation_hardware_cost_gbp_per_w_dc,2.075,324.053693322541
real_discount_rate,0.149772727272727,space_generation_hardware_cost_gbp_per_w_dc,2.075,334.293782598404
real_discount_rate,0.153636363636364,space_generation_hardware_cost_gbp_per_w_dc,2.075,344.713723099209
real_discount_rate,0.1575,space_generation_hardware_cost_gbp_per_w_dc,2.075,355.314003445465
real_discount_rate,0.161363636363636,space_generation_hardware_cost_gbp_per_w_dc,2.075,366.095178155518
real_discount_rate,0.165227272727273,space_generation_hardware_cost_gbp_per_w_dc,2.075,377.057866443103
real_discount_rate,0.169090909090909,space_generation_hardware_cost_gbp_per_w_dc,2.075,388.202750846204
real_discount_rate,0.172954545454545,space_generation_hardware_cost_gbp_per_w_dc,2.075,399.530575719638
real_discount_rate,0.176818181818182,space_generation_hardware_cost_gbp_per_w_dc,2.075,411.04214562058
real_discount_rate,0.180681818181818,space_generation_hardware_cost_gbp_per_w_dc,2.075,422.738323613132
real_discount_rate,0.184545454545455,space_generation_hardware_cost_gbp_per_w_dc,2.075,434.62002951518
real_discount_rate,0.188409090909091,space_generation_hardware_cost_gbp_per_w_dc,2.075,446.688238107973
real_discount_rate,0.192272727272727,space_generation_hardware_cost_gbp_per_w_dc,2.075,458.94397732635
real_discount_rate,0.196136363636364,space_generation_hardware_cost_gbp_per_w_dc,2.075,471.388326445125
real_discount_rate,0.2,space_generation_hardware_cost_gbp_per_w_dc,2.075,484.022414274995
real_discount_rate,0.03,space_generation_hardware_cost_gbp_per_w_dc,2.1875,103.363115288226
real_discount_rate,0.0338636363636364,space_generation_hardware_cost_gbp_per_w_dc,2.1875,108.315360601377
real_discount_rate,0.0377272727272727,space_generation_hardware_cost_gbp_per_w_dc,2.1875,113.455174475138
real_discount_rate,0.0415909090909091,space_generation_hardware_cost_gbp_per_w_dc,2.1875,118.783152338029
real_discount_rate,0.0454545454545455,space_generation_hardware_cost_gbp_per_w_dc,2.1875,124.299711947974
real_discount_rate,0.0493181818181818,space_generation_hardware_cost_gbp_per_w_dc,2.1875,130.005110114014
real_discount_rate,0.0531818181818182,space_generation_hardware_cost_gbp_per_w_dc,2.1875,135.899459793085
real_discount_rate,0.0570454545454545,space_generation_hardware_cost_gbp_per_w_dc,2.1875,141.982747321054
real_discount_rate,0.0609090909090909,space_generation_hardware_cost_gbp_per_w_dc,2.1875,148.254849556531
real_discount_rate,0.0647727272727273,space_generation_hardware_cost_gbp_per_w_dc,2.1875,154.715550738021
real_discount_rate,0.0686363636363636,space_generation_hardware_cost_gbp_per_w_dc,2.1875,161.364558878834
real_discount_rate,0.0725,space_generation_hardware_cost_gbp_per_w_dc,2.1875,168.201521548935
real_discount_rate,0.0763636363636364,space_generation_hardware_cost_gbp_per_w_dc,2.1875,175.226040918012
real_discount_rate,0.0802272727272727,space_generation_hardware_cost_gbp_per_w_dc,2.1875,182.437687958642
real_discount_rate,0.0840909090909091,space_generation_hardware_cost_gbp_per_w_dc,2.1875,189.836015732113
real_discount_rate,0.0879545454545455,space_generation_hardware_cost_gbp_per_w_dc,2.1875,197.420571701769
real_discount_rate,0.0918181818181818,space_generation_hardware_cost_gbp_per_w_dc,2.1875,205.190909039223
real_discount_rate,0.0956818181818182,space_generation_hardware_cost_gbp_per_w_dc,2.1875,213.146596907412
real_discount_rate,0.0995454545454545,space_generation_hardware_cost_gbp_per_w_dc,2.1875,221.28722972087
real_discount_rate,0.103409090909091,space_generation_hardware_cost_gbp_per_w_dc,2.1875,229.612435397863
real_discount_rate,0.107272727272727,space_generation_hardware_cost_gbp_per_w_dc,2.1875,238.12188263113
real_discount_rate,0.111136363636364,space_generation_hardware_cost_gbp_per_w_dc,2.1875,246.815287213925
real_discount_rate,0.115,space_generation_hardware_cost_gbp_per_w_dc,2.1875,255.692417465986
real_discount_rate,0.118863636363636,space_generation_hardware_cost_gbp_per_w_dc,2.1875,264.753098810201
real_discount_rate,0.122727272727273,space_generation_hardware_cost_gbp_per_w_dc,2.1875,273.997217555038
real_discount_rate,0.126590909090909,space_generation_hardware_cost_gbp_per_w_dc,2.1875,283.424723940728
real_discount_rate,0.130454545454545,space_generation_hardware_cost_gbp_per_w_dc,2.1875,293.035634508663
real_discount_rate,0.134318181818182,space_generation_hardware_cost_gbp_per_w_dc,2.1875,302.830033853826
real_discount_rate,0.138181818181818,space_generation_hardware_cost_gbp_per_w_dc,2.1875,312.808075819455
real_discount_rate,0.142045454545455,space_generation_hardware_cost_gbp_per_w_dc,2.1875,322.969984191733
real_discount_rate,0.145909090909091,space_generation_hardware_cost_gbp_per_w_dc,2.1875,333.316052950186
real_discount_rate,0.149772727272727,space_generation_hardware_cost_gbp_per_w_dc,2.1875,343.84664612692
real_discount_rate,0.153636363636364,space_generation_hardware_cost_gbp_per_w_dc,2.1875,354.562197324885
real_discount_rate,0.1575,space_generation_hardware_cost_gbp_per_w_dc,2.1875,365.463208942134
real_discount_rate,0.161363636363636,space_generation_hardware_cost_gbp_per_w_dc,2.1875,376.55025114568
real_discount_rate,0.165227272727273,space_generation_hardware_cost_gbp_per_w_dc,2.1875,387.823960635138
real_discount_rate,0.169090909090909,space_generation_hardware_cost_gbp_per_w_dc,2.1875,399.285039232856
real_discount_rate,0.172954545454545,space_generation_hardware_cost_gbp_per_w_dc,2.1875,410.934252333883
real_discount_rate,0.176818181818182,space_generation_hardware_cost_gbp_per_w_dc,2.1875,422.772427245801
real_discount_rate,0.180681818181818,space_generation_hardware_cost_gbp_per_w_dc,2.1875,434.800451445299
real_discount_rate,0.184545454545455,space_generation_hardware_cost_gbp_per_w_dc,2.1875,447.019270775354
real_discount_rate,0.188409090909091,space_generation_hardware_cost_gbp_per_w_dc,2.1875,459.429887604082
real_discount_rate,0.192272727272727,space_generation_hardware_cost_gbp_per_w_dc,2.1875,472.033358963648
real_discount_rate,0.196136363636364,space_generation_hardware_cost_gbp_per_w_dc,2.1875,484.830794685223
real_discount_rate,0.2,space_generation_hardware_cost_gbp_per_w_dc,2.1875,497.823355543718
real_discount_rate,0.03,space_generation_hardware_cost_gbp_per_w_dc,2.3,106.284248516004
real_discount_rate,0.0338636363636364,space_generation_hardware_cost_gbp_per_w_dc,2.3,111.37295049512
real_discount_rate,0.0377272727272727,space_generation_hardware_cost_gbp_per_w_dc,2.3,116.654400411189
real_discount_rate,0.0415909090909091,space_generation_hardware_cost_gbp_per_w_dc,2.3,122.129210271406
real_discount_rate,0.0454545454545455,space_generation_hardware_cost_gbp_per_w_dc,2.3,127.797809492238
real_discount_rate,0.0493181818181818,space_generation_hardware_cost_gbp_per_w_dc,2.3,133.660462082731
real_discount_rate,0.0531818181818182,space_generation_hardware_cost_gbp_per_w_dc,2.3,139.717284213383
real_discount_rate,0.0570454545454545,space_generation_hardware_cost_gbp_per_w_dc,2.3,145.968261923097
real_discount_rate,0.0609090909090909,space_generation_hardware_cost_gbp_per_w_dc,2.3,152.413268736615
real_discount_rate,0.0647727272727273,space_generation_hardware_cost_gbp_per_w_dc,2.3,159.052082987485
real_discount_rate,0.0686363636363636,space_generation_hardware_cost_gbp_per_w_dc,2.3,165.8844046661
real_discount_rate,0.0725,space_generation_hardware_cost_gbp_per_w_dc,2.3,172.909871637834
real_discount_rate,0.0763636363636364,space_generation_hardware_cost_gbp_per_w_dc,2.3,180.12807510205
real_discount_rate,0.0802272727272727,space_generation_hardware_cost_gbp_per_w_dc,2.3,187.538574188065
real_discount_rate,0.0840909090909091,space_generation_hardware_cost_gbp_per_w_dc,2.3,195.140909608493
real_discount_rate,0.0879545454545455,space_generation_hardware_cost_gbp_per_w_dc,2.3,202.93461631326
real_discount_rate,0.0918181818181818,space_generation_hardware_cost_gbp_per_w_dc,2.3,210.919235108725
real_discount_rate,0.0956818181818182,space_generation_hardware_cost_gbp_per_w_dc,2.3,219.094323225371
real_discount_rate,0.0995454545454545,space_generation_hardware_cost_gbp_per_w_dc,2.3,227.45946383449
real_discount_rate,0.103409090909091,space_generation_hardware_cost_gbp_per_w_dc,2.3,236.01427452888
real_discount_rate,0.107272727272727,space_generation_hardware_cost_gbp_per_w_dc,2.3,244.758414795032
real_discount_rate,0.111136363636364,space_generation_hardware_cost_gbp_per_w_dc,2.3,253.691592514516
real_discount_rate,0.115,space_generation_hardware_cost_gbp_per_w_dc,2.3,262.813569540421
real_discount_rate,0.118863636363636,space_generation_hardware_cost_gbp_per_w_dc,2.3,272.124166401001
real_discount_rate,0.122727272727273,space_generation_hardware_cost_gbp_per_w_dc,2.3,281.623266187136
real_discount_rate,0.126590909090909,space_generation_hardware_cost_gbp_per_w_dc,2.3,291.310817683183
real_discount_rate,0.130454545454545,space_generation_hardware_cost_gbp_per_w_dc,2.3,301.186837802311
real_discount_rate,0.134318181818182,space_generation_hardware_cost_gbp_per_w_dc,2.3,311.251413387808
real_discount_rate,0.138181818181818,space_generation_hardware_cost_gbp_per_w_dc,2.3,321.504702441183
real_discount_rate,0.142045454545455,space_generation_hardware_cost_gbp_per_w_dc,2.3,331.946934836452
real_discount_rate,0.145909090909091,space_generation_hardware_cost_gbp_per_w_dc,2.3,342.578412577831
real_discount_rate,0.149772727272727,space_generation_hardware_cost_gbp_per_w_dc,2.3,353.399509655435
real_discount_rate,0.153636363636364,space_generation_hardware_cost_gbp_per_w_dc,2.3,364.41067155056
real_discount_rate,0.1575,space_generation_hardware_cost_gbp_per_w_dc,2.3,375.612414438802
real_discount_rate,0.161363636363636,space_generation_hardware_cost_gbp_per_w_dc,2.3,387.005324135842
real_discount_rate,0.165227272727273,space_generation_hardware_cost_gbp_per_w_dc,2.3,398.590054827173
real_discount_rate,0.169090909090909,space_generation_hardware_cost_gbp_per_w_dc,2.3,410.367327619509
real_discount_rate,0.172954545454545,space_generation_hardware_cost_gbp_per_w_dc,2.3,422.337928948127
real_discount_rate,0.176818181818182,space_generation_hardware_cost_gbp_per_w_dc,2.3,434.502708871022
real_discount_rate,0.180681818181818,space_generation_hardware_cost_gbp_per_w_dc,2.3,446.862579277465
real_discount_rate,0.184545454545455,space_generation_hardware_cost_gbp_per_w_dc,2.3,459.418512035528
real_discount_rate,0.188409090909091,space_generation_hardware_cost_gbp_per_w_dc,2.3,472.171537100192
real_discount_rate,0.192272727272727,space_generation_hardware_cost_gbp_per_w_dc,2.3,485.122740600947
real_discount_rate,0.196136363636364,space_generation_hardware_cost_gbp_per_w_dc,2.3,498.273262925321
real_discount_rate,0.2,space_generation_hardware_cost_gbp_per_w_dc,2.3,511.62429681244
real_discount_rate,0.03,space_generation_hardware_cost_gbp_per_w_dc,2.4125,109.205381743782
real_discount_rate,0.0338636363636364,space_generation_hardware_cost_gbp_per_w_dc,2.4125,114.430540388862
real_discount_rate,0.0377272727272727,space_generation_hardware_cost_gbp_per_w_dc,2.4125,119.853626347239
real_discount_rate,0.0415909090909091,space_generation_hardware_cost_gbp_per_w_dc,2.4125,125.475268204783
real_discount_rate,0.0454545454545455,space_generation_hardware_cost_gbp_per_w_dc,2.4125,131.295907036502
real_discount_rate,0.0493181818181818,space_generation_hardware_cost_gbp_per_w_dc,2.4125,137.315814051448
real_discount_rate,0.0531818181818182,space_generation_hardware_cost_gbp_per_w_dc,2.4125,143.535108633682
real_discount_rate,0.0570454545454545,space_generation_hardware_cost_gbp_per_w_dc,2.4125,149.95377652514
real_discount_rate,0.0609090909090909,space_generation_hardware_cost_gbp_per_w_dc,2.4125,156.571687916699
real_discount_rate,0.0647727272727273,space_generation_hardware_cost_gbp_per_w_dc,2.4125,163.388615236949
real_discount_rate,0.0686363636363636,space_generation_hardware_cost_gbp_per_w_dc,2.4125,170.404250453367
real_discount_rate,0.0725,space_generation_hardware_cost_gbp_per_w_dc,2.4125,177.618221726734
real_discount_rate,0.0763636363636364,space_generation_hardware_cost_gbp_per_w_dc,2.4125,185.030109286087
real_discount_rate,0.0802272727272727,space_generation_hardware_cost_gbp_per_w_dc,2.4125,192.639460417489
real_discount_rate,0.0840909090909091,space_generation_hardware_cost_gbp_per_w_dc,2.4125,200.445803484872
real_discount_rate,0.0879545454545455,space_generation_hardware_cost_gbp_per_w_dc,2.4125,208.448660924752
real_discount_rate,0.0918181818181818,space_generation_hardware_cost_gbp_per_w_dc,2.4125,216.647561178227
real_discount_rate,0.0956818181818182,space_generation_hardware_cost_gbp_per_w_dc,2.4125,225.04204954333
real_discount_rate,0.0995454545454545,space_generation_hardware_cost_gbp_per_w_dc,2.4125,233.631697948111
real_discount_rate,0.103409090909091,space_generation_hardware_cost_gbp_per_w_dc,2.4125,242.416113659897
real_discount_rate,0.107272727272727,space_generation_hardware_cost_gbp_per_w_dc,2.4125,251.394946958934
real_discount_rate,0.111136363636364,space_generation_hardware_cost_gbp_per_w_dc,2.4125,260.567897815108
real_discount_rate,0.115,space_generation_hardware_cost_gbp_per_w_dc,2.4125,269.934721614856
real_discount_rate,0.118863636363636,space_generation_hardware_cost_gbp_per_w_dc,2.4125,279.4952339918
real_discount_rate,0.122727272727273,space_generation_hardware_cost_gbp_per_w_dc,2.4125,289.249314819234
real_discount_rate,0.126590909090909,space_generation_hardware_cost_gbp_per_w_dc,2.4125,299.196911425638
real_discount_rate,0.130454545454545,space_generation_hardware_cost_gbp_per_w_dc,2.4125,309.338041095959
real_discount_rate,0.134318181818182,space_generation_hardware_cost_gbp_per_w_dc,2.4125,319.67279292179
real_discount_rate,0.138181818181818,space_generation_hardware_cost_gbp_per_w_dc,2.4125,330.201329062911
real_discount_rate,0.142045454545455,space_generation_hardware_cost_gbp_per_w_dc,2.4125,340.923885481171
real_discount_rate,0.145909090909091,space_generation_hardware_cost_gbp_per_w_dc,2.4125,351.840772205475
real_discount_rate,0.149772727272727,space_generation_hardware_cost_gbp_per_w_dc,2.4125,362.952373183951
real_discount_rate,0.153636363636364,space_generation_hardware_cost_gbp_per_w_dc,2.4125,374.259145776236
real_discount_rate,0.1575,space_generation_hardware_cost_gbp_per_w_dc,2.4125,385.761619935471
real_discount_rate,0.161363636363636,space_generation_hardware_cost_gbp_per_w_dc,2.4125,397.460397126005
real_discount_rate,0.165227272727273,space_generation_hardware_cost_gbp_per_w_dc,2.4125,409.356149019208
real_discount_rate,0.169090909090909,space_generation_hardware_cost_gbp_per_w_dc,2.4125,421.449616006161
real_discount_rate,0.172954545454545,space_generation_hardware_cost_gbp_per_w_dc,2.4125,433.741605562372
real_discount_rate,0.176818181818182,space_generation_hardware_cost_gbp_per_w_dc,2.4125,446.232990496243
real_discount_rate,0.180681818181818,space_generation_hardware_cost_gbp_per_w_dc,2.4125,458.924707109631
real_discount_rate,0.184545454545455,space_generation_hardware_cost_gbp_per_w_dc,2.4125,471.817753295702
real_discount_rate,0.188409090909091,space_generation_hardware_cost_gbp_per_w_dc,2.4125,484.913186596301
real_discount_rate,0.192272727272727,space_generation_hardware_cost_gbp_per_w_dc,2.4125,498.212122238245
real_discount_rate,0.196136363636364,space_generation_hardware_cost_gbp_per_w_dc,2.4125,511.71573116542
real_discount_rate,0.2,space_generation_hardware_cost_gbp_per_w_dc,2.4125,525.425238081163
real_discount_rate,0.03,space_generation_hardware_cost_gbp_per_w_dc,2.525,112.12651497156
real_discount_rate,0.0338636363636364,space_generation_hardware_cost_gbp_per_w_dc,2.525,117.488130282605
real_discount_rate,0.0377272727272727,space_generation_hardware_cost_gbp_per_w_dc,2.525,123.05285228329
real_discount_rate,0.0415909090909091,space_generation_hardware_cost_gbp_per_w_dc,2.525,128.82132613816
real_discount_rate,0.0454545454545455,space_generation_hardware_cost_gbp_per_w_dc,2.525,134.794004580765
real_discount_rate,0.0493181818181818,space_generation_hardware_cost_gbp_per_w_dc,2.525,140.971166020165
real_discount_rate,0.0531818181818182,space_generation_hardware_cost_gbp_per_w_dc,2.525,147.35293305398
real_discount_rate,0.0570454545454545,space_generation_hardware_cost_gbp_per_w_dc,2.525,153.939291127183
real_discount_rate,0.0609090909090909,space_generation_hardware_cost_gbp_per_w_dc,2.525,160.730107096783
real_discount_rate,0.0647727272727273,space_generation_hardware_cost_gbp_per_w_dc,2.525,167.725147486412
real_discount_rate,0.0686363636363636,space_generation_hardware_cost_gbp_per_w_dc,2.525,174.924096240633
real_discount_rate,0.0725,space_generation_hardware_cost_gbp_per_w_dc,2.525,182.326571815633
real_discount_rate,0.0763636363636364,space_generation_hardware_cost_gbp_per_w_dc,2.525,189.932143470125
real_discount_rate,0.0802272727272727,space_generation_hardware_cost_gbp_per_w_dc,2.525,197.740346646912
real_discount_rate,0.0840909090909091,space_generation_hardware_cost_gbp_per_w_dc,2.525,205.750697361251
real_discount_rate,0.0879545454545455,space_generation_hardware_cost_gbp_per_w_dc,2.525,213.962705536243
real_discount_rate,0.0918181818181818,space_generation_hardware_cost_gbp_per_w_dc,2.525,222.375887247729
real_discount_rate,0.0956818181818182,space_generation_hardware_cost_gbp_per_w_dc,2.525,230.989775861289
real_discount_rate,0.0995454545454545,space_generation_hardware_cost_gbp_per_w_dc,2.525,239.803932061731
real_discount_rate,0.103409090909091,space_generation_hardware_cost_gbp_per_w_dc,2.525,248.817952790914
real_discount_rate,0.107272727272727,space_generation_hardware_cost_gbp_per_w_dc,2.525,258.031479122836
real_discount_rate,0.111136363636364,space_generation_hardware_cost_gbp_per_w_dc,2.525,267.4442031157
real_discount_rate,0.115,space_generation_hardware_cost_gbp_per_w_dc,2.525,277.055873689291
real_discount_rate,0.118863636363636,space_generation_hardware_cost_gbp_per_w_dc,2.525,286.8663015826
real_discount_rate,0.122727272727273,space_generation_hardware_cost_gbp_per_w_dc,2.525,296.875363451332
real_discount_rate,0.126590909090909,space_generation_hardware_cost_gbp_per_w_dc,2.525,307.083005168092
real_discount_rate,0.130454545454545,space_generation_hardware_cost_gbp_per_w_dc,2.525,317.489244389607
real_discount_rate,0.134318181818182,space_generation_hardware_cost_gbp_per_w_dc,2.525,328.094172455772
real_discount_rate,0.138181818181818,space_generation_hardware_cost_gbp_per_w_dc,2.525,338.897955684639
real_discount_rate,0.142045454545455,space_generation_hardware_cost_gbp_per_w_dc,2.525,349.90083612589
real_discount_rate,0.145909090909091,space_generation_hardware_cost_gbp_per_w_dc,2.525,361.10313183312
real_discount_rate,0.149772727272727,space_generation_hardware_cost_gbp_per_w_dc,2.525,372.505236712466
real_discount_rate,0.153636363636364,space_generation_hardware_cost_gbp_per_w_dc,2.525,384.107620001911
real_discount_rate,0.1575,space_generation_hardware_cost_gbp_per_w_dc,2.525,395.91082543214
real_discount_rate,0.161363636363636,space_generation_hardware_cost_gbp_per_w_dc,2.525,407.915470116167
real_discount_rate,0.165227272727273,space_generation_hardware_cost_gbp_per_w_dc,2.525,420.122243211243
real_discount_rate,0.169090909090909,space_generation_hardware_cost_gbp_per_w_dc,2.525,432.531904392814
real_discount_rate,0.172954545454545,space_generation_hardware_cost_gbp_per_w_dc,2.525,445.145282176617
real_discount_rate,0.176818181818182,space_generation_hardware_cost_gbp_per_w_dc,2.525,457.963272121464
real_discount_rate,0.180681818181818,space_generation_hardware_cost_gbp_per_w_dc,2.525,470.986834941797
real_discount_rate,0.184545454545455,space_generation_hardware_cost_gbp_per_w_dc,2.525,484.216994555877
real_discount_rate,0.188409090909091,space_generation_hardware_cost_gbp_per_w_dc,2.525,497.654836092411
real_discount_rate,0.192272727272727,space_generation_hardware_cost_gbp_per_w_dc,2.525,511.301503875544
real_discount_rate,0.196136363636364,space_generation_hardware_cost_gbp_per_w_dc,2.525,525.158199405518
real_discount_rate,0.2,space_generation_hardware_cost_gbp_per_w_dc,2.525,539.226179349886
real_discount_rate,0.03,space_generation_hardware_cost_gbp_per_w_dc,2.6375,115.047648199338
real_discount_rate,0.0338636363636364,space_generation_hardware_cost_gbp_per_w_dc,2.6375,120.545720176347
real_discount_rate,0.0377272727272727,space_generation_hardware_cost_gbp_per_w_dc,2.6375,126.252078219341
real_discount_rate,0.0415909090909091,space_generation_hardware_cost_gbp_per_w_dc,2.6375,132.167384071537
real_discount_rate,0.0454545454545455,space_generation_hardware_cost_gbp_per_w_dc,2.6375,138.292102125029
real_discount_rate,0.0493181818181818,space_generation_hardware_cost_gbp_per_w_dc,2.6375,144.626517988882
real_discount_rate,0.0531818181818182,space_generation_hardware_cost_gbp_per_w_dc,2.6375,151.170757474279
real_discount_rate,0.0570454545454545,space_generation_hardware_cost_gbp_per_w_dc,2.6375,157.924805729226
real_discount_rate,0.0609090909090909,space_generation_hardware_cost_gbp_per_w_dc,2.6375,164.888526276867
real_discount_rate,0.0647727272727273,space_generation_hardware_cost_gbp_per_w_dc,2.6375,172.061679735876
real_discount_rate,0.0686363636363636,space_generation_hardware_cost_gbp_per_w_dc,2.6375,179.4439420279
real_discount_rate,0.0725,space_generation_hardware_cost_gbp_per_w_dc,2.6375,187.034921904533
real_discount_rate,0.0763636363636364,space_generation_hardware_cost_gbp_per_w_dc,2.6375,194.834177654162
real_discount_rate,0.0802272727272727,space_generation_hardware_cost_gbp_per_w_dc,2.6375,202.841232876335
real_discount_rate,0.0840909090909091,space_generation_hardware_cost_gbp_per_w_dc,2.6375,211.055591237631
real_discount_rate,0.0879545454545455,space_generation_hardware_cost_gbp_per_w_dc,2.6375,219.476750147735
real_discount_rate,0.0918181818181818,space_generation_hardware_cost_gbp_per_w_dc,2.6375,228.104213317232
real_discount_rate,0.0956818181818182,space_generation_hardware_cost_gbp_per_w_dc,2.6375,236.937502179248
real_discount_rate,0.0995454545454545,space_generation_hardware_cost_gbp_per_w_dc,2.6375,245.976166175351
real_discount_rate,0.103409090909091,space_generation_hardware_cost_gbp_per_w_dc,2.6375,255.219791921931
real_discount_rate,0.107272727272727,space_generation_hardware_cost_gbp_per_w_dc,2.6375,264.668011286738
real_discount_rate,0.111136363636364,space_generation_hardware_cost_gbp_per_w_dc,2.6375,274.320508416291
real_discount_rate,0.115,space_generation_hardware_cost_gbp_per_w_dc,2.6375,284.177025763727
real_discount_rate,0.118863636363636,space_generation_hardware_cost_gbp_per_w_dc,2.6375,294.237369173399
real_discount_rate,0.122727272727273,space_generation_hardware_cost_gbp_per_w_dc,2.6375,304.50141208343
real_discount_rate,0.126590909090909,space_generation_hardware_cost_gbp_per_w_dc,2.6375,314.969098910547
real_discount_rate,0.130454545454545,space_generation_hardware_cost_gbp_per_w_dc,2.6375,325.640447683254
real_discount_rate,0.134318181818182,space_generation_hardware_cost_gbp_per_w_dc,2.6375,336.515551989754
real_discount_rate,0.138181818181818,space_generation_hardware_cost_gbp_per_w_dc,2.6375,347.594582306367
real_discount_rate,0.142045454545455,space_generation_hardware_cost_gbp_per_w_dc,2.6375,358.877786770609
real_discount_rate,0.145909090909091,space_generation_hardware_cost_gbp_per_w_dc,2.6375,370.365491460765
real_discount_rate,0.149772727272727,space_generation_hardware_cost_gbp_per_w_dc,2.6375,382.058100240982
real_discount_rate,0.153636363636364,space_generation_hardware_cost_gbp_per_w_dc,2.6375,393.956094227587
real_discount_rate,0.1575,space_generation_hardware_cost_gbp_per_w_dc,2.6375,406.060030928809
real_discount_rate,0.161363636363636,space_generation_hardware_cost_gbp_per_w_dc,2.6375,418.370543106329
real_discount_rate,0.165227272727273,space_generation_hardware_cost_gbp_per_w_dc,2.6375,430.888337403278
real_discount_rate,0.169090909090909,space_generation_hardware_cost_gbp_per_w_dc,2.6375,443.614192779466
real_discount_rate,0.172954545454545,space_generation_hardware_cost_gbp_per_w_dc,2.6375,456.548958790861
real_discount_rate,0.176818181818182,space_generation_hardware_cost_gbp_per_w_dc,2.6375,469.693553746686
real_discount_rate,0.180681818181818,space_generation_hardware_cost_gbp_per_w_dc,2.6375,483.048962773963
real_discount_rate,0.184545454545455,space_generation_hardware_cost_gbp_per_w_dc,2.6375,496.616235816051
real_discount_rate,0.188409090909091,space_generation_hardware_cost_gbp_per_w_dc,2.6375,510.39648558852
real_discount_rate,0.192272727272727,space_generation_hardware_cost_gbp_per_w_dc,2.6375,524.390885512842
real_discount_rate,0.196136363636364,space_generation_hardware_cost_gbp_per_w_dc,2.6375,538.600667645616
real_discount_rate,0.2,space_generation_hardware_cost_gbp_per_w_dc,2.6375,553.027120618609
real_discount_rate,0.03,space_generation_hardware_cost_gbp_per_w_dc,2.75,117.968781427116
real_discount_rate,0.0338636363636364,space_generation_hardware_cost_gbp_per_w_dc,2.75,123.603310070089
real_discount_rate,0.0377272727272727,space_generation_hardware_cost_gbp_per_w_dc,2.75,129.451304155391
real_discount_rate,0.0415909090909091,space_generation_hardware_cost_gbp_per_w_dc,2.75,135.513442004914
real_discount_rate,0.0454545454545455,space_generation_hardware_cost_gbp_per_w_dc,2.75,141.790199669292
real_discount_rate,0.0493181818181818,space_generation_hardware_cost_gbp_per_w_dc,2.75,148.281869957599
real_discount_rate,0.0531818181818182,space_generation_hardware_cost_gbp_per_w_dc,2.75,154.988581894577
real_discount_rate,0.0570454545454545,space_generation_hardware_cost_gbp_per_w_dc,2.75,161.910320331269
real_discount_rate,0.0609090909090909,space_generation_hardware_cost_gbp_per_w_dc,2.75,169.046945456951
real_discount_rate,0.0647727272727273,space_generation_hardware_cost_gbp_per_w_dc,2.75,176.39821198534
real_discount_rate,0.0686363636363636,space_generation_hardware_cost_gbp_per_w_dc,2.75,183.963787815166
real_discount_rate,0.0725,space_generation_hardware_cost_gbp_per_w_dc,2.75,191.743271993433
real_discount_rate,0.0763636363636364,space_generation_hardware_cost_gbp_per_w_dc,2.75,199.7362118382
real_discount_rate,0.0802272727272727,space_generation_hardware_cost_gbp_per_w_dc,2.75,207.942119105759
real_discount_rate,0.0840909090909091,space_generation_hardware_cost_gbp_per_w_dc,2.75,216.36048511401
real_discount_rate,0.0879545454545455,space_generation_hardware_cost_gbp_per_w_dc,2.75,224.990794759226
real_discount_rate,0.0918181818181818,space_generation_hardware_cost_gbp_per_w_dc,2.75,233.832539386734
real_discount_rate,0.0956818181818182,space_generation_hardware_cost_gbp_per_w_dc,2.75,242.885228497207
real_discount_rate,0.0995454545454545,space_generation_hardware_cost_gbp_per_w_dc,2.75,252.148400288971
real_discount_rate,0.103409090909091,space_generation_hardware_cost_gbp_per_w_dc,2.75,261.621631052948
real_discount_rate,0.107272727272727,space_generation_hardware_cost_gbp_per_w_dc,2.75,271.304543450639
real_discount_rate,0.111136363636364,space_generation_hardware_cost_gbp_per_w_dc,2.75,281.196813716883
real_discount_rate,0.115,space_generation_hardware_cost_gbp_per_w_dc,2.75,291.298177838162
real_discount_rate,0.118863636363636,space_generation_hardware_cost_gbp_per_w_dc,2.75,301.608436764199
real_discount_rate,0.122727272727273,space_generation_hardware_cost_gbp_per_w_dc,2.75,312.127460715529
real_discount_rate,0.126590909090909,space_generation_hardware_cost_gbp_per_w_dc,2.75,322.855192653002
real_discount_rate,0.130454545454545,space_generation_hardware_cost_gbp_per_w_dc,2.75,333.791650976902
real_discount_rate,0.134318181818182,space_generation_hardware_cost_gbp_per_w_dc,2.75,344.936931523736
real_discount_rate,0.138181818181818,space_generation_hardware_cost_gbp_per_w_dc,2.75,356.291208928096
real_discount_rate,0.142045454545455,space_generation_hardware_cost_gbp_per_w_dc,2.75,367.854737415328
real_discount_rate,0.145909090909091,space_generation_hardware_cost_gbp_per_w_dc,2.75,379.627851088409
real_discount_rate,0.149772727272727,space_generation_hardware_cost_gbp_per_w_dc,2.75,391.610963769497
real_discount_rate,0.153636363636364,space_generation_hardware_cost_gbp_per_w_dc,2.75,403.804568453262
real_discount_rate,0.1575,space_generation_hardware_cost_gbp_per_w_dc,2.75,416.209236425478
real_discount_rate,0.161363636363636,space_generation_hardware_cost_gbp_per_w_dc,2.75,428.825616096492
real_discount_rate,0.165227272727273,space_generation_hardware_cost_gbp_per_w_dc,2.75,441.654431595313
real_discount_rate,0.169090909090909,space_generation_hardware_cost_gbp_per_w_dc,2.75,454.696481166119
real_discount_rate,0.172954545454545,space_generation_hardware_cost_gbp_per_w_dc,2.75,467.952635405106
real_discount_rate,0.176818181818182,space_generation_hardware_cost_gbp_per_w_dc,2.75,481.423835371907
real_discount_rate,0.180681818181818,space_generation_hardware_cost_gbp_per_w_dc,2.75,495.111090606129
real_discount_rate,0.184545454545455,space_generation_hardware_cost_gbp_per_w_dc,2.75,509.015477076225
real_discount_rate,0.188409090909091,space_generation_hardware_cost_gbp_per_w_dc,2.75,523.13813508463
real_discount_rate,0.192272727272727,space_generation_hardware_cost_gbp_per_w_dc,2.75,537.48026715014
real_discount_rate,0.196136363636364,space_generation_hardware_cost_gbp_per_w_dc,2.75,552.043135885715
real_discount_rate,0.2,space_generation_hardware_cost_gbp_per_w_dc,2.75,566.828061887332
real_discount_rate,0.03,space_generation_hardware_cost_gbp_per_w_dc,2.8625,120.889914654894
real_discount_rate,0.0338636363636364,space_generation_hardware_cost_gbp_per_w_dc,2.8625,126.660899963832
real_discount_rate,0.0377272727272727,space_generation_hardware_cost_gbp_per_w_dc,2.8625,132.650530091442
real_discount_rate,0.0415909090909091,space_generation_hardware_cost_gbp_per_w_dc,2.8625,138.859499938291
real_discount_rate,0.0454545454545455,space_generation_hardware_cost_gbp_per_w_dc,2.8625,145.288297213556
real_discount_rate,0.0493181818181818,space_generation_hardware_cost_gbp_per_w_dc,2.8625,151.937221926316
real_discount_rate,0.0531818181818182,space_generation_hardware_cost_gbp_per_w_dc,2.8625,158.806406314875
real_discount_rate,0.0570454545454545,space_generation_hardware_cost_gbp_per_w_dc,2.8625,165.895834933312
real_discount_rate,0.0609090909090909,space_generation_hardware_cost_gbp_per_w_dc,2.8625,173.205364637035
real_discount_rate,0.0647727272727273,space_generation_hardware_cost_gbp_per_w_dc,2.8625,180.734744234804
real_discount_rate,0.0686363636363636,space_generation_hardware_cost_gbp_per_w_dc,2.8625,188.483633602433
real_discount_rate,0.0725,space_generation_hardware_cost_gbp_per_w_dc,2.8625,196.451622082332
real_discount_rate,0.0763636363636364,space_generation_hardware_cost_gbp_per_w_dc,2.8625,204.638246022238
real_discount_rate,0.0802272727272727,space_generation_hardware_cost_gbp_per_w_dc,2.8625,213.043005335182
real_discount_rate,0.0840909090909091,space_generation_hardware_cost_gbp_per_w_dc,2.8625,221.665378990389
real_discount_rate,0.0879545454545455,space_generation_hardware_cost_gbp_per_w_dc,2.8625,230.504839370718
real_discount_rate,0.0918181818181818,space_generation_hardware_cost_gbp_per_w_dc,2.8625,239.560865456236
real_discount_rate,0.0956818181818182,space_generation_hardware_cost_gbp_per_w_dc,2.8625,248.832954815166
real_discount_rate,0.0995454545454545,space_generation_hardware_cost_gbp_per_w_dc,2.8625,258.320634402592
real_discount_rate,0.103409090909091,space_generation_hardware_cost_gbp_per_w_dc,2.8625,268.023470183965
real_discount_rate,0.107272727272727,space_generation_hardware_cost_gbp_per_w_dc,2.8625,277.941075614541
real_discount_rate,0.111136363636364,space_generation_hardware_cost_gbp_per_w_dc,2.8625,288.073119017474
real_discount_rate,0.115,space_generation_hardware_cost_gbp_per_w_dc,2.8625,298.419329912597
real_discount_rate,0.118863636363636,space_generation_hardware_cost_gbp_per_w_dc,2.8625,308.979504354998
real_discount_rate,0.122727272727273,space_generation_hardware_cost_gbp_per_w_dc,2.8625,319.753509347627
real_discount_rate,0.126590909090909,space_generation_hardware_cost_gbp_per_w_dc,2.8625,330.741286395457
real_discount_rate,0.130454545454545,space_generation_hardware_cost_gbp_per_w_dc,2.8625,341.94285427055
real_discount_rate,0.134318181818182,space_generation_hardware_cost_gbp_per_w_dc,2.8625,353.358311057718
real_discount_rate,0.138181818181818,space_generation_hardware_cost_gbp_per_w_dc,2.8625,364.987835549824
real_discount_rate,0.142045454545455,space_generation_hardware_cost_gbp_per_w_dc,2.8625,376.831688060047
real_discount_rate,0.145909090909091,space_generation_hardware_cost_gbp_per_w_dc,2.8625,388.890210716054
real_discount_rate,0.149772727272727,space_generation_hardware_cost_gbp_per_w_dc,2.8625,401.163827298013
real_discount_rate,0.153636363636364,space_generation_hardware_cost_gbp_per_w_dc,2.8625,413.653042678938
real_discount_rate,0.1575,space_generation_hardware_cost_gbp_per_w_dc,2.8625,426.358441922147
real_discount_rate,0.161363636363636,space_generation_hardware_cost_gbp_per_w_dc,2.8625,439.280689086654
real_discount_rate,0.165227272727273,space_generation_hardware_cost_gbp_per_w_dc,2.8625,452.420525787349
real_discount_rate,0.169090909090909,space_generation_hardware_cost_gbp_per_w_dc,2.8625,465.778769552771
real_discount_rate,0.172954545454545,space_generation_hardware_cost_gbp_per_w_dc,2.8625,479.356312019351
real_discount_rate,0.176818181818182,space_generation_hardware_cost_gbp_per_w_dc,2.8625,493.154116997128
real_discount_rate,0.180681818181818,space_generation_hardware_cost_gbp_per_w_dc,2.8625,507.173218438295
real_discount_rate,0.184545454545455,space_generation_hardware_cost_gbp_per_w_dc,2.8625,521.414718336399
real_discount_rate,0.188409090909091,space_generation_hardware_cost_gbp_per_w_dc,2.8625,535.879784580739
real_discount_rate,0.192272727272727,space_generation_hardware_cost_gbp_per_w_dc,2.8625,550.569648787439
real_discount_rate,0.196136363636364,space_generation_hardware_cost_gbp_per_w_dc,2.8625,565.485604125813
real_discount_rate,0.2,space_generation_hardware_cost_gbp_per_w_dc,2.8625,580.629003156055
real_discount_rate,0.03,space_generation_hardware_cost_gbp_per_w_dc,2.975,123.811047882673
real_discount_rate,0.0338636363636364,space_generation_hardware_cost_gbp_per_w_dc,2.975,129.718489857574
real_discount_rate,0.0377272727272727,space_generation_hardware_cost_gbp_per_w_dc,2.975,135.849756027493
real_discount_rate,0.0415909090909091,space_generation_hardware_cost_gbp_per_w_dc,2.975,142.205557871669
real_discount_rate,0.0454545454545455,space_generation_hardware_cost_gbp_per_w_dc,2.975,148.78639475782
real_discount_rate,0.0493181818181818,space_generation_hardware_cost_gbp_per_w_dc,2.975,155.592573895033
real_discount_rate,0.0531818181818182,space_generation_hardware_cost_gbp_per_w_dc,2.975,162.624230735174
real_discount_rate,0.0570454545454545,space_generation_hardware_cost_gbp_per_w_dc,2.975,169.881349535355
real_discount_rate,0.0609090909090909,space_generation_hardware_cost_gbp_per_w_dc,2.975,177.363783817119
real_discount_rate,0.0647727272727273,space_generation_hardware_cost_gbp_per_w_dc,2.975,185.071276484268
real_discount_rate,0.0686363636363636,space_generation_hardware_cost_gbp_per_w_dc,2.975,193.003479389699
real_discount_rate,0.0725,space_generation_hardware_cost_gbp_per_w_dc,2.975,201.159972171232
real_discount_rate,0.0763636363636364,space_generation_hardware_cost_gbp_per_w_dc,2.975,209.540280206275
real_discount_rate,0.0802272727272727,space_generation_hardware_cost_gbp_per_w_dc,2.975,218.143891564605
real_discount_rate,0.0840909090909091,space_generation_hardware_cost_gbp_per_w_dc,2.975,226.970272866769
real_discount_rate,0.0879545454545455,space_generation_hardware_cost_gbp_per_w_dc,2.975,236.01888398221
real_discount_rate,0.0918181818181818,space_generation_hardware_cost_gbp_per_w_dc,2.975,245.289191525739
real_discount_rate,0.0956818181818182,space_generation_hardware_cost_gbp_per_w_dc,2.975,254.780681133126
real_discount_rate,0.0995454545454545,space_generation_hardware_cost_gbp_per_w_dc,2.975,264.492868516212
real_discount_rate,0.103409090909091,space_generation_hardware_cost_gbp_per_w_dc,2.975,274.425309314982
real_discount_rate,0.107272727272727,space_generation_hardware_cost_gbp_per_w_dc,2.975,284.577607778443
real_discount_rate,0.111136363636364,space_generation_hardware_cost_gbp_per_w_dc,2.975,294.949424318066
real_discount_rate,0.115,space_generation_hardware_cost_gbp_per_w_dc,2.975,305.540481987032
real_discount_rate,0.118863636363636,space_generation_hardware_cost_gbp_per_w_dc,2.975,316.350571945798
real_discount_rate,0.122727272727273,space_generation_hardware_cost_gbp_per_w_dc,2.975,327.379557979725
real_discount_rate,0.126590909090909,space_generation_hardware_cost_gbp_per_w_dc,2.975,338.627380137912
real_discount_rate,0.130454545454545,space_generation_hardware_cost_gbp_per_w_dc,2.975,350.094057564198
real_discount_rate,0.134318181818182,space_generation_hardware_cost_gbp_per_w_dc,2.975,361.7796905917
real_discount_rate,0.138181818181818,space_generation_hardware_cost_gbp_per_w_dc,2.975,373.684462171552
real_discount_rate,0.142045454545455,space_generation_hardware_cost_gbp_per_w_dc,2.975,385.808638704766
real_discount_rate,0.145909090909091,space_generation_hardware_cost_gbp_per_w_dc,2.975,398.152570343699
real_discount_rate,0.149772727272727,space_generation_hardware_cost_gbp_per_w_dc,2.975,410.716690826528
real_discount_rate,0.153636363636364,space_generation_hardware_cost_gbp_per_w_dc,2.975,423.501516904613
real_discount_rate,0.1575,space_generation_hardware_cost_gbp_per_w_dc,2.975,436.507647418816
real_discount_rate,0.161363636363636,space_generation_hardware_cost_gbp_per_w_dc,2.975,449.735762076816
real_discount_rate,0.165227272727273,space_generation_hardware_cost_gbp_per_w_dc,2.975,463.186619979384
real_discount_rate,0.169090909090909,space_generation_hardware_cost_gbp_per_w_dc,2.975,476.861057939424
real_discount_rate,0.172954545454545,space_generation_hardware_cost_gbp_per_w_dc,2.975,490.759988633595
real_discount_rate,0.176818181818182,space_generation_hardware_cost_gbp_per_w_dc,2.975,504.884398622349
real_discount_rate,0.180681818181818,space_generation_hardware_cost_gbp_per_w_dc,2.975,519.235346270461
real_discount_rate,0.184545454545455,space_generation_hardware_cost_gbp_per_w_dc,2.975,533.813959596573
real_discount_rate,0.188409090909091,space_generation_hardware_cost_gbp_per_w_dc,2.975,548.621434076849
real_discount_rate,0.192272727272727,space_generation_hardware_cost_gbp_per_w_dc,2.975,563.659030424737
real_discount_rate,0.196136363636364,space_generation_hardware_cost_gbp_per_w_dc,2.975,578.928072365912
real_discount_rate,0.2,space_generation_hardware_cost_gbp_per_w_dc,2.975,594.429944424778
real_discount_rate,0.03,space_generation_hardware_cost_gbp_per_w_dc,3.0875,126.732181110451
real_discount_rate,0.0338636363636364,space_generation_hardware_cost_gbp_per_w_dc,3.0875,132.776079751317
real_discount_rate,0.0377272727272727,space_generation_hardware_cost_gbp_per_w_dc,3.0875,139.048981963544
real_discount_rate,0.0415909090909091,space_generation_hardware_cost_gbp_per_w_dc,3.0875,145.551615805046
real_discount_rate,0.0454545454545455,space_generation_hardware_cost_gbp_per_w_dc,3.0875,152.284492302083
real_discount_rate,0.0493181818181818,space_generation_hardware_cost_gbp_per_w_dc,3.0875,159.24792586375
real_discount_rate,0.0531818181818182,space_generation_hardware_cost_gbp_per_w_dc,3.0875,166.442055155473
real_discount_rate,0.0570454545454545,space_generation_hardware_cost_gbp_per_w_dc,3.0875,173.866864137398
real_discount_rate,0.0609090909090909,space_generation_hardware_cost_gbp_per_w_dc,3.0875,181.522202997203
real_discount_rate,0.0647727272727273,space_generation_hardware_cost_gbp_per_w_dc,3.0875,189.407808733731
real_discount_rate,0.0686363636363636,space_generation_hardware_cost_gbp_per_w_dc,3.0875,197.523325176966
real_discount_rate,0.0725,space_generation_hardware_cost_gbp_per_w_dc,3.0875,205.868322260132
real_discount_rate,0.0763636363636364,space_generation_hardware_cost_gbp_per_w_dc,3.0875,214.442314390313
real_discount_rate,0.0802272727272727,space_generation_hardware_cost_gbp_per_w_dc,3.0875,223.244777794029
real_discount_rate,0.0840909090909091,space_generation_hardware_cost_gbp_per_w_dc,3.0875,232.275166743148
real_discount_rate,0.0879545454545455,space_generation_hardware_cost_gbp_per_w_dc,3.0875,241.532928593701
real_discount_rate,0.0918181818181818,space_generation_hardware_cost_gbp_per_w_dc,3.0875,251.017517595241
real_discount_rate,0.0956818181818182,space_generation_hardware_cost_gbp_per_w_dc,3.0875,260.728407451085
real_discount_rate,0.0995454545454545,space_generation_hardware_cost_gbp_per_w_dc,3.0875,270.665102629832
real_discount_rate,0.103409090909091,space_generation_hardware_cost_gbp_per_w_dc,3.0875,280.827148445999
real_discount_rate,0.107272727272727,space_generation_hardware_cost_gbp_per_w_dc,3.0875,291.214139942345
real_discount_rate,0.111136363636364,space_generation_hardware_cost_gbp_per_w_dc,3.0875,301.825729618658
real_discount_rate,0.115,space_generation_hardware_cost_gbp_per_w_dc,3.0875,312.661634061467
real_discount_rate,0.118863636363636,space_generation_hardware_cost_gbp_per_w_dc,3.0875,323.721639536597
real_discount_rate,0.122727272727273,space_generation_hardware_cost_gbp_per_w_dc,3.0875,335.005606611823
real_discount_rate,0.126590909090909,space_generation_hardware_cost_gbp_per_w_dc,3.0875,346.513473880367
real_discount_rate,0.130454545454545,space_generation_hardware_cost_gbp_per_w_dc,3.0875,358.245260857845
real_discount_rate,0.134318181818182,space_generation_hardware_cost_gbp_per_w_dc,3.0875,370.201070125682
real_discount_rate,0.138181818181818,space_generation_hardware_cost_gbp_per_w_dc,3.0875,382.38108879328
real_discount_rate,0.142045454545455,space_generation_hardware_cost_gbp_per_w_dc,3.0875,394.785589349485
real_discount_rate,0.145909090909091,space_generation_hardware_cost_gbp_per_w_dc,3.0875,407.414929971343
real_discount_rate,0.149772727272727,space_generation_hardware_cost_gbp_per_w_dc,3.0875,420.269554355043
real_discount_rate,0.153636363636364,space_generation_hardware_cost_gbp_per_w_dc,3.0875,433.349991130289
real_discount_rate,0.1575,space_generation_hardware_cost_gbp_per_w_dc,3.0875,446.656852915485
real_discount_rate,0.161363636363636,space_generation_hardware_cost_gbp_per_w_dc,3.0875,460.190835066979
real_discount_rate,0.165227272727273,space_generation_hardware_cost_gbp_per_w_dc,3.0875,473.952714171419
real_discount_rate,0.169090909090909,space_generation_hardware_cost_gbp_per_w_dc,3.0875,487.943346326076
real_discount_rate,0.172954545454545,space_generation_hardware_cost_gbp_per_w_dc,3.0875,502.16366524784
real_discount_rate,0.176818181818182,space_generation_hardware_cost_gbp_per_w_dc,3.0875,516.61468024757
real_discount_rate,0.180681818181818,space_generation_hardware_cost_gbp_per_w_dc,3.0875,531.297474102627
real_discount_rate,0.184545454545455,space_generation_hardware_cost_gbp_per_w_dc,3.0875,546.213200856748
real_discount_rate,0.188409090909091,space_generation_hardware_cost_gbp_per_w_dc,3.0875,561.363083572958
real_discount_rate,0.192272727272727,space_generation_hardware_cost_gbp_per_w_dc,3.0875,576.748412062036
real_discount_rate,0.196136363636364,space_generation_hardware_cost_gbp_per_w_dc,3.0875,592.37054060601
real_discount_rate,0.2,space_generation_hardware_cost_gbp_per_w_dc,3.0875,608.230885693501
real_discount_rate,0.03,space_generation_hardware_cost_gbp_per_w_dc,3.2,129.653314338229
real_discount_rate,0.0338636363636364,space_generation_hardware_cost_gbp_per_w_dc,3.2,135.833669645059
real_discount_rate,0.0377272727272727,space_generation_hardware_cost_gbp_per_w_dc,3.2,142.248207899594
real_discount_rate,0.0415909090909091,space_generation_hardware_cost_gbp_per_w_dc,3.2,148.897673738423
real_discount_rate,0.0454545454545455,space_generation_hardware_cost_gbp_per_w_dc,3.2,155.782589846347
real_discount_rate,0.0493181818181818,space_generation_hardware_cost_gbp_per_w_dc,3.2,162.903277832467
real_discount_rate,0.0531818181818182,space_generation_hardware_cost_gbp_per_w_dc,3.2,170.259879575771
real_discount_rate,0.0570454545454545,space_generation_hardware_cost_gbp_per_w_dc,3.2,177.852378739441
real_discount_rate,0.0609090909090909,space_generation_hardware_cost_gbp_per_w_dc,3.2,185.680622177287
real_discount_rate,0.0647727272727273,space_generation_hardware_cost_gbp_per_w_dc,3.2,193.744340983195
real_discount_rate,0.0686363636363636,space_generation_hardware_cost_gbp_per_w_dc,3.2,202.043170964232
real_discount_rate,0.0725,space_generation_hardware_cost_gbp_per_w_dc,3.2,210.576672349031
real_discount_rate,0.0763636363636364,space_generation_hardware_cost_gbp_per_w_dc,3.2,219.34434857435
real_discount_rate,0.0802272727272727,space_generation_hardware_cost_gbp_per_w_dc,3.2,228.345664023452
real_discount_rate,0.0840909090909091,space_generation_hardware_cost_gbp_per_w_dc,3.2,237.580060619527
real_discount_rate,0.0879545454545455,space_generation_hardware_cost_gbp_per_w_dc,3.2,247.046973205193
real_discount_rate,0.0918181818181818,space_generation_hardware_cost_gbp_per_w_dc,3.2,256.745843664743
real_discount_rate,0.0956818181818182,space_generation_hardware_cost_gbp_per_w_dc,3.2,266.676133769044
real_discount_rate,0.0995454545454545,space_generation_hardware_cost_gbp_per_w_dc,3.2,276.837336743452
real_discount_rate,0.103409090909091,space_generation_hardware_cost_gbp_per_w_dc,3.2,287.228987577016
real_discount_rate,0.107272727272727,space_generation_hardware_cost_gbp_per_w_dc,3.2,297.850672106247
real_discount_rate,0.111136363636364,space_generation_hardware_cost_gbp_per_w_dc,3.2,308.702034919249
real_discount_rate,0.115,space_generation_hardware_cost_gbp_per_w_dc,3.2,319.782786135902
real_discount_rate,0.118863636363636,space_generation_hardware_cost_gbp_per_w_dc,3.2,331.092707127397
real_discount_rate,0.122727272727273,space_generation_hardware_cost_gbp_per_w_dc,3.2,342.631655243921
real_discount_rate,0.126590909090909,space_generation_hardware_cost_gbp_per_w_dc,3.2,354.399567622822
real_discount_rate,0.130454545454545,space_generation_hardware_cost_gbp_per_w_dc,3.2,366.396464151493
real_discount_rate,0.134318181818182,space_generation_hardware_cost_gbp_per_w_dc,3.2,378.622449659664
real_discount_rate,0.138181818181818,space_generation_hardware_cost_gbp_per_w_dc,3.2,391.077715415009
real_discount_rate,0.142045454545455,space_generation_hardware_cost_gbp_per_w_dc,3.2,403.762539994204
real_discount_rate,0.145909090909091,space_generation_hardware_cost_gbp_per_w_dc,3.2,416.677289598988
real_discount_rate,0.149772727272727,space_generation_hardware_cost_gbp_per_w_dc,3.2,429.822417883559
real_discount_rate,0.153636363636364,space_generation_hardware_cost_gbp_per_w_dc,3.2,443.198465355964
real_discount_rate,0.1575,space_generation_hardware_cost_gbp_per_w_dc,3.2,456.806058412154
real_discount_rate,0.161363636363636,space_generation_hardware_cost_gbp_per_w_dc,3.2,470.645908057141
real_discount_rate,0.165227272727273,space_generation_hardware_cost_gbp_per_w_dc,3.2,484.718808363454
real_discount_rate,0.169090909090909,space_generation_hardware_cost_gbp_per_w_dc,3.2,499.025634712729
real_discount_rate,0.172954545454545,space_generation_hardware_cost_gbp_per_w_dc,3.2,513.567341862084
real_discount_rate,0.176818181818182,space_generation_hardware_cost_gbp_per_w_dc,3.2,528.344961872791
real_discount_rate,0.180681818181818,space_generation_hardware_cost_gbp_per_w_dc,3.2,543.359601934794
real_discount_rate,0.184545454545455,space_generation_hardware_cost_gbp_per_w_dc,3.2,558.612442116922
real_discount_rate,0.188409090909091,space_generation_hardware_cost_gbp_per_w_dc,3.2,574.104733069068
real_discount_rate,0.192272727272727,space_generation_hardware_cost_gbp_per_w_dc,3.2,589.837793699334
real_discount_rate,0.196136363636364,space_generation_hardware_cost_gbp_per_w_dc,3.2,605.813008846108
real_discount_rate,0.2,space_generation_hardware_cost_gbp_per_w_dc,3.2,622.031826962224
real_discount_rate,0.03,space_generation_hardware_cost_gbp_per_w_dc,3.3125,132.574447566007
real_discount_rate,0.0338636363636364,space_generation_hardware_cost_gbp_per_w_dc,3.3125,138.891259538802
real_discount_rate,0.0377272727272727,space_generation_hardware_cost_gbp_per_w_dc,3.3125,145.447433835645
real_discount_rate,0.0415909090909091,space_generation_hardware_cost_gbp_per_w_dc,3.3125,152.2437316718
real_discount_rate,0.0454545454545455,space_generation_hardware_cost_gbp_per_w_dc,3.3125,159.280687390611
real_discount_rate,0.0493181818181818,space_generation_hardware_cost_gbp_per_w_dc,3.3125,166.558629801185
real_discount_rate,0.0531818181818182,space_generation_hardware_cost_gbp_per_w_dc,3.3125,174.077703996069
real_discount_rate,0.0570454545454545,space_generation_hardware_cost_gbp_per_w_dc,3.3125,181.837893341484
real_discount_rate,0.0609090909090909,space_generation_hardware_cost_gbp_per_w_dc,3.3125,189.839041357371
real_discount_rate,0.0647727272727273,space_generation_hardware_cost_gbp_per_w_dc,3.3125,198.080873232659
real_discount_rate,0.0686363636363636,space_generation_hardware_cost_gbp_per_w_dc,3.3125,206.563016751499
real_discount_rate,0.0725,space_generation_hardware_cost_gbp_per_w_dc,3.3125,215.285022437931
real_discount_rate,0.0763636363636364,space_generation_hardware_cost_gbp_per_w_dc,3.3125,224.246382758388
real_discount_rate,0.0802272727272727,space_generation_hardware_cost_gbp_per_w_dc,3.3125,233.446550252875
real_discount_rate,0.0840909090909091,space_generation_hardware_cost_gbp_per_w_dc,3.3125,242.884954495907
real_discount_rate,0.0879545454545455,space_generation_hardware_cost_gbp_per_w_dc,3.3125,252.561017816684
real_discount_rate,0.0918181818181818,space_generation_hardware_cost_gbp_per_w_dc,3.3125,262.474169734245
real_discount_rate,0.0956818181818182,space_generation_hardware_cost_gbp_per_w_dc,3.3125,272.623860087003
real_discount_rate,0.0995454545454545,space_generation_hardware_cost_gbp_per_w_dc,3.3125,283.009570857072
real_discount_rate,0.103409090909091,space_generation_hardware_cost_gbp_per_w_dc,3.3125,293.630826708033
real_discount_rate,0.107272727272727,space_generation_hardware_cost_gbp_per_w_dc,3.3125,304.487204270148
real_discount_rate,0.111136363636364,space_generation_hardware_cost_gbp_per_w_dc,3.3125,315.578340219841
real_discount_rate,0.115,space_generation_hardware_cost_gbp_per_w_dc,3.3125,326.903938210337
real_discount_rate,0.118863636363636,space_generation_hardware_cost_gbp_per_w_dc,3.3125,338.463774718196
real_discount_rate,0.122727272727273,space_generation_hardware_cost_gbp_per_w_dc,3.3125,350.257703876019
real_discount_rate,0.126590909090909,space_generation_hardware_cost_gbp_per_w_dc,3.3125,362.285661365277
real_discount_rate,0.130454545454545,space_generation_hardware_cost_gbp_per_w_dc,3.3125,374.547667445141
real_discount_rate,0.134318181818182,space_generation_hardware_cost_gbp_per_w_dc,3.3125,387.043829193646
real_discount_rate,0.138181818181818,space_generation_hardware_cost_gbp_per_w_dc,3.3125,399.774342036737
real_discount_rate,0.142045454545455,space_generation_hardware_cost_gbp_per_w_dc,3.3125,412.739490638923
real_discount_rate,0.145909090909091,space_generation_hardware_cost_gbp_per_w_dc,3.3125,425.939649226633
real_discount_rate,0.149772727272727,space_generation_hardware_cost_gbp_per_w_dc,3.3125,439.375281412075
real_discount_rate,0.153636363636364,space_generation_hardware_cost_gbp_per_w_dc,3.3125,453.046939581639
real_discount_rate,0.1575,space_generation_hardware_cost_gbp_per_w_dc,3.3125,466.955263908822
real_discount_rate,0.161363636363636,space_generation_hardware_cost_gbp_per_w_dc,3.3125,481.100981047303
real_discount_rate,0.165227272727273,space_generation_hardware_cost_gbp_per_w_dc,3.3125,495.484902555489
real_discount_rate,0.169090909090909,space_generation_hardware_cost_gbp_per_w_dc,3.3125,510.107923099381
real_discount_rate,0.172954545454545,space_generation_hardware_cost_gbp_per_w_dc,3.3125,524.971018476329
real_discount_rate,0.176818181818182,space_generation_hardware_cost_gbp_per_w_dc,3.3125,540.075243498012
real_discount_rate,0.180681818181818,space_generation_hardware_cost_gbp_per_w_dc,3.3125,555.42172976696
real_discount_rate,0.184545454545455,space_generation_hardware_cost_gbp_per_w_dc,3.3125,571.011683377096
real_discount_rate,0.188409090909091,space_generation_hardware_cost_gbp_per_w_dc,3.3125,586.846382565177
real_discount_rate,0.192272727272727,space_generation_hardware_cost_gbp_per_w_dc,3.3125,602.927175336632
real_discount_rate,0.196136363636364,space_generation_hardware_cost_gbp_per_w_dc,3.3125,619.255477086207
real_discount_rate,0.2,space_generation_hardware_cost_gbp_per_w_dc,3.3125,635.832768230947
real_discount_rate,0.03,space_generation_hardware_cost_gbp_per_w_dc,3.425,135.495580793785
real_discount_rate,0.0338636363636364,space_generation_hardware_cost_gbp_per_w_dc,3.425,141.948849432544
real_discount_rate,0.0377272727272727,space_generation_hardware_cost_gbp_per_w_dc,3.425,148.646659771696
real_discount_rate,0.0415909090909091,space_generation_hardware_cost_gbp_per_w_dc,3.425,155.589789605177
real_discount_rate,0.0454545454545455,space_generation_hardware_cost_gbp_per_w_dc,3.425,162.778784934874
real_discount_rate,0.0493181818181818,space_generation_hardware_cost_gbp_per_w_dc,3.425,170.213981769902
real_discount_rate,0.0531818181818182,space_generation_hardware_cost_gbp_per_w_dc,3.425,177.895528416368
real_discount_rate,0.0570454545454545,space_generation_hardware_cost_gbp_per_w_dc,3.425,185.823407943526
real_discount_rate,0.0609090909090909,space_generation_hardware_cost_gbp_per_w_dc,3.425,193.997460537455
real_discount_rate,0.0647727272727273,space_generation_hardware_cost_gbp_per_w_dc,3.425,202.417405482123
real_discount_rate,0.0686363636363636,space_generation_hardware_cost_gbp_per_w_dc,3.425,211.082862538765
real_discount_rate,0.0725,space_generation_hardware_cost_gbp_per_w_dc,3.425,219.993372526831
real_discount_rate,0.0763636363636364,space_generation_hardware_cost_gbp_per_w_dc,3.425,229.148416942425
real_discount_rate,0.0802272727272727,space_generation_hardware_cost_gbp_per_w_dc,3.425,238.547436482299
real_discount_rate,0.0840909090909091,space_generation_hardware_cost_gbp_per_w_dc,3.425,248.189848372286
real_discount_rate,0.0879545454545455,space_generation_hardware_cost_gbp_per_w_dc,3.425,258.075062428176
real_discount_rate,0.0918181818181818,space_generation_hardware_cost_gbp_per_w_dc,3.425,268.202495803748
real_discount_rate,0.0956818181818182,space_generation_hardware_cost_gbp_per_w_dc,3.425,278.571586404962
real_discount_rate,0.0995454545454545,space_generation_hardware_cost_gbp_per_w_dc,3.425,289.181804970693
real_discount_rate,0.103409090909091,space_generation_hardware_cost_gbp_per_w_dc,3.425,300.03266583905
real_discount_rate,0.107272727272727,space_generation_hardware_cost_gbp_per_w_dc,3.425,311.12373643405
real_discount_rate,0.111136363636364,space_generation_hardware_cost_gbp_per_w_dc,3.425,322.454645520432
real_discount_rate,0.115,space_generation_hardware_cost_gbp_per_w_dc,3.425,334.025090284772
real_discount_rate,0.118863636363636,space_generation_hardware_cost_gbp_per_w_dc,3.425,345.834842308996
real_discount_rate,0.122727272727273,space_generation_hardware_cost_gbp_per_w_dc,3.425,357.883752508118
real_discount_rate,0.126590909090909,space_generation_hardware_cost_gbp_per_w_dc,3.425,370.171755107732
real_discount_rate,0.130454545454545,space_generation_hardware_cost_gbp_per_w_dc,3.425,382.698870738789
real_discount_rate,0.134318181818182,space_generation_hardware_cost_gbp_per_w_dc,3.425,395.465208727628
real_discount_rate,0.138181818181818,space_generation_hardware_cost_gbp_per_w_dc,3.425,408.470968658465
real_discount_rate,0.142045454545455,space_generation_hardware_cost_gbp_per_w_dc,3.425,421.716441283641
real_discount_rate,0.145909090909091,space_generation_hardware_cost_gbp_per_w_dc,3.425,435.202008854277
real_discount_rate,0.149772727272727,space_generation_hardware_cost_gbp_per_w_dc,3.425,448.92814494059
real_discount_rate,0.153636363636364,space_generation_hardware_cost_gbp_per_w_dc,3.425,462.895413807315
real_discount_rate,0.1575,space_generation_hardware_cost_gbp_per_w_dc,3.425,477.104469405491
real_discount_rate,0.161363636363636,space_generation_hardware_cost_gbp_per_w_dc,3.425,491.556054037465
real_discount_rate,0.165227272727273,space_generation_hardware_cost_gbp_per_w_dc,3.425,506.250996747524
real_discount_rate,0.169090909090909,space_generation_hardware_cost_gbp_per_w_dc,3.425,521.190211486034
real_discount_rate,0.172954545454545,space_generation_hardware_cost_gbp_per_w_dc,3.425,536.374695090573
real_discount_rate,0.176818181818182,space_generation_hardware_cost_gbp_per_w_dc,3.425,551.805525123233
real_discount_rate,0.180681818181818,space_generation_hardware_cost_gbp_per_w_dc,3.425,567.483857599126
real_discount_rate,0.184545454545455,space_generation_hardware_cost_gbp_per_w_dc,3.425,583.41092463727
real_discount_rate,0.188409090909091,space_generation_hardware_cost_gbp_per_w_dc,3.425,599.588032061287
real_discount_rate,0.192272727272727,space_generation_hardware_cost_gbp_per_w_dc,3.425,616.016556973931
real_discount_rate,0.196136363636364,space_generation_hardware_cost_gbp_per_w_dc,3.425,632.697945326305
real_discount_rate,0.2,space_generation_hardware_cost_gbp_per_w_dc,3.425,649.633709499669
real_discount_rate,0.03,space_generation_hardware_cost_gbp_per_w_dc,3.5375,138.416714021563
real_discount_rate,0.0338636363636364,space_generation_hardware_cost_gbp_per_w_dc,3.5375,145.006439326287
real_discount_rate,0.0377272727272727,space_generation_hardware_cost_gbp_per_w_dc,3.5375,151.845885707746
real_discount_rate,0.0415909090909091,space_generation_hardware_cost_gbp_per_w_dc,3.5375,158.935847538554
real_discount_rate,0.0454545454545455,space_generation_hardware_cost_gbp_per_w_dc,3.5375,166.276882479138
real_discount_rate,0.0493181818181818,space_generation_hardware_cost_gbp_per_w_dc,3.5375,173.869333738619
real_discount_rate,0.0531818181818182,space_generation_hardware_cost_gbp_per_w_dc,3.5375,181.713352836666
real_discount_rate,0.0570454545454545,space_generation_hardware_cost_gbp_per_w_dc,3.5375,189.808922545569
real_discount_rate,0.0609090909090909,space_generation_hardware_cost_gbp_per_w_dc,3.5375,198.155879717539
real_discount_rate,0.0647727272727273,space_generation_hardware_cost_gbp_per_w_dc,3.5375,206.753937731587
real_discount_rate,0.0686363636363636,space_generation_hardware_cost_gbp_per_w_dc,3.5375,215.602708326032
real_discount_rate,0.0725,space_generation_hardware_cost_gbp_per_w_dc,3.5375,224.70172261573
real_discount_rate,0.0763636363636364,space_generation_hardware_cost_gbp_per_w_dc,3.5375,234.050451126463
real_discount_rate,0.0802272727272727,space_generation_hardware_cost_gbp_per_w_dc,3.5375,243.648322711722
real_discount_rate,0.0840909090909091,space_generation_hardware_cost_gbp_per_w_dc,3.5375,253.494742248665
real_discount_rate,0.0879545454545455,space_generation_hardware_cost_gbp_per_w_dc,3.5375,263.589107039667
real_discount_rate,0.0918181818181818,space_generation_hardware_cost_gbp_per_w_dc,3.5375,273.93082187325
real_discount_rate,0.0956818181818182,space_generation_hardware_cost_gbp_per_w_dc,3.5375,284.519312722921
real_discount_rate,0.0995454545454545,space_generation_hardware_cost_gbp_per_w_dc,3.5375,295.354039084313
real_discount_rate,0.103409090909091,space_generation_hardware_cost_gbp_per_w_dc,3.5375,306.434504970067
real_discount_rate,0.107272727272727,space_generation_hardware_cost_gbp_per_w_dc,3.5375,317.760268597952
real_discount_rate,0.111136363636364,space_generation_hardware_cost_gbp_per_w_dc,3.5375,329.330950821024
real_discount_rate,0.115,space_generation_hardware_cost_gbp_per_w_dc,3.5375,341.146242359207
real_discount_rate,0.118863636363636,space_generation_hardware_cost_gbp_per_w_dc,3.5375,353.205909899795
real_discount_rate,0.122727272727273,space_generation_hardware_cost_gbp_per_w_dc,3.5375,365.509801140216
real_discount_rate,0.126590909090909,space_generation_hardware_cost_gbp_per_w_dc,3.5375,378.057848850187
real_discount_rate,0.130454545454545,space_generation_hardware_cost_gbp_per_w_dc,3.5375,390.850074032436
real_discount_rate,0.134318181818182,space_generation_hardware_cost_gbp_per_w_dc,3.5375,403.88658826161
real_discount_rate,0.138181818181818,space_generation_hardware_cost_gbp_per_w_dc,3.5375,417.167595280193
real_discount_rate,0.142045454545455,space_generation_hardware_cost_gbp_per_w_dc,3.5375,430.693391928361
real_discount_rate,0.145909090909091,space_generation_hardware_cost_gbp_per_w_dc,3.5375,444.464368481922
real_discount_rate,0.149772727272727,space_generation_hardware_cost_gbp_per_w_dc,3.5375,458.481008469105
real_discount_rate,0.153636363636364,space_generation_hardware_cost_gbp_per_w_dc,3.5375,472.74388803299
real_discount_rate,0.1575,space_generation_hardware_cost_gbp_per_w_dc,3.5375,487.25367490216
real_discount_rate,0.161363636363636,space_generation_hardware_cost_gbp_per_w_dc,3.5375,502.011127027628
real_discount_rate,0.165227272727273,space_generation_hardware_cost_gbp_per_w_dc,3.5375,517.017090939559
real_discount_rate,0.169090909090909,space_generation_hardware_cost_gbp_per_w_dc,3.5375,532.272499872686
real_discount_rate,0.172954545454545,space_generation_hardware_cost_gbp_per_w_dc,3.5375,547.778371704818
real_discount_rate,0.176818181818182,space_generation_hardware_cost_gbp_per_w_dc,3.5375,563.535806748454
real_discount_rate,0.180681818181818,space_generation_hardware_cost_gbp_per_w_dc,3.5375,579.545985431292
real_discount_rate,0.184545454545455,space_generation_hardware_cost_gbp_per_w_dc,3.5375,595.810165897444
real_discount_rate,0.188409090909091,space_generation_hardware_cost_gbp_per_w_dc,3.5375,612.329681557396
real_discount_rate,0.192272727272727,space_generation_hardware_cost_gbp_per_w_dc,3.5375,629.105938611229
real_discount_rate,0.196136363636364,space_generation_hardware_cost_gbp_per_w_dc,3.5375,646.140413566403
real_discount_rate,0.2,space_generation_hardware_cost_gbp_per_w_dc,3.5375,663.434650768392
real_discount_rate,0.03,space_generation_hardware_cost_gbp_per_w_dc,3.65,141.337847249341
real_discount_rate,0.0338636363636364,space_generation_hardware_cost_gbp_per_w_dc,3.65,148.064029220029
real_discount_rate,0.0377272727272727,space_generation_hardware_cost_gbp_per_w_dc,3.65,155.045111643797
real_discount_rate,0.0415909090909091,space_generation_hardware_cost_gbp_per_w_dc,3.65,162.281905471931
real_discount_rate,0.0454545454545455,space_generation_hardware_cost_gbp_per_w_dc,3.65,169.774980023401
real_discount_rate,0.0493181818181818,space_generation_hardware_cost_gbp_per_w_dc,3.65,177.524685707336
real_discount_rate,0.0531818181818182,space_generation_hardware_cost_gbp_per_w_dc,3.65,185.531177256965
real_discount_rate,0.0570454545454545,space_generation_hardware_cost_gbp_per_w_dc,3.65,193.794437147612
real_discount_rate,0.0609090909090909,space_generation_hardware_cost_gbp_per_w_dc,3.65,202.314298897623
real_discount_rate,0.0647727272727273,space_generation_hardware_cost_gbp_per_w_dc,3.65,211.09046998105
real_discount_rate,0.0686363636363636,space_generation_hardware_cost_gbp_per_w_dc,3.65,220.122554113298
real_discount_rate,0.0725,space_generation_hardware_cost_gbp_per_w_dc,3.65,229.41007270463
real_discount_rate,0.0763636363636364,space_generation_hardware_cost_gbp_per_w_dc,3.65,238.9524853105
real_discount_rate,0.0802272727272727,space_generation_hardware_cost_gbp_per_w_dc,3.65,248.749208941146
real_discount_rate,0.0840909090909091,space_generation_hardware_cost_gbp_per_w_dc,3.65,258.799636125045
real_discount_rate,0.0879545454545455,space_generation_hardware_cost_gbp_per_w_dc,3.65,269.103151651159
real_discount_rate,0.0918181818181818,space_generation_hardware_cost_gbp_per_w_dc,3.65,279.659147942752
real_discount_rate,0.0956818181818182,space_generation_hardware_cost_gbp_per_w_dc,3.65,290.46703904088
real_discount_rate,0.0995454545454545,space_generation_hardware_cost_gbp_per_w_dc,3.65,301.526273197933
real_discount_rate,0.103409090909091,space_generation_hardware_cost_gbp_per_w_dc,3.65,312.836344101084
real_discount_rate,0.107272727272727,space_generation_hardware_cost_gbp_per_w_dc,3.65,324.396800761854
real_discount_rate,0.111136363636364,space_generation_hardware_cost_gbp_per_w_dc,3.65,336.207256121616
real_discount_rate,0.115,space_generation_hardware_cost_gbp_per_w_dc,3.65,348.267394433642
real_discount_rate,0.118863636363636,space_generation_hardware_cost_gbp_per_w_dc,3.65,360.576977490595
real_discount_rate,0.122727272727273,space_generation_hardware_cost_gbp_per_w_dc,3.65,373.135849772314
real_discount_rate,0.126590909090909,space_generation_hardware_cost_gbp_per_w_dc,3.65,385.943942592642
real_discount_rate,0.130454545454545,space_generation_hardware_cost_gbp_per_w_dc,3.65,399.001277326084
real_discount_rate,0.134318181818182,space_generation_hardware_cost_gbp_per_w_dc,3.65,412.307967795593
real_discount_rate,0.138181818181818,space_generation_hardware_cost_gbp_per_w_dc,3.65,425.864221901922
real_discount_rate,0.142045454545455,space_generation_hardware_cost_gbp_per_w_dc,3.65,439.670342573079
real_discount_rate,0.145909090909091,space_generation_hardware_cost_gbp_per_w_dc,3.65,453.726728109567
real_discount_rate,0.149772727272727,space_generation_hardware_cost_gbp_per_w_dc,3.65,468.033871997621
real_discount_rate,0.153636363636364,space_generation_hardware_cost_gbp_per_w_dc,3.65,482.592362258666
real_discount_rate,0.1575,space_generation_hardware_cost_gbp_per_w_dc,3.65,497.402880398829
real_discount_rate,0.161363636363636,space_generation_hardware_cost_gbp_per_w_dc,3.65,512.46620001779
real_discount_rate,0.165227272727273,space_generation_hardware_cost_gbp_per_w_dc,3.65,527.783185131594
real_discount_rate,0.169090909090909,space_generation_hardware_cost_gbp_per_w_dc,3.65,543.354788259339
real_discount_rate,0.172954545454545,space_generation_hardware_cost_gbp_per_w_dc,3.65,559.182048319063
real_discount_rate,0.176818181818182,space_generation_hardware_cost_gbp_per_w_dc,3.65,575.266088373675
real_discount_rate,0.180681818181818,space_generation_hardware_cost_gbp_per_w_dc,3.65,591.608113263458
real_discount_rate,0.184545454545455,space_generation_hardware_cost_gbp_per_w_dc,3.65,608.209407157619
real_discount_rate,0.188409090909091,space_generation_hardware_cost_gbp_per_w_dc,3.65,625.071331053506
real_discount_rate,0.192272727272727,space_generation_hardware_cost_gbp_per_w_dc,3.65,642.195320248528
real_discount_rate,0.196136363636364,space_generation_hardware_cost_gbp_per_w_dc,3.65,659.582881806502
real_discount_rate,0.2,space_generation_hardware_cost_gbp_per_w_dc,3.65,677.235592037115
real_discount_rate,0.03,space_generation_hardware_cost_gbp_per_w_dc,3.7625,144.258980477119
real_discount_rate,0.0338636363636364,space_generation_hardware_cost_gbp_per_w_dc,3.7625,151.121619113771
real_discount_rate,0.0377272727272727,space_generation_hardware_cost_gbp_per_w_dc,3.7625,158.244337579848
real_discount_rate,0.0415909090909091,space_generation_hardware_cost_gbp_per_w_dc,3.7625,165.627963405308
real_discount_rate,0.0454545454545455,space_generation_hardware_cost_gbp_per_w_dc,3.7625,173.273077567665
real_discount_rate,0.0493181818181818,space_generation_hardware_cost_gbp_per_w_dc,3.7625,181.180037676053
real_discount_rate,0.0531818181818182,space_generation_hardware_cost_gbp_per_w_dc,3.7625,189.349001677263
real_discount_rate,0.0570454545454545,space_generation_hardware_cost_gbp_per_w_dc,3.7625,197.779951749655
real_discount_rate,0.0609090909090909,space_generation_hardware_cost_gbp_per_w_dc,3.7625,206.472718077707
real_discount_rate,0.0647727272727273,space_generation_hardware_cost_gbp_per_w_dc,3.7625,215.427002230514
real_discount_rate,0.0686363636363636,space_generation_hardware_cost_gbp_per_w_dc,3.7625,224.642399900565
real_discount_rate,0.0725,space_generation_hardware_cost_gbp_per_w_dc,3.7625,234.118422793529
real_discount_rate,0.0763636363636364,space_generation_hardware_cost_gbp_per_w_dc,3.7625,243.854519494538
real_discount_rate,0.0802272727272727,space_generation_hardware_cost_gbp_per_w_dc,3.7625,253.850095170569
real_discount_rate,0.0840909090909091,space_generation_hardware_cost_gbp_per_w_dc,3.7625,264.104530001424
real_discount_rate,0.0879545454545455,space_generation_hardware_cost_gbp_per_w_dc,3.7625,274.61719626265
real_discount_rate,0.0918181818181818,space_generation_hardware_cost_gbp_per_w_dc,3.7625,285.387474012255
real_discount_rate,0.0956818181818182,space_generation_hardware_cost_gbp_per_w_dc,3.7625,296.414765358839
real_discount_rate,0.0995454545454545,space_generation_hardware_cost_gbp_per_w_dc,3.7625,307.698507311553
real_discount_rate,0.103409090909091,space_generation_hardware_cost_gbp_per_w_dc,3.7625,319.238183232101
real_discount_rate,0.107272727272727,space_generation_hardware_cost_gbp_per_w_dc,3.7625,331.033332925756
real_discount_rate,0.111136363636364,space_generation_hardware_cost_gbp_per_w_dc,3.7625,343.083561422207
real_discount_rate,0.115,space_generation_hardware_cost_gbp_per_w_dc,3.7625,355.388546508077
real_discount_rate,0.118863636363636,space_generation_hardware_cost_gbp_per_w_dc,3.7625,367.948045081394
real_discount_rate,0.122727272727273,space_generation_hardware_cost_gbp_per_w_dc,3.7625,380.761898404412
real_discount_rate,0.126590909090909,space_generation_hardware_cost_gbp_per_w_dc,3.7625,393.830036335097
real_discount_rate,0.130454545454545,space_generation_hardware_cost_gbp_per_w_dc,3.7625,407.152480619732
real_discount_rate,0.134318181818182,space_generation_hardware_cost_gbp_per_w_dc,3.7625,420.729347329575
real_discount_rate,0.138181818181818,space_generation_hardware_cost_gbp_per_w_dc,3.7625,434.56084852365
real_discount_rate,0.142045454545455,space_generation_hardware_cost_gbp_per_w_dc,3.7625,448.647293217799
real_discount_rate,0.145909090909091,space_generation_hardware_cost_gbp_per_w_dc,3.7625,462.989087737212
real_discount_rate,0.149772727272727,space_generation_hardware_cost_gbp_per_w_dc,3.7625,477.586735526136
real_discount_rate,0.153636363636364,space_generation_hardware_cost_gbp_per_w_dc,3.7625,492.440836484341
real_discount_rate,0.1575,space_generation_hardware_cost_gbp_per_w_dc,3.7625,507.552085895498
real_discount_rate,0.161363636363636,space_generation_hardware_cost_gbp_per_w_dc,3.7625,522.921273007952
real_discount_rate,0.165227272727273,space_generation_hardware_cost_gbp_per_w_dc,3.7625,538.549279323629
real_discount_rate,0.169090909090909,space_generation_hardware_cost_gbp_per_w_dc,3.7625,554.437076645991
real_discount_rate,0.172954545454545,space_generation_hardware_cost_gbp_per_w_dc,3.7625,570.585724933307
real_discount_rate,0.176818181818182,space_generation_hardware_cost_gbp_per_w_dc,3.7625,586.996369998896
real_discount_rate,0.180681818181818,space_generation_hardware_cost_gbp_per_w_dc,3.7625,603.670241095624
real_discount_rate,0.184545454545455,space_generation_hardware_cost_gbp_per_w_dc,3.7625,620.608648417793
real_discount_rate,0.188409090909091,space_generation_hardware_cost_gbp_per_w_dc,3.7625,637.812980549615
real_discount_rate,0.192272727272727,space_generation_hardware_cost_gbp_per_w_dc,3.7625,655.284701885826
real_discount_rate,0.196136363636364,space_generation_hardware_cost_gbp_per_w_dc,3.7625,673.0253500466
real_discount_rate,0.2,space_generation_hardware_cost_gbp_per_w_dc,3.7625,691.036533305838
real_discount_rate,0.03,space_generation_hardware_cost_gbp_per_w_dc,3.875,147.180113704897
real_discount_rate,0.0338636363636364,space_generation_hardware_cost_gbp_per_w_dc,3.875,154.179209007514
real_discount_rate,0.0377272727272727,space_generation_hardware_cost_gbp_per_w_dc,3.875,161.443563515898
real_discount_rate,0.0415909090909091,space_generation_hardware_cost_gbp_per_w_dc,3.875,168.974021338686
real_discount_rate,0.0454545454545455,space_generation_hardware_cost_gbp_per_w_dc,3.875,176.771175111929
real_discount_rate,0.0493181818181818,space_generation_hardware_cost_gbp_per_w_dc,3.875,184.83538964477
real_discount_rate,0.0531818181818182,space_generation_hardware_cost_gbp_per_w_dc,3.875,193.166826097562
real_discount_rate,0.0570454545454545,space_generation_hardware_cost_gbp_per_w_dc,3.875,201.765466351698
real_discount_rate,0.0609090909090909,space_generation_hardware_cost_gbp_per_w_dc,3.875,210.631137257791
real_discount_rate,0.0647727272727273,space_generation_hardware_cost_gbp_per_w_dc,3.875,219.763534479978
real_discount_rate,0.0686363636363636,space_generation_hardware_cost_gbp_per_w_dc,3.875,229.162245687831
real_discount_rate,0.0725,space_generation_hardware_cost_gbp_per_w_dc,3.875,238.826772882429
real_discount_rate,0.0763636363636364,space_generation_hardware_cost_gbp_per_w_dc,3.875,248.756553678575
real_discount_rate,0.0802272727272727,space_generation_hardware_cost_gbp_per_w_dc,3.875,258.950981399992
real_discount_rate,0.0840909090909091,space_generation_hardware_cost_gbp_per_w_dc,3.875,269.409423877804
real_discount_rate,0.0879545454545455,space_generation_hardware_cost_gbp_per_w_dc,3.875,280.131240874142
real_discount_rate,0.0918181818181818,space_generation_hardware_cost_gbp_per_w_dc,3.875,291.115800081757
real_discount_rate,0.0956818181818182,space_generation_hardware_cost_gbp_per_w_dc,3.875,302.362491676798
real_discount_rate,0.0995454545454545,space_generation_hardware_cost_gbp_per_w_dc,3.875,313.870741425174
real_discount_rate,0.103409090909091,space_generation_hardware_cost_gbp_per_w_dc,3.875,325.640022363118
real_discount_rate,0.107272727272727,space_generation_hardware_cost_gbp_per_w_dc,3.875,337.669865089657
real_discount_rate,0.111136363636364,space_generation_hardware_cost_gbp_per_w_dc,3.875,349.959866722799
real_discount_rate,0.115,space_generation_hardware_cost_gbp_per_w_dc,3.875,362.509698582512
real_discount_rate,0.118863636363636,space_generation_hardware_cost_gbp_per_w_dc,3.875,375.319112672194
real_discount_rate,0.122727272727273,space_generation_hardware_cost_gbp_per_w_dc,3.875,388.38794703651
real_discount_rate,0.126590909090909,space_generation_hardware_cost_gbp_per_w_dc,3.875,401.716130077552
real_discount_rate,0.130454545454545,space_generation_hardware_cost_gbp_per_w_dc,3.875,415.30368391338
real_discount_rate,0.134318181818182,space_generation_hardware_cost_gbp_per_w_dc,3.875,429.150726863557
real_discount_rate,0.138181818181818,space_generation_hardware_cost_gbp_per_w_dc,3.875,443.257475145378
real_discount_rate,0.142045454545455,space_generation_hardware_cost_gbp_per_w_dc,3.875,457.624243862517
real_discount_rate,0.145909090909091,space_generation_hardware_cost_gbp_per_w_dc,3.875,472.251447364856
real_discount_rate,0.149772727272727,space_generation_hardware_cost_gbp_per_w_dc,3.875,487.139599054652
real_discount_rate,0.153636363636364,space_generation_hardware_cost_gbp_per_w_dc,3.875,502.289310710017
real_discount_rate,0.1575,space_generation_hardware_cost_gbp_per_w_dc,3.875,517.701291392167
real_discount_rate,0.161363636363636,space_generation_hardware_cost_gbp_per_w_dc,3.875,533.376345998115
real_discount_rate,0.165227272727273,space_generation_hardware_cost_gbp_per_w_dc,3.875,549.315373515664
real_discount_rate,0.169090909090909,space_generation_hardware_cost_gbp_per_w_dc,3.875,565.519365032644
real_discount_rate,0.172954545454545,space_generation_hardware_cost_gbp_per_w_dc,3.875,581.989401547552
real_discount_rate,0.176818181818182,space_generation_hardware_cost_gbp_per_w_dc,3.875,598.726651624117
real_discount_rate,0.180681818181818,space_generation_hardware_cost_gbp_per_w_dc,3.875,615.73236892779
real_discount_rate,0.184545454545455,space_generation_hardware_cost_gbp_per_w_dc,3.875,633.007889677967
real_discount_rate,0.188409090909091,space_generation_hardware_cost_gbp_per_w_dc,3.875,650.554630045725
real_discount_rate,0.192272727272727,space_generation_hardware_cost_gbp_per_w_dc,3.875,668.374083523125
real_discount_rate,0.196136363636364,space_generation_hardware_cost_gbp_per_w_dc,3.875,686.467818286699
real_discount_rate,0.2,space_generation_hardware_cost_gbp_per_w_dc,3.875,704.837474574561
real_discount_rate,0.03,space_generation_hardware_cost_gbp_per_w_dc,3.9875,150.101246932675
real_discount_rate,0.0338636363636364,space_generation_hardware_cost_gbp_per_w_dc,3.9875,157.236798901256
real_discount_rate,0.0377272727272727,space_generation_hardware_cost_gbp_per_w_dc,3.9875,164.642789451949
real_discount_rate,0.0415909090909091,space_generation_hardware_cost_gbp_per_w_dc,3.9875,172.320079272063
real_discount_rate,0.0454545454545455,space_generation_hardware_cost_gbp_per_w_dc,3.9875,180.269272656192
real_discount_rate,0.0493181818181818,space_generation_hardware_cost_gbp_per_w_dc,3.9875,188.490741613487
real_discount_rate,0.0531818181818182,space_generation_hardware_cost_gbp_per_w_dc,3.9875,196.98465051786
real_discount_rate,0.0570454545454545,space_generation_hardware_cost_gbp_per_w_dc,3.9875,205.750980953741
real_discount_rate,0.0609090909090909,space_generation_hardware_cost_gbp_per_w_dc,3.9875,214.789556437875
real_discount_rate,0.0647727272727273,space_generation_hardware_cost_gbp_per_w_dc,3.9875,224.100066729442
real_discount_rate,0.0686363636363636,space_generation_hardware_cost_gbp_per_w_dc,3.9875,233.682091475098
real_discount_rate,0.0725,space_generation_hardware_cost_gbp_per_w_dc,3.9875,243.535122971329
real_discount_rate,0.0763636363636364,space_generation_hardware_cost_gbp_per_w_dc,3.9875,253.658587862613
real_discount_rate,0.0802272727272727,space_generation_hardware_cost_gbp_per_w_dc,3.9875,264.051867629416
real_discount_rate,0.0840909090909091,space_generation_hardware_cost_gbp_per_w_dc,3.9875,274.714317754183
real_discount_rate,0.0879545454545455,space_generation_hardware_cost_gbp_per_w_dc,3.9875,285.645285485633
real_discount_rate,0.0918181818181818,space_generation_hardware_cost_gbp_per_w_dc,3.9875,296.844126151259
real_discount_rate,0.0956818181818182,space_generation_hardware_cost_gbp_per_w_dc,3.9875,308.310217994757
real_discount_rate,0.0995454545454545,space_generation_hardware_cost_gbp_per_w_dc,3.9875,320.042975538794
real_discount_rate,0.103409090909091,space_generation_hardware_cost_gbp_per_w_dc,3.9875,332.041861494135
real_discount_rate,0.107272727272727,space_generation_hardware_cost_gbp_per_w_dc,3.9875,344.306397253559
real_discount_rate,0.111136363636364,space_generation_hardware_cost_gbp_per_w_dc,3.9875,356.836172023391
real_discount_rate,0.115,space_generation_hardware_cost_gbp_per_w_dc,3.9875,369.630850656947
real_discount_rate,0.118863636363636,space_generation_hardware_cost_gbp_per_w_dc,3.9875,382.690180262993
real_discount_rate,0.122727272727273,space_generation_hardware_cost_gbp_per_w_dc,3.9875,396.013995668609
real_discount_rate,0.126590909090909,space_generation_hardware_cost_gbp_per_w_dc,3.9875,409.602223820007
real_discount_rate,0.130454545454545,space_generation_hardware_cost_gbp_per_w_dc,3.9875,423.454887207027
real_discount_rate,0.134318181818182,space_generation_hardware_cost_gbp_per_w_dc,3.9875,437.572106397539
real_discount_rate,0.138181818181818,space_generation_hardware_cost_gbp_per_w_dc,3.9875,451.954101767106
real_discount_rate,0.142045454545455,space_generation_hardware_cost_gbp_per_w_dc,3.9875,466.601194507236
real_discount_rate,0.145909090909091,space_generation_hardware_cost_gbp_per_w_dc,3.9875,481.513806992501
real_discount_rate,0.149772727272727,space_generation_hardware_cost_gbp_per_w_dc,3.9875,496.692462583167
real_discount_rate,0.153636363636364,space_generation_hardware_cost_gbp_per_w_dc,3.9875,512.137784935692
real_discount_rate,0.1575,space_generation_hardware_cost_gbp_per_w_dc,3.9875,527.850496888836
real_discount_rate,0.161363636363636,space_generation_hardware_cost_gbp_per_w_dc,3.9875,543.831418988277
real_discount_rate,0.165227272727273,space_generation_hardware_cost_gbp_per_w_dc,3.9875,560.081467707699
real_discount_rate,0.169090909090909,space_generation_hardware_cost_gbp_per_w_dc,3.9875,576.601653419296
real_discount_rate,0.172954545454545,space_generation_hardware_cost_gbp_per_w_dc,3.9875,593.393078161797
real_discount_rate,0.176818181818182,space_generation_hardware_cost_gbp_per_w_dc,3.9875,610.456933249339
real_discount_rate,0.180681818181818,space_generation_hardware_cost_gbp_per_w_dc,3.9875,627.794496759956
real_discount_rate,0.184545454545455,space_generation_hardware_cost_gbp_per_w_dc,3.9875,645.407130938141
real_discount_rate,0.188409090909091,space_generation_hardware_cost_gbp_per_w_dc,3.9875,663.296279541834
real_discount_rate,0.192272727272727,space_generation_hardware_cost_gbp_per_w_dc,3.9875,681.463465160423
real_discount_rate,0.196136363636364,space_generation_hardware_cost_gbp_per_w_dc,3.9875,699.910286526797
real_discount_rate,0.2,space_generation_hardware_cost_gbp_per_w_dc,3.9875,718.638415843284
real_discount_rate,0.03,space_generation_hardware_cost_gbp_per_w_dc,4.1,153.022380160453
real_discount_rate,0.0338636363636364,space_generation_hardware_cost_gbp_per_w_dc,4.1,160.294388794999
real_discount_rate,0.0377272727272727,space_generation_hardware_cost_gbp_per_w_dc,4.1,167.842015388
real_discount_rate,0.0415909090909091,space_generation_hardware_cost_gbp_per_w_dc,4.1,175.66613720544
real_discount_rate,0.0454545454545455,space_generation_hardware_cost_gbp_per_w_dc,4.1,183.767370200456
real_discount_rate,0.0493181818181818,space_generation_hardware_cost_gbp_per_w_dc,4.1,192.146093582204
real_discount_rate,0.0531818181818182,space_generation_hardware_cost_gbp_per_w_dc,4.1,200.802474938159
real_discount_rate,0.0570454545454545,space_generation_hardware_cost_gbp_per_w_dc,4.1,209.736495555784
real_discount_rate,0.0609090909090909,space_generation_hardware_cost_gbp_per_w_dc,4.1,218.94797561796
real_discount_rate,0.0647727272727273,space_generation_hardware_cost_gbp_per_w_dc,4.1,228.436598978906
real_discount_rate,0.0686363636363636,space_generation_hardware_cost_gbp_per_w_dc,4.1,238.201937262365
real_discount_rate,0.0725,space_generation_hardware_cost_gbp_per_w_dc,4.1,248.243473060228
real_discount_rate,0.0763636363636364,space_generation_hardware_cost_gbp_per_w_dc,4.1,258.56062204665
real_discount_rate,0.0802272727272727,space_generation_hardware_cost_gbp_per_w_dc,4.1,269.152753858839
real_discount_rate,0.0840909090909091,space_generation_hardware_cost_gbp_per_w_dc,4.1,280.019211630562
real_discount_rate,0.0879545454545455,space_generation_hardware_cost_gbp_per_w_dc,4.1,291.159330097125
real_discount_rate,0.0918181818181818,space_generation_hardware_cost_gbp_per_w_dc,4.1,302.572452220762
real_discount_rate,0.0956818181818182,space_generation_hardware_cost_gbp_per_w_dc,4.1,314.257944312716
real_discount_rate,0.0995454545454545,space_generation_hardware_cost_gbp_per_w_dc,4.1,326.215209652414
real_discount_rate,0.103409090909091,space_generation_hardware_cost_gbp_per_w_dc,4.1,338.443700625152
real_discount_rate,0.107272727272727,space_generation_hardware_cost_gbp_per_w_dc,4.1,350.942929417461
real_discount_rate,0.111136363636364,space_generation_hardware_cost_gbp_per_w_dc,4.1,363.712477323982
real_discount_rate,0.115,space_generation_hardware_cost_gbp_per_w_dc,4.1,376.752002731382
real_discount_rate,0.118863636363636,space_generation_hardware_cost_gbp_per_w_dc,4.1,390.061247853793
real_discount_rate,0.122727272727273,space_generation_hardware_cost_gbp_per_w_dc,4.1,403.640044300707
real_discount_rate,0.126590909090909,space_generation_hardware_cost_gbp_per_w_dc,4.1,417.488317562462
real_discount_rate,0.130454545454545,space_generation_hardware_cost_gbp_per_w_dc,4.1,431.606090500675
real_discount_rate,0.134318181818182,space_generation_hardware_cost_gbp_per_w_dc,4.1,445.993485931521
real_discount_rate,0.138181818181818,space_generation_hardware_cost_gbp_per_w_dc,4.1,460.650728388835
real_discount_rate,0.142045454545455,space_generation_hardware_cost_gbp_per_w_dc,4.1,475.578145151955
real_discount_rate,0.145909090909091,space_generation_hardware_cost_gbp_per_w_dc,4.1,490.776166620146
real_discount_rate,0.149772727272727,space_generation_hardware_cost_gbp_per_w_dc,4.1,506.245326111683
real_discount_rate,0.153636363636364,space_generation_hardware_cost_gbp_per_w_dc,4.1,521.986259161368
real_discount_rate,0.1575,space_generation_hardware_cost_gbp_per_w_dc,4.1,537.999702385505
real_discount_rate,0.161363636363636,space_generation_hardware_cost_gbp_per_w_dc,4.1,554.286491978439
real_discount_rate,0.165227272727273,space_generation_hardware_cost_gbp_per_w_dc,4.1,570.847561899734
real_discount_rate,0.169090909090909,space_generation_hardware_cost_gbp_per_w_dc,4.1,587.683941805949
real_discount_rate,0.172954545454545,space_generation_hardware_cost_gbp_per_w_dc,4.1,604.796754776041
real_discount_rate,0.176818181818182,space_generation_hardware_cost_gbp_per_w_dc,4.1,622.18721487456
real_discount_rate,0.180681818181818,space_generation_hardware_cost_gbp_per_w_dc,4.1,639.856624592122
real_discount_rate,0.184545454545455,space_generation_hardware_cost_gbp_per_w_dc,4.1,657.806372198315
real_discount_rate,0.188409090909091,space_generation_hardware_cost_gbp_per_w_dc,4.1,676.037929037944
real_discount_rate,0.192272727272727,space_generation_hardware_cost_gbp_per_w_dc,4.1,694.552846797721
real_discount_rate,0.196136363636364,space_generation_hardware_cost_gbp_per_w_dc,4.1,713.352754766895
real_discount_rate,0.2,space_generation_hardware_cost_gbp_per_w_dc,4.1,732.439357112007
real_discount_rate,0.03,space_generation_hardware_cost_gbp_per_w_dc,4.2125,155.943513388232
real_discount_rate,0.0338636363636364,space_generation_hardware_cost_gbp_per_w_dc,4.2125,163.351978688741
real_discount_rate,0.0377272727272727,space_generation_hardware_cost_gbp_per_w_dc,4.2125,171.04124132405
real_discount_rate,0.0415909090909091,space_generation_hardware_cost_gbp_per_w_dc,4.2125,179.012195138817
real_discount_rate,0.0454545454545455,space_generation_hardware_cost_gbp_per_w_dc,4.2125,187.265467744719
real_discount_rate,0.0493181818181818,space_generation_hardware_cost_gbp_per_w_dc,4.2125,195.801445550921
real_discount_rate,0.0531818181818182,space_generation_hardware_cost_gbp_per_w_dc,4.2125,204.620299358457
real_discount_rate,0.0570454545454545,space_generation_hardware_cost_gbp_per_w_dc,4.2125,213.722010157827
real_discount_rate,0.0609090909090909,space_generation_hardware_cost_gbp_per_w_dc,4.2125,223.106394798044
real_discount_rate,0.0647727272727273,space_generation_hardware_cost_gbp_per_w_dc,4.2125,232.77313122837
real_discount_rate,0.0686363636363636,space_generation_hardware_cost_gbp_per_w_dc,4.2125,242.721783049631
real_discount_rate,0.0725,space_generation_hardware_cost_gbp_per_w_dc,4.2125,252.951823149128
real_discount_rate,0.0763636363636364,space_generation_hardware_cost_gbp_per_w_dc,4.2125,263.462656230688
real_discount_rate,0.0802272727272727,space_generation_hardware_cost_gbp_per_w_dc,4.2125,274.253640088262
real_discount_rate,0.0840909090909091,space_generation_hardware_cost_gbp_per_w_dc,4.2125,285.324105506942
real_discount_rate,0.0879545454545455,space_generation_hardware_cost_gbp_per_w_dc,4.2125,296.673374708616
real_discount_rate,0.0918181818181818,space_generation_hardware_cost_gbp_per_w_dc,4.2125,308.300778290264
real_discount_rate,0.0956818181818182,space_generation_hardware_cost_gbp_per_w_dc,4.2125,320.205670630675
real_discount_rate,0.0995454545454545,space_generation_hardware_cost_gbp_per_w_dc,4.2125,332.387443766034
real_discount_rate,0.103409090909091,space_generation_hardware_cost_gbp_per_w_dc,4.2125,344.845539756169
real_discount_rate,0.107272727272727,space_generation_hardware_cost_gbp_per_w_dc,4.2125,357.579461581363
real_discount_rate,0.111136363636364,space_generation_hardware_cost_gbp_per_w_dc,4.2125,370.588782624574
real_discount_rate,0.115,space_generation_hardware_cost_gbp_per_w_dc,4.2125,383.873154805817
real_discount_rate,0.118863636363636,space_generation_hardware_cost_gbp_per_w_dc,4.2125,397.432315444592
real_discount_rate,0.122727272727273,space_generation_hardware_cost_gbp_per_w_dc,4.2125,411.266092932805
real_discount_rate,0.126590909090909,space_generation_hardware_cost_gbp_per_w_dc,4.2125,425.374411304917
real_discount_rate,0.130454545454545,space_generation_hardware_cost_gbp_per_w_dc,4.2125,439.757293794323
real_discount_rate,0.134318181818182,space_generation_hardware_cost_gbp_per_w_dc,4.2125,454.414865465503
real_discount_rate,0.138181818181818,space_generation_hardware_cost_gbp_per_w_dc,4.2125,469.347355010563
real_discount_rate,0.142045454545455,space_generation_hardware_cost_gbp_per_w_dc,4.2125,484.555095796674
real_discount_rate,0.145909090909091,space_generation_hardware_cost_gbp_per_w_dc,4.2125,500.03852624779
real_discount_rate,0.149772727272727,space_generation_hardware_cost_gbp_per_w_dc,4.2125,515.798189640198
real_discount_rate,0.153636363636364,space_generation_hardware_cost_gbp_per_w_dc,4.2125,531.834733387043
real_discount_rate,0.1575,space_generation_hardware_cost_gbp_per_w_dc,4.2125,548.148907882173
real_discount_rate,0.161363636363636,space_generation_hardware_cost_gbp_per_w_dc,4.2125,564.741564968602
real_discount_rate,0.165227272727273,space_generation_hardware_cost_gbp_per_w_dc,4.2125,581.613656091769
real_discount_rate,0.169090909090909,space_generation_hardware_cost_gbp_per_w_dc,4.2125,598.766230192601
real_discount_rate,0.172954545454545,space_generation_hardware_cost_gbp_per_w_dc,4.2125,616.200431390286
real_discount_rate,0.176818181818182,space_generation_hardware_cost_gbp_per_w_dc,4.2125,633.917496499781
real_discount_rate,0.180681818181818,space_generation_hardware_cost_gbp_per_w_dc,4.2125,651.918752424289
real_discount_rate,0.184545454545455,space_generation_hardware_cost_gbp_per_w_dc,4.2125,670.20561345849
real_discount_rate,0.188409090909091,space_generation_hardware_cost_gbp_per_w_dc,4.2125,688.779578534053
real_discount_rate,0.192272727272727,space_generation_hardware_cost_gbp_per_w_dc,4.2125,707.64222843502
real_discount_rate,0.196136363636364,space_generation_hardware_cost_gbp_per_w_dc,4.2125,726.795223006994
real_discount_rate,0.2,space_generation_hardware_cost_gbp_per_w_dc,4.2125,746.24029838073
real_discount_rate,0.03,space_generation_hardware_cost_gbp_per_w_dc,4.325,158.86464661601
real_discount_rate,0.0338636363636364,space_generation_hardware_cost_gbp_per_w_dc,4.325,166.409568582484
real_discount_rate,0.0377272727272727,space_generation_hardware_cost_gbp_per_w_dc,4.325,174.240467260101
real_discount_rate,0.0415909090909091,space_generation_hardware_cost_gbp_per_w_dc,4.325,182.358253072194
real_discount_rate,0.0454545454545455,space_generation_hardware_cost_gbp_per_w_dc,4.325,190.763565288983
real_discount_rate,0.0493181818181818,space_generation_hardware_cost_gbp_per_w_dc,4.325,199.456797519638
real_discount_rate,0.0531818181818182,space_generation_hardware_cost_gbp_per_w_dc,4.325,208.438123778756
real_discount_rate,0.0570454545454545,space_generation_hardware_cost_gbp_per_w_dc,4.325,217.70752475987
real_discount_rate,0.0609090909090909,space_generation_hardware_cost_gbp_per_w_dc,4.325,227.264813978128
real_discount_rate,0.0647727272727273,space_generation_hardware_cost_gbp_per_w_dc,4.325,237.109663477833
real_discount_rate,0.0686363636363636,space_generation_hardware_cost_gbp_per_w_dc,4.325,247.241628836898
real_discount_rate,0.0725,space_generation_hardware_cost_gbp_per_w_dc,4.325,257.660173238028
real_discount_rate,0.0763636363636364,space_generation_hardware_cost_gbp_per_w_dc,4.325,268.364690414725
real_discount_rate,0.0802272727272727,space_generation_hardware_cost_gbp_per_w_dc,4.325,279.354526317686
real_discount_rate,0.0840909090909091,space_generation_hardware_cost_gbp_per_w_dc,4.325,290.628999383321
real_discount_rate,0.0879545454545455,space_generation_hardware_cost_gbp_per_w_dc,4.325,302.187419320108
real_discount_rate,0.0918181818181818,space_generation_hardware_cost_gbp_per_w_dc,4.325,314.029104359766
real_discount_rate,0.0956818181818182,space_generation_hardware_cost_gbp_per_w_dc,4.325,326.153396948634
real_discount_rate,0.0995454545454545,space_generation_hardware_cost_gbp_per_w_dc,4.325,338.559677879655
real_discount_rate,0.103409090909091,space_generation_hardware_cost_gbp_per_w_dc,4.325,351.247378887186
real_discount_rate,0.107272727272727,space_generation_hardware_cost_gbp_per_w_dc,4.325,364.215993745264
real_discount_rate,0.111136363636364,space_generation_hardware_cost_gbp_per_w_dc,4.325,377.465087925165
real_discount_rate,0.115,space_generation_hardware_cost_gbp_per_w_dc,4.325,390.994306880252
real_discount_rate,0.118863636363636,space_generation_hardware_cost_gbp_per_w_dc,4.325,404.803383035392
real_discount_rate,0.122727272727273,space_generation_hardware_cost_gbp_per_w_dc,4.325,418.892141564903
real_discount_rate,0.126590909090909,space_generation_hardware_cost_gbp_per_w_dc,4.325,433.260505047372
real_discount_rate,0.130454545454545,space_generation_hardware_cost_gbp_per_w_dc,4.325,447.908497087971
real_discount_rate,0.134318181818182,space_generation_hardware_cost_gbp_per_w_dc,4.325,462.836244999485
real_discount_rate,0.138181818181818,space_generation_hardware_cost_gbp_per_w_dc,4.325,478.043981632291
real_discount_rate,0.142045454545455,space_generation_hardware_cost_gbp_per_w_dc,4.325,493.532046441393
real_discount_rate,0.145909090909091,space_generation_hardware_cost_gbp_per_w_dc,4.325,509.300885875435
real_discount_rate,0.149772727272727,space_generation_hardware_cost_gbp_per_w_dc,4.325,525.351053168714
real_discount_rate,0.153636363636364,space_generation_hardware_cost_gbp_per_w_dc,4.325,541.683207612719
real_discount_rate,0.1575,space_generation_hardware_cost_gbp_per_w_dc,4.325,558.298113378842
real_discount_rate,0.161363636363636,space_generation_hardware_cost_gbp_per_w_dc,4.325,575.196637958764
real_discount_rate,0.165227272727273,space_generation_hardware_cost_gbp_per_w_dc,4.325,592.379750283804
real_discount_rate,0.169090909090909,space_generation_hardware_cost_gbp_per_w_dc,4.325,609.848518579254
real_discount_rate,0.172954545454545,space_generation_hardware_cost_gbp_per_w_dc,4.325,627.604108004531
real_discount_rate,0.176818181818182,space_generation_hardware_cost_gbp_per_w_dc,4.325,645.647778125002
real_discount_rate,0.180681818181818,space_generation_hardware_cost_gbp_per_w_dc,4.325,663.980880256455
real_discount_rate,0.184545454545455,space_generation_hardware_cost_gbp_per_w_dc,4.325,682.604854718664
real_discount_rate,0.188409090909091,space_generation_hardware_cost_gbp_per_w_dc,4.325,701.521228030163
real_discount_rate,0.192272727272727,space_generation_hardware_cost_gbp_per_w_dc,4.325,720.731610072318
real_discount_rate,0.196136363636364,space_generation_hardware_cost_gbp_per_w_dc,4.325,740.237691247092
real_discount_rate,0.2,space_generation_hardware_cost_gbp_per_w_dc,4.325,760.041239649453
real_discount_rate,0.03,space_generation_hardware_cost_gbp_per_w_dc,4.4375,161.785779843788
real_discount_rate,0.0338636363636364,space_generation_hardware_cost_gbp_per_w_dc,4.4375,169.467158476226
real_discount_rate,0.0377272727272727,space_generation_hardware_cost_gbp_per_w_dc,4.4375,177.439693196152
real_discount_rate,0.0415909090909091,space_generation_hardware_cost_gbp_per_w_dc,4.4375,185.704311005571
real_discount_rate,0.0454545454545455,space_generation_hardware_cost_gbp_per_w_dc,4.4375,194.261662833247
real_discount_rate,0.0493181818181818,space_generation_hardware_cost_gbp_per_w_dc,4.4375,203.112149488355
real_discount_rate,0.0531818181818182,space_generation_hardware_cost_gbp_per_w_dc,4.4375,212.255948199054
real_discount_rate,0.0570454545454545,space_generation_hardware_cost_gbp_per_w_dc,4.4375,221.693039361913
real_discount_rate,0.0609090909090909,space_generation_hardware_cost_gbp_per_w_dc,4.4375,231.423233158212
real_discount_rate,0.0647727272727273,space_generation_hardware_cost_gbp_per_w_dc,4.4375,241.446195727297
real_discount_rate,0.0686363636363636,space_generation_hardware_cost_gbp_per_w_dc,4.4375,251.761474624164
real_discount_rate,0.0725,space_generation_hardware_cost_gbp_per_w_dc,4.4375,262.368523326927
real_discount_rate,0.0763636363636364,space_generation_hardware_cost_gbp_per_w_dc,4.4375,273.266724598763
real_discount_rate,0.0802272727272727,space_generation_hardware_cost_gbp_per_w_dc,4.4375,284.455412547109
real_discount_rate,0.0840909090909091,space_generation_hardware_cost_gbp_per_w_dc,4.4375,295.9338932597
real_discount_rate,0.0879545454545455,space_generation_hardware_cost_gbp_per_w_dc,4.4375,307.701463931599
real_discount_rate,0.0918181818181818,space_generation_hardware_cost_gbp_per_w_dc,4.4375,319.757430429268
real_discount_rate,0.0956818181818182,space_generation_hardware_cost_gbp_per_w_dc,4.4375,332.101123266593
real_discount_rate,0.0995454545454545,space_generation_hardware_cost_gbp_per_w_dc,4.4375,344.731911993275
real_discount_rate,0.103409090909091,space_generation_hardware_cost_gbp_per_w_dc,4.4375,357.649218018203
real_discount_rate,0.107272727272727,space_generation_hardware_cost_gbp_per_w_dc,4.4375,370.852525909166
real_discount_rate,0.111136363636364,space_generation_hardware_cost_gbp_per_w_dc,4.4375,384.341393225757
real_discount_rate,0.115,space_generation_hardware_cost_gbp_per_w_dc,4.4375,398.115458954687
real_discount_rate,0.118863636363636,space_generation_hardware_cost_gbp_per_w_dc,4.4375,412.174450626191
real_discount_rate,0.122727272727273,space_generation_hardware_cost_gbp_per_w_dc,4.4375,426.518190197001
real_discount_rate,0.126590909090909,space_generation_hardware_cost_gbp_per_w_dc,4.4375,441.146598789826
real_discount_rate,0.130454545454545,space_generation_hardware_cost_gbp_per_w_dc,4.4375,456.059700381618
real_discount_rate,0.134318181818182,space_generation_hardware_cost_gbp_per_w_dc,4.4375,471.257624533467
real_discount_rate,0.138181818181818,space_generation_hardware_cost_gbp_per_w_dc,4.4375,486.740608254019
real_discount_rate,0.142045454545455,space_generation_hardware_cost_gbp_per_w_dc,4.4375,502.508997086112
real_discount_rate,0.145909090909091,space_generation_hardware_cost_gbp_per_w_dc,4.4375,518.56324550308
real_discount_rate,0.149772727272727,space_generation_hardware_cost_gbp_per_w_dc,4.4375,534.903916697229
real_discount_rate,0.153636363636364,space_generation_hardware_cost_gbp_per_w_dc,4.4375,551.531681838394
real_discount_rate,0.1575,space_generation_hardware_cost_gbp_per_w_dc,4.4375,568.447318875511
real_discount_rate,0.161363636363636,space_generation_hardware_cost_gbp_per_w_dc,4.4375,585.651710948926
real_discount_rate,0.165227272727273,space_generation_hardware_cost_gbp_per_w_dc,4.4375,603.145844475839
real_discount_rate,0.169090909090909,space_generation_hardware_cost_gbp_per_w_dc,4.4375,620.930806965906
real_discount_rate,0.172954545454545,space_generation_hardware_cost_gbp_per_w_dc,4.4375,639.007784618775
real_discount_rate,0.176818181818182,space_generation_hardware_cost_gbp_per_w_dc,4.4375,657.378059750223
real_discount_rate,0.180681818181818,space_generation_hardware_cost_gbp_per_w_dc,4.4375,676.043008088621
real_discount_rate,0.184545454545455,space_generation_hardware_cost_gbp_per_w_dc,4.4375,695.004095978838
real_discount_rate,0.188409090909091,space_generation_hardware_cost_gbp_per_w_dc,4.4375,714.262877526272
real_discount_rate,0.192272727272727,space_generation_hardware_cost_gbp_per_w_dc,4.4375,733.820991709617
real_discount_rate,0.196136363636364,space_generation_hardware_cost_gbp_per_w_dc,4.4375,753.680159487191
real_discount_rate,0.2,space_generation_hardware_cost_gbp_per_w_dc,4.4375,773.842180918176
real_discount_rate,0.03,space_generation_hardware_cost_gbp_per_w_dc,4.55,164.706913071566
real_discount_rate,0.0338636363636364,space_generation_hardware_cost_gbp_per_w_dc,4.55,172.524748369969
real_discount_rate,0.0377272727272727,space_generation_hardware_cost_gbp_per_w_dc,4.55,180.638919132203
real_discount_rate,0.0415909090909091,space_generation_hardware_cost_gbp_per_w_dc,4.55,189.050368938948
real_discount_rate,0.0454545454545455,space_generation_hardware_cost_gbp_per_w_dc,4.55,197.75976037751
real_discount_rate,0.0493181818181818,space_generation_hardware_cost_gbp_per_w_dc,4.55,206.767501457072
real_discount_rate,0.0531818181818182,space_generation_hardware_cost_gbp_per_w_dc,4.55,216.073772619353
real_discount_rate,0.0570454545454545,space_generation_hardware_cost_gbp_per_w_dc,4.55,225.678553963956
real_discount_rate,0.0609090909090909,space_generation_hardware_cost_gbp_per_w_dc,4.55,235.581652338296
real_discount_rate,0.0647727272727273,space_generation_hardware_cost_gbp_per_w_dc,4.55,245.782727976761
real_discount_rate,0.0686363636363636,space_generation_hardware_cost_gbp_per_w_dc,4.55,256.281320411431
real_discount_rate,0.0725,space_generation_hardware_cost_gbp_per_w_dc,4.55,267.076873415827
real_discount_rate,0.0763636363636364,space_generation_hardware_cost_gbp_per_w_dc,4.55,278.168758782801
real_discount_rate,0.0802272727272727,space_generation_hardware_cost_gbp_per_w_dc,4.55,289.556298776533
real_discount_rate,0.0840909090909091,space_generation_hardware_cost_gbp_per_w_dc,4.55,301.23878713608
real_discount_rate,0.0879545454545455,space_generation_hardware_cost_gbp_per_w_dc,4.55,313.215508543091
real_discount_rate,0.0918181818181818,space_generation_hardware_cost_gbp_per_w_dc,4.55,325.485756498771
real_discount_rate,0.0956818181818182,space_generation_hardware_cost_gbp_per_w_dc,4.55,338.048849584552
real_discount_rate,0.0995454545454545,space_generation_hardware_cost_gbp_per_w_dc,4.55,350.904146106895
real_discount_rate,0.103409090909091,space_generation_hardware_cost_gbp_per_w_dc,4.55,364.05105714922
real_discount_rate,0.107272727272727,space_generation_hardware_cost_gbp_per_w_dc,4.55,377.489058073068
real_discount_rate,0.111136363636364,space_generation_hardware_cost_gbp_per_w_dc,4.55,391.217698526349
real_discount_rate,0.115,space_generation_hardware_cost_gbp_per_w_dc,4.55,405.236611029122
real_discount_rate,0.118863636363636,space_generation_hardware_cost_gbp_per_w_dc,4.55,419.545518216991
real_discount_rate,0.122727272727273,space_generation_hardware_cost_gbp_per_w_dc,4.55,434.144238829099
real_discount_rate,0.126590909090909,space_generation_hardware_cost_gbp_per_w_dc,4.55,449.032692532281
real_discount_rate,0.130454545454545,space_generation_hardware_cost_gbp_per_w_dc,4.55,464.210903675266
real_discount_rate,0.134318181818182,space_generation_hardware_cost_gbp_per_w_dc,4.55,479.679004067449
real_discount_rate,0.138181818181818,space_generation_hardware_cost_gbp_per_w_dc,4.55,495.437234875748
real_discount_rate,0.142045454545455,space_generation_hardware_cost_gbp_per_w_dc,4.55,511.485947730831
real_discount_rate,0.145909090909091,space_generation_hardware_cost_gbp_per_w_dc,4.55,527.825605130724
real_discount_rate,0.149772727272727,space_generation_hardware_cost_gbp_per_w_dc,4.55,544.456780225745
real_discount_rate,0.153636363636364,space_generation_hardware_cost_gbp_per_w_dc,4.55,561.38015606407
real_discount_rate,0.1575,space_generation_hardware_cost_gbp_per_w_dc,4.55,578.59652437218
real_discount_rate,0.161363636363636,space_generation_hardware_cost_gbp_per_w_dc,4.55,596.106783939089
real_discount_rate,0.165227272727273,space_generation_hardware_cost_gbp_per_w_dc,4.55,613.911938667874
real_discount_rate,0.169090909090909,space_generation_hardware_cost_gbp_per_w_dc,4.55,632.013095352558
real_discount_rate,0.172954545454545,space_generation_hardware_cost_gbp_per_w_dc,4.55,650.41146123302
real_discount_rate,0.176818181818182,space_generation_hardware_cost_gbp_per_w_dc,4.55,669.108341375444
real_discount_rate,0.180681818181818,space_generation_hardware_cost_gbp_per_w_dc,4.55,688.105135920787
real_discount_rate,0.184545454545455,space_generation_hardware_cost_gbp_per_w_dc,4.55,707.403337239012
real_discount_rate,0.188409090909091,space_generation_hardware_cost_gbp_per_w_dc,4.55,727.004527022382
real_discount_rate,0.192272727272727,space_generation_hardware_cost_gbp_per_w_dc,4.55,746.910373346915
real_discount_rate,0.196136363636364,space_generation_hardware_cost_gbp_per_w_dc,4.55,767.122627727289
real_discount_rate,0.2,space_generation_hardware_cost_gbp_per_w_dc,4.55,787.643122186898
real_discount_rate,0.03,space_generation_hardware_cost_gbp_per_w_dc,4.6625,167.628046299344
real_discount_rate,0.0338636363636364,space_generation_hardware_cost_gbp_per_w_dc,4.6625,175.582338263711
real_discount_rate,0.0377272727272727,space_generation_hardware_cost_gbp_per_w_dc,4.6625,183.838145068253
real_discount_rate,0.0415909090909091,space_generation_hardware_cost_gbp_per_w_dc,4.6625,192.396426872325
real_discount_rate,0.0454545454545455,space_generation_hardware_cost_gbp_per_w_dc,4.6625,201.257857921774
real_discount_rate,0.0493181818181818,space_generation_hardware_cost_gbp_per_w_dc,4.6625,210.422853425789
real_discount_rate,0.0531818181818182,space_generation_hardware_cost_gbp_per_w_dc,4.6625,219.891597039651
real_discount_rate,0.0570454545454545,space_generation_hardware_cost_gbp_per_w_dc,4.6625,229.664068565999
real_discount_rate,0.0609090909090909,space_generation_hardware_cost_gbp_per_w_dc,4.6625,239.74007151838
real_discount_rate,0.0647727272727273,space_generation_hardware_cost_gbp_per_w_dc,4.6625,250.119260226225
real_discount_rate,0.0686363636363636,space_generation_hardware_cost_gbp_per_w_dc,4.6625,260.801166198697
real_discount_rate,0.0725,space_generation_hardware_cost_gbp_per_w_dc,4.6625,271.785223504727
real_discount_rate,0.0763636363636364,space_generation_hardware_cost_gbp_per_w_dc,4.6625,283.070792966838
real_discount_rate,0.0802272727272727,space_generation_hardware_cost_gbp_per_w_dc,4.6625,294.657185005956
real_discount_rate,0.0840909090909091,space_generation_hardware_cost_gbp_per_w_dc,4.6625,306.543681012459
real_discount_rate,0.0879545454545455,space_generation_hardware_cost_gbp_per_w_dc,4.6625,318.729553154582
real_discount_rate,0.0918181818181818,space_generation_hardware_cost_gbp_per_w_dc,4.6625,331.214082568273
real_discount_rate,0.0956818181818182,space_generation_hardware_cost_gbp_per_w_dc,4.6625,343.996575902511
real_discount_rate,0.0995454545454545,space_generation_hardware_cost_gbp_per_w_dc,4.6625,357.076380220515
real_discount_rate,0.103409090909091,space_generation_hardware_cost_gbp_per_w_dc,4.6625,370.452896280237
real_discount_rate,0.107272727272727,space_generation_hardware_cost_gbp_per_w_dc,4.6625,384.12559023697
real_discount_rate,0.111136363636364,space_generation_hardware_cost_gbp_per_w_dc,4.6625,398.09400382694
real_discount_rate,0.115,space_generation_hardware_cost_gbp_per_w_dc,4.6625,412.357763103557
real_discount_rate,0.118863636363636,space_generation_hardware_cost_gbp_per_w_dc,4.6625,426.91658580779
real_discount_rate,0.122727272727273,space_generation_hardware_cost_gbp_per_w_dc,4.6625,441.770287461198
real_discount_rate,0.126590909090909,space_generation_hardware_cost_gbp_per_w_dc,4.6625,456.918786274736
real_discount_rate,0.130454545454545,space_generation_hardware_cost_gbp_per_w_dc,4.6625,472.362106968914
real_discount_rate,0.134318181818182,space_generation_hardware_cost_gbp_per_w_dc,4.6625,488.100383601431
real_discount_rate,0.138181818181818,space_generation_hardware_cost_gbp_per_w_dc,4.6625,504.133861497476
real_discount_rate,0.142045454545455,space_generation_hardware_cost_gbp_per_w_dc,4.6625,520.46289837555
real_discount_rate,0.145909090909091,space_generation_hardware_cost_gbp_per_w_dc,4.6625,537.087964758369
real_discount_rate,0.149772727272727,space_generation_hardware_cost_gbp_per_w_dc,4.6625,554.00964375426
real_discount_rate,0.153636363636364,space_generation_hardware_cost_gbp_per_w_dc,4.6625,571.228630289745
real_discount_rate,0.1575,space_generation_hardware_cost_gbp_per_w_dc,4.6625,588.745729868849
real_discount_rate,0.161363636363636,space_generation_hardware_cost_gbp_per_w_dc,4.6625,606.561856929251
real_discount_rate,0.165227272727273,space_generation_hardware_cost_gbp_per_w_dc,4.6625,624.678032859909
real_discount_rate,0.169090909090909,space_generation_hardware_cost_gbp_per_w_dc,4.6625,643.095383739211
real_discount_rate,0.172954545454545,space_generation_hardware_cost_gbp_per_w_dc,4.6625,661.815137847264
real_discount_rate,0.176818181818182,space_generation_hardware_cost_gbp_per_w_dc,4.6625,680.838623000665
real_discount_rate,0.180681818181818,space_generation_hardware_cost_gbp_per_w_dc,4.6625,700.167263752953
real_discount_rate,0.184545454545455,space_generation_hardware_cost_gbp_per_w_dc,4.6625,719.802578499186
real_discount_rate,0.188409090909091,space_generation_hardware_cost_gbp_per_w_dc,4.6625,739.746176518491
real_discount_rate,0.192272727272727,space_generation_hardware_cost_gbp_per_w_dc,4.6625,759.999754984213
real_discount_rate,0.196136363636364,space_generation_hardware_cost_gbp_per_w_dc,4.6625,780.565095967387
real_discount_rate,0.2,space_generation_hardware_cost_gbp_per_w_dc,4.6625,801.444063455621
real_discount_rate,0.03,space_generation_hardware_cost_gbp_per_w_dc,4.775,170.549179527122
real_discount_rate,0.0338636363636364,space_generation_hardware_cost_gbp_per_w_dc,4.775,178.639928157454
real_discount_rate,0.0377272727272727,space_generation_hardware_cost_gbp_per_w_dc,4.775,187.037371004304
real_discount_rate,0.0415909090909091,space_generation_hardware_cost_gbp_per_w_dc,4.775,195.742484805703
real_discount_rate,0.0454545454545455,space_generation_hardware_cost_gbp_per_w_dc,4.775,204.755955466038
real_discount_rate,0.0493181818181818,space_generation_hardware_cost_gbp_per_w_dc,4.775,214.078205394506
real_discount_rate,0.0531818181818182,space_generation_hardware_cost_gbp_per_w_dc,4.775,223.70942145995
real_discount_rate,0.0570454545454545,space_generation_hardware_cost_gbp_per_w_dc,4.775,233.649583168042
real_discount_rate,0.0609090909090909,space_generation_hardware_cost_gbp_per_w_dc,4.775,243.898490698464
real_discount_rate,0.0647727272727273,space_generation_hardware_cost_gbp_per_w_dc,4.775,254.455792475689
real_discount_rate,0.0686363636363636,space_generation_hardware_cost_gbp_per_w_dc,4.775,265.321011985964
real_discount_rate,0.0725,space_generation_hardware_cost_gbp_per_w_dc,4.775,276.493573593626
real_discount_rate,0.0763636363636364,space_generation_hardware_cost_gbp_per_w_dc,4.775,287.972827150876
real_discount_rate,0.0802272727272727,space_generation_hardware_cost_gbp_per_w_dc,4.775,299.758071235379
real_discount_rate,0.0840909090909091,space_generation_hardware_cost_gbp_per_w_dc,4.775,311.848574888838
real_discount_rate,0.0879545454545455,space_generation_hardware_cost_gbp_per_w_dc,4.775,324.243597766074
real_discount_rate,0.0918181818181818,space_generation_hardware_cost_gbp_per_w_dc,4.775,336.942408637775
real_discount_rate,0.0956818181818182,space_generation_hardware_cost_gbp_per_w_dc,4.775,349.94430222047
real_discount_rate,0.0995454545454545,space_generation_hardware_cost_gbp_per_w_dc,4.775,363.248614334135
real_discount_rate,0.103409090909091,space_generation_hardware_cost_gbp_per_w_dc,4.775,376.854735411255
real_discount_rate,0.107272727272727,space_generation_hardware_cost_gbp_per_w_dc,4.775,390.762122400872
real_discount_rate,0.111136363636364,space_generation_hardware_cost_gbp_per_w_dc,4.775,404.970309127532
real_discount_rate,0.115,space_generation_hardware_cost_gbp_per_w_dc,4.775,419.478915177992
real_discount_rate,0.118863636363636,space_generation_hardware_cost_gbp_per_w_dc,4.775,434.28765339859
real_discount_rate,0.122727272727273,space_generation_hardware_cost_gbp_per_w_dc,4.775,449.396336093296
real_discount_rate,0.126590909090909,space_generation_hardware_cost_gbp_per_w_dc,4.775,464.804880017191
real_discount_rate,0.130454545454545,space_generation_hardware_cost_gbp_per_w_dc,4.775,480.513310262562
real_discount_rate,0.134318181818182,space_generation_hardware_cost_gbp_per_w_dc,4.775,496.521763135413
real_discount_rate,0.138181818181818,space_generation_hardware_cost_gbp_per_w_dc,4.775,512.830488119204
real_discount_rate,0.142045454545455,space_generation_hardware_cost_gbp_per_w_dc,4.775,529.439849020269
real_discount_rate,0.145909090909091,space_generation_hardware_cost_gbp_per_w_dc,4.775,546.350324386014
real_discount_rate,0.149772727272727,space_generation_hardware_cost_gbp_per_w_dc,4.775,563.562507282775
real_discount_rate,0.153636363636364,space_generation_hardware_cost_gbp_per_w_dc,4.775,581.077104515421
real_discount_rate,0.1575,space_generation_hardware_cost_gbp_per_w_dc,4.775,598.894935365518
real_discount_rate,0.161363636363636,space_generation_hardware_cost_gbp_per_w_dc,4.775,617.016929919413
real_discount_rate,0.165227272727273,space_generation_hardware_cost_gbp_per_w_dc,4.775,635.444127051945
real_discount_rate,0.169090909090909,space_generation_hardware_cost_gbp_per_w_dc,4.775,654.177672125864
real_discount_rate,0.172954545454545,space_generation_hardware_cost_gbp_per_w_dc,4.775,673.218814461509
real_discount_rate,0.176818181818182,space_generation_hardware_cost_gbp_per_w_dc,4.775,692.568904625886
real_discount_rate,0.180681818181818,space_generation_hardware_cost_gbp_per_w_dc,4.775,712.229391585119
real_discount_rate,0.184545454545455,space_generation_hardware_cost_gbp_per_w_dc,4.775,732.201819759361
real_discount_rate,0.188409090909091,space_generation_hardware_cost_gbp_per_w_dc,4.775,752.487826014601
real_discount_rate,0.192272727272727,space_generation_hardware_cost_gbp_per_w_dc,4.775,773.089136621512
real_discount_rate,0.196136363636364,space_generation_hardware_cost_gbp_per_w_dc,4.775,794.007564207486
real_discount_rate,0.2,space_generation_hardware_cost_gbp_per_w_dc,4.775,815.245004724344
real_discount_rate,0.03,space_generation_hardware_cost_gbp_per_w_dc,4.8875,173.4703127549
real_discount_rate,0.0338636363636364,space_generation_hardware_cost_gbp_per_w_dc,4.8875,181.697518051196
real_discount_rate,0.0377272727272727,space_generation_hardware_cost_gbp_per_w_dc,4.8875,190.236596940355
real_discount_rate,0.0415909090909091,space_generation_hardware_cost_gbp_per_w_dc,4.8875,199.08854273908
real_discount_rate,0.0454545454545455,space_generation_hardware_cost_gbp_per_w_dc,4.8875,208.254053010301
real_discount_rate,0.0493181818181818,space_generation_hardware_cost_gbp_per_w_dc,4.8875,217.733557363223
real_discount_rate,0.0531818181818182,space_generation_hardware_cost_gbp_per_w_dc,4.8875,227.527245880248
real_discount_rate,0.0570454545454545,space_generation_hardware_cost_gbp_per_w_dc,4.8875,237.635097770085
real_discount_rate,0.0609090909090909,space_generation_hardware_cost_gbp_per_w_dc,4.8875,248.056909878548
real_discount_rate,0.0647727272727273,space_generation_hardware_cost_gbp_per_w_dc,4.8875,258.792324725152
real_discount_rate,0.0686363636363636,space_generation_hardware_cost_gbp_per_w_dc,4.8875,269.84085777323
real_discount_rate,0.0725,space_generation_hardware_cost_gbp_per_w_dc,4.8875,281.201923682526
real_discount_rate,0.0763636363636364,space_generation_hardware_cost_gbp_per_w_dc,4.8875,292.874861334913
real_discount_rate,0.0802272727272727,space_generation_hardware_cost_gbp_per_w_dc,4.8875,304.858957464803
real_discount_rate,0.0840909090909091,space_generation_hardware_cost_gbp_per_w_dc,4.8875,317.153468765218
real_discount_rate,0.0879545454545455,space_generation_hardware_cost_gbp_per_w_dc,4.8875,329.757642377565
real_discount_rate,0.0918181818181818,space_generation_hardware_cost_gbp_per_w_dc,4.8875,342.670734707278
real_discount_rate,0.0956818181818182,space_generation_hardware_cost_gbp_per_w_dc,4.8875,355.892028538429
real_discount_rate,0.0995454545454545,space_generation_hardware_cost_gbp_per_w_dc,4.8875,369.420848447756
real_discount_rate,0.103409090909091,space_generation_hardware_cost_gbp_per_w_dc,4.8875,383.256574542271
real_discount_rate,0.107272727272727,space_generation_hardware_cost_gbp_per_w_dc,4.8875,397.398654564773
real_discount_rate,0.111136363636364,space_generation_hardware_cost_gbp_per_w_dc,4.8875,411.846614428123
real_discount_rate,0.115,space_generation_hardware_cost_gbp_per_w_dc,4.8875,426.600067252427
real_discount_rate,0.118863636363636,space_generation_hardware_cost_gbp_per_w_dc,4.8875,441.658720989389
real_discount_rate,0.122727272727273,space_generation_hardware_cost_gbp_per_w_dc,4.8875,457.022384725394
real_discount_rate,0.126590909090909,space_generation_hardware_cost_gbp_per_w_dc,4.8875,472.690973759646
real_discount_rate,0.130454545454545,space_generation_hardware_cost_gbp_per_w_dc,4.8875,488.664513556209
real_discount_rate,0.134318181818182,space_generation_hardware_cost_gbp_per_w_dc,4.8875,504.943142669395
real_discount_rate,0.138181818181818,space_generation_hardware_cost_gbp_per_w_dc,4.8875,521.527114740932
real_discount_rate,0.142045454545455,space_generation_hardware_cost_gbp_per_w_dc,4.8875,538.416799664988
real_discount_rate,0.145909090909091,space_generation_hardware_cost_gbp_per_w_dc,4.8875,555.612684013658
real_discount_rate,0.149772727272727,space_generation_hardware_cost_gbp_per_w_dc,4.8875,573.115370811291
real_discount_rate,0.153636363636364,space_generation_hardware_cost_gbp_per_w_dc,4.8875,590.925578741096
real_discount_rate,0.1575,space_generation_hardware_cost_gbp_per_w_dc,4.8875,609.044140862187
real_discount_rate,0.161363636363636,space_generation_hardware_cost_gbp_per_w_dc,4.8875,627.472002909575
real_discount_rate,0.165227272727273,space_generation_hardware_cost_gbp_per_w_dc,4.8875,646.21022124398
real_discount_rate,0.169090909090909,space_generation_hardware_cost_gbp_per_w_dc,4.8875,665.259960512516
real_discount_rate,0.172954545454545,space_generation_hardware_cost_gbp_per_w_dc,4.8875,684.622491075754
real_discount_rate,0.176818181818182,space_generation_hardware_cost_gbp_per_w_dc,4.8875,704.299186251107
real_discount_rate,0.180681818181818,space_generation_hardware_cost_gbp_per_w_dc,4.8875,724.291519417285
real_discount_rate,0.184545454545455,space_generation_hardware_cost_gbp_per_w_dc,4.8875,744.601061019535
real_discount_rate,0.188409090909091,space_generation_hardware_cost_gbp_per_w_dc,4.8875,765.22947551071
real_discount_rate,0.192272727272727,space_generation_hardware_cost_gbp_per_w_dc,4.8875,786.17851825881
real_discount_rate,0.196136363636364,space_generation_hardware_cost_gbp_per_w_dc,4.8875,807.450032447584
real_discount_rate,0.2,space_generation_hardware_cost_gbp_per_w_dc,4.8875,829.045945993067
real_discount_rate,0.03,space_generation_hardware_cost_gbp_per_w_dc,5,176.391445982678
real_discount_rate,0.0338636363636364,space_generation_hardware_cost_gbp_per_w_dc,5,184.755107944938
real_discount_rate,0.0377272727272727,space_generation_hardware_cost_gbp_per_w_dc,5,193.435822876405
real_discount_rate,0.0415909090909091,space_generation_hardware_cost_gbp_per_w_dc,5,202.434600672457
real_discount_rate,0.0454545454545455,space_generation_hardware_cost_gbp_per_w_dc,5,211.752150554565
real_discount_rate,0.0493181818181818,space_generation_hardware_cost_gbp_per_w_dc,5,221.388909331941
real_discount_rate,0.0531818181818182,space_generation_hardware_cost_gbp_per_w_dc,5,231.345070300547
real_discount_rate,0.0570454545454545,space_generation_hardware_cost_gbp_per_w_dc,5,241.620612372128
real_discount_rate,0.0609090909090909,space_generation_hardware_cost_gbp_per_w_dc,5,252.215329058632
real_discount_rate,0.0647727272727273,space_generation_hardware_cost_gbp_per_w_dc,5,263.128856974616
real_discount_rate,0.0686363636363636,space_generation_hardware_cost_gbp_per_w_dc,5,274.360703560497
real_discount_rate,0.0725,space_generation_hardware_cost_gbp_per_w_dc,5,285.910273771425
real_discount_rate,0.0763636363636364,space_generation_hardware_cost_gbp_per_w_dc,5,297.776895518951
real_discount_rate,0.0802272727272727,space_generation_hardware_cost_gbp_per_w_dc,5,309.959843694226
real_discount_rate,0.0840909090909091,space_generation_hardware_cost_gbp_per_w_dc,5,322.458362641597
real_discount_rate,0.0879545454545455,space_generation_hardware_cost_gbp_per_w_dc,5,335.271686989057
real_discount_rate,0.0918181818181818,space_generation_hardware_cost_gbp_per_w_dc,5,348.39906077678
real_discount_rate,0.0956818181818182,space_generation_hardware_cost_gbp_per_w_dc,5,361.839754856388
real_discount_rate,0.0995454545454545,space_generation_hardware_cost_gbp_per_w_dc,5,375.593082561376
real_discount_rate,0.103409090909091,space_generation_hardware_cost_gbp_per_w_dc,5,389.658413673289
real_discount_rate,0.107272727272727,space_generation_hardware_cost_gbp_per_w_dc,5,404.035186728675
real_discount_rate,0.111136363636364,space_generation_hardware_cost_gbp_per_w_dc,5,418.722919728715
real_discount_rate,0.115,space_generation_hardware_cost_gbp_per_w_dc,5,433.721219326862
real_discount_rate,0.118863636363636,space_generation_hardware_cost_gbp_per_w_dc,5,449.029788580189
real_discount_rate,0.122727272727273,space_generation_hardware_cost_gbp_per_w_dc,5,464.648433357492
real_discount_rate,0.126590909090909,space_generation_hardware_cost_gbp_per_w_dc,5,480.577067502101
real_discount_rate,0.130454545454545,space_generation_hardware_cost_gbp_per_w_dc,5,496.815716849857
real_discount_rate,0.134318181818182,space_generation_hardware_cost_gbp_per_w_dc,5,513.364522203377
real_discount_rate,0.138181818181818,space_generation_hardware_cost_gbp_per_w_dc,5,530.223741362661
real_discount_rate,0.142045454545455,space_generation_hardware_cost_gbp_per_w_dc,5,547.393750309707
real_discount_rate,0.145909090909091,space_generation_hardware_cost_gbp_per_w_dc,5,564.875043641303
real_discount_rate,0.149772727272727,space_generation_hardware_cost_gbp_per_w_dc,5,582.668234339806
real_discount_rate,0.153636363636364,space_generation_hardware_cost_gbp_per_w_dc,5,600.774052966772
real_discount_rate,0.1575,space_generation_hardware_cost_gbp_per_w_dc,5,619.193346358856
real_discount_rate,0.161363636363636,space_generation_hardware_cost_gbp_per_w_dc,5,637.927075899738
real_discount_rate,0.165227272727273,space_generation_hardware_cost_gbp_per_w_dc,5,656.976315436015
real_discount_rate,0.169090909090909,space_generation_hardware_cost_gbp_per_w_dc,5,676.342248899169
real_discount_rate,0.172954545454545,space_generation_hardware_cost_gbp_per_w_dc,5,696.026167689998
real_discount_rate,0.176818181818182,space_generation_hardware_cost_gbp_per_w_dc,5,716.029467876328
real_discount_rate,0.180681818181818,space_generation_hardware_cost_gbp_per_w_dc,5,736.353647249451
real_discount_rate,0.184545454545455,space_generation_hardware_cost_gbp_per_w_dc,5,757.000302279709
real_discount_rate,0.188409090909091,space_generation_hardware_cost_gbp_per_w_dc,5,777.97112500682
real_discount_rate,0.192272727272727,space_generation_hardware_cost_gbp_per_w_dc,5,799.267899896109
real_discount_rate,0.196136363636364,space_generation_hardware_cost_gbp_per_w_dc,5,820.892500687682
real_discount_rate,0.2,space_generation_hardware_cost_gbp_per_w_dc,5,842.84688726179
