parameter,display_name,unit,value,lcoe_gbp_per_mwh
solar_conversion_efficiency,Solar-to-DC conversion efficiency,fraction,0.2,86.02973399903817
solar_conversion_efficiency,Solar-to-DC conversion efficiency,fraction,0.2025,86.02973399903817
solar_conversion_efficiency,Solar-to-DC conversion efficiency,fraction,0.20500000000000002,86.02973399903817
solar_conversion_efficiency,Solar-to-DC conversion efficiency,fraction,0.20750000000000002,86.02973399903817
solar_conversion_efficiency,Solar-to-DC conversion efficiency,fraction,0.21000000000000002,86.02973399903817
solar_conversion_efficiency,Solar-to-DC conversion efficiency,fraction,0.21250000000000002,86.02973399903817
solar_conversion_efficiency,Solar-to-DC conversion efficiency,fraction,0.21500000000000002,86.02973399903817
solar_conversion_efficiency,Solar-to-DC conversion efficiency,fraction,0.21750000000000003,86.02973399903817
solar_conversion_efficiency,Solar-to-DC conversion efficiency,fraction,0.22,86.02973399903817
solar_conversion_efficiency,Solar-to-DC conversion efficiency,fraction,0.2225,86.02973399903817
solar_conversion_efficiency,Solar-to-DC conversion efficiency,fraction,0.225,86.02973399903817
solar_conversion_efficiency,Solar-to-DC conversion efficiency,fraction,0.2275,86.02973399903817
solar_conversion_efficiency,Solar-to-DC conversion efficiency,fraction,0.23,86.02973399903817
solar_conversion_efficiency,Solar-to-DC conversion efficiency,fraction,0.2325,86.02973399903817
solar_conversion_efficiency,Solar-to-DC conversion efficiency,fraction,0.23500000000000001,86.02973399903817
solar_conversion_efficiency,Solar-to-DC conversion efficiency,fraction,0.23750000000000002,86.02973399903817
solar_conversion_efficiency,Solar-to-DC conversion efficiency,fraction,0.24000000000000002,86.02973399903817
solar_conversion_efficiency,Solar-to-DC conversion efficiency,fraction,0.24250000000000002,86.02973399903817
solar_conversion_efficiency,Solar-to-DC conversion efficiency,fraction,0.245,86.02973399903817
solar_conversion_efficiency,Solar-to-DC conversion efficiency,fraction,0.2475,86.02973399903817
solar_conversion_efficiency,Solar-to-DC conversion efficiency,fraction,0.25,86.02973399903817
solar_conversion_efficiency,Solar-to-DC conversion efficiency,fraction,0.2525,86.02973399903817
solar_conversion_efficiency,Solar-to-DC conversion efficiency,fraction,0.255,86.02973399903817
solar_conversion_efficiency,Solar-to-DC conversion efficiency,fraction,0.2575,86.02973399903817
solar_conversion_efficiency,Solar-to-DC conversion efficiency,fraction,0.26,86.02973399903817
solar_conversion_efficiency,Solar-to-DC conversion efficiency,fraction,0.2625,86.02973399903817
solar_conversion_efficiency,Solar-to-DC conversion efficiency,fraction,0.265,86.02973399903817
solar_conversion_efficiency,Solar-to-DC conversion efficiency,fraction,0.2675,86.02973399903817
solar_conversion_efficiency,Solar-to-DC conversion efficiency,fraction,0.27,86.02973399903817
solar_conversion_efficiency,Solar-to-DC conversion efficiency,fraction,0.2725,86.02973399903817
solar_conversion_efficiency,Solar-to-DC conversion efficiency,fraction,0.275,86.02973399903817
solar_conversion_efficiency,Solar-to-DC conversion efficiency,fraction,0.2775,86.02973399903817
solar_conversion_efficiency,Solar-to-DC conversion efficiency,fraction,0.28,86.02973399903817
solar_conversion_efficiency,Solar-to-DC conversion efficiency,fraction,0.28250000000000003,86.02973399903817
solar_conversion_efficiency,Solar-to-DC conversion efficiency,fraction,0.28500000000000003,86.02973399903817
solar_conversion_efficiency,Solar-to-DC conversion efficiency,fraction,0.28750000000000003,86.02973399903817
solar_conversion_efficiency,Solar-to-DC conversion efficiency,fraction,0.29000000000000004,86.02973399903817
solar_conversion_efficiency,Solar-to-DC conversion efficiency,fraction,0.2925,86.02973399903817
solar_conversion_efficiency,Solar-to-DC conversion efficiency,fraction,0.29500000000000004,86.02973399903817
solar_conversion_efficiency,Solar-to-DC conversion efficiency,fraction,0.2975,86.02973399903817
solar_conversion_efficiency,Solar-to-DC conversion efficiency,fraction,0.30000000000000004,86.02973399903817
solar_conversion_efficiency,Solar-to-DC conversion efficiency,fraction,0.3025,86.02973399903817
solar_conversion_efficiency,Solar-to-DC conversion efficiency,fraction,0.305,86.02973399903817
solar_conversion_efficiency,Solar-to-DC conversion efficiency,fraction,0.3075,86.02973399903817
solar_conversion_efficiency,Solar-to-DC conversion efficiency,fraction,0.31,86.02973399903817
solar_conversion_efficiency,Solar-to-DC conversion efficiency,fraction,0.3125,86.02973399903817
solar_conversion_efficiency,Solar-to-DC conversion efficiency,fraction,0.315,86.02973399903817
solar_conversion_efficiency,Solar-to-DC conversion efficiency,fraction,0.3175,86.02973399903817
solar_conversion_efficiency,Solar-to-DC conversion efficiency,fraction,0.32,86.02973399903817
solar_conversion_efficiency,Solar-to-DC conversion efficiency,fraction,0.3225,86.02973399903817
solar_conversion_efficiency,Solar-to-DC conversion efficiency,fraction,0.325,86.02973399903817
solar_conversion_efficiency,Solar-to-DC conversion efficiency,fraction,0.3275,86.02973399903817
solar_conversion_efficiency,Solar-to-DC conversion efficiency,fraction,0.33,86.02973399903817
solar_conversion_efficiency,Solar-to-DC conversion efficiency,fraction,0.3325,86.02973399903817
solar_conversion_efficiency,Solar-to-DC conversion efficiency,fraction,0.335,86.02973399903817
solar_conversion_efficiency,Solar-to-DC conversion efficiency,fraction,0.3375,86.02973399903817
solar_conversion_efficiency,Solar-to-DC conversion efficiency,fraction,0.34,86.02973399903817
solar_conversion_efficiency,Solar-to-DC conversion efficiency,fraction,0.3425,86.02973399903817
solar_conversion_efficiency,Solar-to-DC conversion efficiency,fraction,0.345,86.02973399903817
solar_conversion_efficiency,Solar-to-DC conversion efficiency,fraction,0.34750000000000003,86.02973399903817
solar_conversion_efficiency,Solar-to-DC conversion efficiency,fraction,0.35,86.02973399903817
solar_conversion_efficiency,Solar-to-DC conversion efficiency,fraction,0.35250000000000004,86.02973399903817
solar_conversion_efficiency,Solar-to-DC conversion efficiency,fraction,0.355,86.02973399903817
solar_conversion_efficiency,Solar-to-DC conversion efficiency,fraction,0.35750000000000004,86.02973399903817
solar_conversion_efficiency,Solar-to-DC conversion efficiency,fraction,0.36,86.02973399903817
solar_conversion_efficiency,Solar-to-DC conversion efficiency,fraction,0.36250000000000004,86.02973399903817
solar_conversion_efficiency,Solar-to-DC conversion efficiency,fraction,0.365,86.02973399903817
solar_conversion_efficiency,Solar-to-DC conversion efficiency,fraction,0.36750000000000005,86.02973399903817
solar_conversion_efficiency,Solar-to-DC conversion efficiency,fraction,0.37,86.02973399903817
solar_conversion_efficiency,Solar-to-DC conversion efficiency,fraction,0.37250000000000005,86.02973399903817
solar_conversion_efficiency,Solar-to-DC conversion efficiency,fraction,0.375,86.02973399903817
solar_conversion_efficiency,Solar-to-DC conversion efficiency,fraction,0.3775,86.02973399903817
solar_conversion_efficiency,Solar-to-DC conversion efficiency,fraction,0.38,86.02973399903817
solar_conversion_efficiency,Solar-to-DC conversion efficiency,fraction,0.3825,86.02973399903817
solar_conversion_efficiency,Solar-to-DC conversion efficiency,fraction,0.385,86.02973399903817
solar_conversion_efficiency,Solar-to-DC conversion efficiency,fraction,0.3875,86.02973399903817
solar_conversion_efficiency,Solar-to-DC conversion efficiency,fraction,0.39,86.02973399903817
solar_conversion_efficiency,Solar-to-DC conversion efficiency,fraction,0.3925,86.02973399903817
solar_conversion_efficiency,Solar-to-DC conversion efficiency,fraction,0.395,86.02973399903817
solar_conversion_efficiency,Solar-to-DC conversion efficiency,fraction,0.3975,86.02973399903817
solar_conversion_efficiency,Solar-to-DC conversion efficiency,fraction,0.4,86.02973399903817
solar_conversion_efficiency,Solar-to-DC conversion efficiency,fraction,0.4025,86.02973399903817
solar_conversion_efficiency,Solar-to-DC conversion efficiency,fraction,0.405,86.02973399903817
solar_conversion_efficiency,Solar-to-DC conversion efficiency,fraction,0.40750000000000003,86.02973399903817
solar_conversion_efficiency,Solar-to-DC conversion efficiency,fraction,0.41000000000000003,86.02973399903817
solar_conversion_efficiency,Solar-to-DC conversion efficiency,fraction,0.4125,86.02973399903817
solar_conversion_efficiency,Solar-to-DC conversion efficiency,fraction,0.41500000000000004,86.02973399903817
solar_conversion_efficiency,Solar-to-DC conversion efficiency,fraction,0.4175,86.02973399903817
solar_conversion_efficiency,Solar-to-DC conversion efficiency,fraction,0.42000000000000004,86.02973399903817
solar_conversion_efficiency,Solar-to-DC conversion efficiency,fraction,0.4225,86.02973399903817
solar_conversion_efficiency,Solar-to-DC conversion efficiency,fraction,0.42500000000000004,86.02973399903817
solar_conversion_efficiency,Solar-to-DC conversion efficiency,fraction,0.4275,86.02973399903817
solar_conversion_efficiency,Solar-to-DC conversion efficiency,fraction,0.43000000000000005,86.02973399903817
solar_conversion_efficiency,Solar-to-DC conversion efficiency,fraction,0.4325,86.02973399903817
solar_conversion_efficiency,Solar-to-DC conversion efficiency,fraction,0.43500000000000005,86.02973399903817
solar_conversion_efficiency,Solar-to-DC conversion efficiency,fraction,0.4375,86.02973399903817
solar_conversion_efficiency,Solar-to-DC conversion efficiency,fraction,0.44,86.02973399903817
solar_conversion_efficiency,Solar-to-DC conversion efficiency,fraction,0.4425,86.02973399903817
solar_conversion_efficiency,Solar-to-DC conversion efficiency,fraction,0.445,86.02973399903817
solar_conversion_efficiency,Solar-to-DC conversion efficiency,fraction,0.4475,86.02973399903817
solar_conversion_efficiency,Solar-to-DC conversion efficiency,fraction,0.45,86.02973399903817
dc_to_rf_efficiency,DC-to-RF efficiency,fraction,0.4,97.62219140921476
dc_to_rf_efficiency,DC-to-RF efficiency,fraction,0.4045,97.32127471500748
dc_to_rf_efficiency,DC-to-RF efficiency,fraction,0.40900000000000003,97.02697965954802
dc_to_rf_efficiency,DC-to-RF efficiency,fraction,0.41350000000000003,96.73909005874182
dc_to_rf_efficiency,DC-to-RF efficiency,fraction,0.41800000000000004,96.45739903785731
dc_to_rf_efficiency,DC-to-RF efficiency,fraction,0.42250000000000004,96.18170853576088
dc_to_rf_efficiency,DC-to-RF efficiency,fraction,0.42700000000000005,95.91182884050018
dc_to_rf_efficiency,DC-to-RF efficiency,fraction,0.4315,95.64757815394715
dc_to_rf_efficiency,DC-to-RF efficiency,fraction,0.436,95.38878218340093
dc_to_rf_efficiency,DC-to-RF efficiency,fraction,0.4405,95.1352737582234
dc_to_rf_efficiency,DC-to-RF efficiency,fraction,0.445,94.8868924697349
dc_to_rf_efficiency,DC-to-RF efficiency,fraction,0.4495,94.64348433274003
dc_to_rf_efficiency,DC-to-RF efficiency,fraction,0.454,94.40490146718338
dc_to_rf_efficiency,DC-to-RF efficiency,fraction,0.4585,94.17100179855152
dc_to_rf_efficiency,DC-to-RF efficiency,fraction,0.463,93.94164877574617
dc_to_rf_efficiency,DC-to-RF efficiency,fraction,0.4675,93.71671110525152
dc_to_rf_efficiency,DC-to-RF efficiency,fraction,0.47200000000000003,93.49606250050786
dc_to_rf_efficiency,DC-to-RF efficiency,fraction,0.47650000000000003,93.27958144548649
dc_to_rf_efficiency,DC-to-RF efficiency,fraction,0.481,93.06715097153622
dc_to_rf_efficiency,DC-to-RF efficiency,fraction,0.48550000000000004,92.85865844663964
dc_to_rf_efficiency,DC-to-RF efficiency,fraction,0.49,92.65399537628194
dc_to_rf_efficiency,DC-to-RF efficiency,fraction,0.4945,92.45305721519264
dc_to_rf_efficiency,DC-to-RF efficiency,fraction,0.499,92.25574318927332
dc_to_rf_efficiency,DC-to-RF efficiency,fraction,0.5035000000000001,92.06195612707445
dc_to_rf_efficiency,DC-to-RF efficiency,fraction,0.508,91.87160230022953
dc_to_rf_efficiency,DC-to-RF efficiency,fraction,0.5125,91.68459127229505
dc_to_rf_efficiency,DC-to-RF efficiency,fraction,0.517,91.50083575548514
dc_to_rf_efficiency,DC-to-RF efficiency,fraction,0.5215000000000001,91.32025147482348
dc_to_rf_efficiency,DC-to-RF efficiency,fraction,0.526,91.14275703926816
dc_to_rf_efficiency,DC-to-RF efficiency,fraction,0.5305,90.96827381939616
dc_to_rf_efficiency,DC-to-RF efficiency,fraction,0.535,90.79672583126032
dc_to_rf_efficiency,DC-to-RF efficiency,fraction,0.5395,90.6280396260591
dc_to_rf_efficiency,DC-to-RF efficiency,fraction,0.544,90.46214418528217
dc_to_rf_efficiency,DC-to-RF efficiency,fraction,0.5485,90.2989708210175
dc_to_rf_efficiency,DC-to-RF efficiency,fraction,0.553,90.13845308112607
dc_to_rf_efficiency,DC-to-RF efficiency,fraction,0.5575,89.98052665900866
dc_to_rf_efficiency,DC-to-RF efficiency,fraction,0.562,89.82512930770808
dc_to_rf_efficiency,DC-to-RF efficiency,fraction,0.5665,89.67220075810512
dc_to_rf_efficiency,DC-to-RF efficiency,fraction,0.571,89.52168264098277
dc_to_rf_efficiency,DC-to-RF efficiency,fraction,0.5755,89.37351841274679
dc_to_rf_efficiency,DC-to-RF efficiency,fraction,0.5800000000000001,89.22765328460412
dc_to_rf_efficiency,DC-to-RF efficiency,fraction,0.5845,89.08403415501283
dc_to_rf_efficiency,DC-to-RF efficiency,fraction,0.589,88.94260954522856
dc_to_rf_efficiency,DC-to-RF efficiency,fraction,0.5935,88.80332953778303
dc_to_rf_efficiency,DC-to-RF efficiency,fraction,0.598,88.66614571774055
dc_to_rf_efficiency,DC-to-RF efficiency,fraction,0.6025,88.53101111658664
dc_to_rf_efficiency,DC-to-RF efficiency,fraction,0.607,88.39788015861295
dc_to_rf_efficiency,DC-to-RF efficiency,fraction,0.6115,88.26670860966914
dc_to_rf_efficiency,DC-to-RF efficiency,fraction,0.616,88.1374535281612
dc_to_rf_efficiency,DC-to-RF efficiency,fraction,0.6205,88.01007321818194
dc_to_rf_efficiency,DC-to-RF efficiency,fraction,0.625,87.88452718466641
dc_to_rf_efficiency,DC-to-RF efficiency,fraction,0.6295,87.7607760904704
dc_to_rf_efficiency,DC-to-RF efficiency,fraction,0.634,87.63878171527719
dc_to_rf_efficiency,DC-to-RF efficiency,fraction,0.6385000000000001,87.51850691624175
dc_to_rf_efficiency,DC-to-RF efficiency,fraction,0.643,87.39991559028763
dc_to_rf_efficiency,DC-to-RF efficiency,fraction,0.6475,87.28297263797619
dc_to_rf_efficiency,DC-to-RF efficiency,fraction,0.652,87.16764392887144
dc_to_rf_efficiency,DC-to-RF efficiency,fraction,0.6565000000000001,87.05389626833023
dc_to_rf_efficiency,DC-to-RF efficiency,fraction,0.661,86.94169736564812
dc_to_rf_efficiency,DC-to-RF efficiency,fraction,0.6655,86.83101580349815
dc_to_rf_efficiency,DC-to-RF efficiency,fraction,0.6699999999999999,86.72182100860094
dc_to_rf_efficiency,DC-to-RF efficiency,fraction,0.6745,86.61408322356894
dc_to_rf_efficiency,DC-to-RF efficiency,fraction,0.679,86.50777347987018
dc_to_rf_efficiency,DC-to-RF efficiency,fraction,0.6835,86.40286357186021
dc_to_rf_efficiency,DC-to-RF efficiency,fraction,0.688,86.29932603183298
dc_to_rf_efficiency,DC-to-RF efficiency,fraction,0.6925,86.19713410604432
dc_to_rf_efficiency,DC-to-RF efficiency,fraction,0.6970000000000001,86.09626173166474
dc_to_rf_efficiency,DC-to-RF efficiency,fraction,0.7015,85.99668351461854
dc_to_rf_efficiency,DC-to-RF efficiency,fraction,0.706,85.89837470827129
dc_to_rf_efficiency,DC-to-RF efficiency,fraction,0.7105,85.8013111929263
dc_to_rf_efficiency,DC-to-RF efficiency,fraction,0.7150000000000001,85.70546945609617
dc_to_rf_efficiency,DC-to-RF efficiency,fraction,0.7195,85.61082657351407
dc_to_rf_efficiency,DC-to-RF efficiency,fraction,0.724,85.51736019085357
dc_to_rf_efficiency,DC-to-RF efficiency,fraction,0.7284999999999999,85.42504850612572
dc_to_rf_efficiency,DC-to-RF efficiency,fraction,0.733,85.33387025272471
dc_to_rf_efficiency,DC-to-RF efficiency,fraction,0.7375,85.24380468309397
dc_to_rf_efficiency,DC-to-RF efficiency,fraction,0.742,85.1548315529871
dc_to_rf_efficiency,DC-to-RF efficiency,fraction,0.7464999999999999,85.06693110629743
dc_to_rf_efficiency,DC-to-RF efficiency,fraction,0.751,84.98008406043361
dc_to_rf_efficiency,DC-to-RF efficiency,fraction,0.7555000000000001,84.89427159221742
dc_to_rf_efficiency,DC-to-RF efficiency,fraction,0.76,84.80947532428273
dc_to_rf_efficiency,DC-to-RF efficiency,fraction,0.7645,84.72567731195485
dc_to_rf_efficiency,DC-to-RF efficiency,fraction,0.769,84.6428600305905
dc_to_rf_efficiency,DC-to-RF efficiency,fraction,0.7735000000000001,84.56100636335968
dc_to_rf_efficiency,DC-to-RF efficiency,fraction,0.778,84.48009958945157
dc_to_rf_efficiency,DC-to-RF efficiency,fraction,0.7825,84.40012337268747
dc_to_rf_efficiency,DC-to-RF efficiency,fraction,0.7869999999999999,84.32106175052421
dc_to_rf_efficiency,DC-to-RF efficiency,fraction,0.7915,84.24289912343293
dc_to_rf_efficiency,DC-to-RF efficiency,fraction,0.796,84.16562024463792
dc_to_rf_efficiency,DC-to-RF efficiency,fraction,0.8005,84.0892102102016
dc_to_rf_efficiency,DC-to-RF efficiency,fraction,0.8049999999999999,84.01365444944223
dc_to_rf_efficiency,DC-to-RF efficiency,fraction,0.8095,83.93893871567093
dc_to_rf_efficiency,DC-to-RF efficiency,fraction,0.8140000000000001,83.86504907723615
dc_to_rf_efficiency,DC-to-RF efficiency,fraction,0.8185,83.79197190886357
dc_to_rf_efficiency,DC-to-RF efficiency,fraction,0.823,83.71969388328
dc_to_rf_efficiency,DC-to-RF efficiency,fraction,0.8275,83.64820196311065
dc_to_rf_efficiency,DC-to-RF efficiency,fraction,0.832,83.57748339303926
dc_to_rf_efficiency,DC-to-RF efficiency,fraction,0.8365,83.50752569222149
dc_to_rf_efficiency,DC-to-RF efficiency,fraction,0.841,83.43831664694163
dc_to_rf_efficiency,DC-to-RF efficiency,fraction,0.8454999999999999,83.36984430350387
dc_to_rf_efficiency,DC-to-RF efficiency,fraction,0.85,83.30209696134955
transmission_efficiency,RF transmission efficiency,fraction,0.85,88.80737771575107
transmission_efficiency,RF transmission efficiency,fraction,0.8514499999999999,88.77171880157799
transmission_efficiency,RF transmission efficiency,fraction,0.8529,88.73618113356633
transmission_efficiency,RF transmission efficiency,fraction,0.8543499999999999,88.70076409438038
transmission_efficiency,RF transmission efficiency,fraction,0.8558,88.66546707086823
transmission_efficiency,RF transmission efficiency,fraction,0.85725,88.63028945402645
transmission_efficiency,RF transmission efficiency,fraction,0.8587,88.59523063896512
transmission_efficiency,RF transmission efficiency,fraction,0.86015,88.560290024873
transmission_efficiency,RF transmission efficiency,fraction,0.8616,88.52546701498333
transmission_efficiency,RF transmission efficiency,fraction,0.86305,88.49076101653996
transmission_efficiency,RF transmission efficiency,fraction,0.8644999999999999,88.45617144076341
transmission_efficiency,RF transmission efficiency,fraction,0.86595,88.42169770281784
transmission_efficiency,RF transmission efficiency,fraction,0.8674,88.38733922177802
transmission_efficiency,RF transmission efficiency,fraction,0.86885,88.35309542059666
transmission_efficiency,RF transmission efficiency,fraction,0.8703,88.31896572607212
transmission_efficiency,RF transmission efficiency,fraction,0.87175,88.28494956881643
transmission_efficiency,RF transmission efficiency,fraction,0.8732,88.25104638322364
transmission_efficiency,RF transmission efficiency,fraction,0.8746499999999999,88.21725560743843
transmission_efficiency,RF transmission efficiency,fraction,0.8761,88.18357668332517
transmission_efficiency,RF transmission efficiency,fraction,0.8775499999999999,88.15000905643706
transmission_efficiency,RF transmission efficiency,fraction,0.879,88.11655217598577
transmission_efficiency,RF transmission efficiency,fraction,0.88045,88.08320549481132
transmission_efficiency,RF transmission efficiency,fraction,0.8819,88.04996846935234
transmission_efficiency,RF transmission efficiency,fraction,0.88335,88.0168405596162
transmission_efficiency,RF transmission efficiency,fraction,0.8848,87.98382122915021
transmission_efficiency,RF transmission efficiency,fraction,0.88625,87.95090994501243
transmission_efficiency,RF transmission efficiency,fraction,0.8876999999999999,87.91810617774294
transmission_efficiency,RF transmission efficiency,fraction,0.88915,87.88540940133561
transmission_efficiency,RF transmission efficiency,fraction,0.8906,87.8528190932099
transmission_efficiency,RF transmission efficiency,fraction,0.89205,87.82033473418292
transmission_efficiency,RF transmission efficiency,fraction,0.8935,87.78795580844212
transmission_efficiency,RF transmission efficiency,fraction,0.89495,87.75568180351773
transmission_efficiency,RF transmission efficiency,fraction,0.8964,87.72351221025586
transmission_efficiency,RF transmission efficiency,fraction,0.89785,87.69144652279165
transmission_efficiency,RF transmission efficiency,fraction,0.8993,87.65948423852291
transmission_efficiency,RF transmission efficiency,fraction,0.9007499999999999,87.62762485808362
transmission_efficiency,RF transmission efficiency,fraction,0.9022,87.59586788531809
transmission_efficiency,RF transmission efficiency,fraction,0.90365,87.56421282725515
transmission_efficiency,RF transmission efficiency,fraction,0.9051,87.5326591940827
transmission_efficiency,RF transmission efficiency,fraction,0.90655,87.5012064991224
transmission_efficiency,RF transmission efficiency,fraction,0.908,87.4698542588046
transmission_efficiency,RF transmission efficiency,fraction,0.90945,87.43860199264361
transmission_efficiency,RF transmission efficiency,fraction,0.9108999999999999,87.40744922321319
transmission_efficiency,RF transmission efficiency,fraction,0.91235,87.37639547612216
transmission_efficiency,RF transmission efficiency,fraction,0.9138,87.34544027999034
transmission_efficiency,RF transmission efficiency,fraction,0.91525,87.31458316642485
transmission_efficiency,RF transmission efficiency,fraction,0.9167,87.2838236699962
transmission_efficiency,RF transmission efficiency,fraction,0.91815,87.25316132821506
transmission_efficiency,RF transmission efficiency,fraction,0.9196,87.22259568150915
transmission_efficiency,RF transmission efficiency,fraction,0.9210499999999999,87.19212627320012
transmission_efficiency,RF transmission efficiency,fraction,0.9225,87.16175264948089
transmission_efficiency,RF transmission efficiency,fraction,0.9239499999999999,87.13147435939312
transmission_efficiency,RF transmission efficiency,fraction,0.9254,87.10129095480488
transmission_efficiency,RF transmission efficiency,fraction,0.92685,87.0712019903885
transmission_efficiency,RF transmission efficiency,fraction,0.9283,87.04120702359877
transmission_efficiency,RF transmission efficiency,fraction,0.92975,87.01130561465112
transmission_efficiency,RF transmission efficiency,fraction,0.9312,86.98149732650026
transmission_efficiency,RF transmission efficiency,fraction,0.93265,86.95178172481873
transmission_efficiency,RF transmission efficiency,fraction,0.9340999999999999,86.92215837797596
transmission_efficiency,RF transmission efficiency,fraction,0.93555,86.89262685701726
transmission_efficiency,RF transmission efficiency,fraction,0.9369999999999999,86.86318673564318
transmission_efficiency,RF transmission efficiency,fraction,0.93845,86.83383759018893
transmission_efficiency,RF transmission efficiency,fraction,0.9399,86.80457899960416
transmission_efficiency,RF transmission efficiency,fraction,0.94135,86.77541054543273
transmission_efficiency,RF transmission efficiency,fraction,0.9428,86.74633181179281
transmission_efficiency,RF transmission efficiency,fraction,0.94425,86.71734238535709
transmission_efficiency,RF transmission efficiency,fraction,0.9457,86.68844185533318
transmission_efficiency,RF transmission efficiency,fraction,0.9471499999999999,86.65962981344427
transmission_efficiency,RF transmission efficiency,fraction,0.9486,86.63090585390987
transmission_efficiency,RF transmission efficiency,fraction,0.95005,86.6022695734267
transmission_efficiency,RF transmission efficiency,fraction,0.9515,86.57372057114999
transmission_efficiency,RF transmission efficiency,fraction,0.95295,86.54525844867447
transmission_efficiency,RF transmission efficiency,fraction,0.9544,86.51688281001626
transmission_efficiency,RF transmission efficiency,fraction,0.95585,86.48859326159403
transmission_efficiency,RF transmission efficiency,fraction,0.9573,86.46038941221123
transmission_efficiency,RF transmission efficiency,fraction,0.95875,86.43227087303778
transmission_efficiency,RF transmission efficiency,fraction,0.9601999999999999,86.4042372575923
transmission_efficiency,RF transmission efficiency,fraction,0.96165,86.37628818172442
transmission_efficiency,RF transmission efficiency,fraction,0.9631,86.34842326359717
transmission_efficiency,RF transmission efficiency,fraction,0.96455,86.32064212366967
transmission_efficiency,RF transmission efficiency,fraction,0.966,86.29294438467986
transmission_efficiency,RF transmission efficiency,fraction,0.96745,86.26532967162737
transmission_efficiency,RF transmission efficiency,fraction,0.9689,86.23779761175668
transmission_efficiency,RF transmission efficiency,fraction,0.97035,86.21034783454031
transmission_efficiency,RF transmission efficiency,fraction,0.9718,86.18297997166223
transmission_efficiency,RF transmission efficiency,fraction,0.97325,86.15569365700131
transmission_efficiency,RF transmission efficiency,fraction,0.9747,86.12848852661503
transmission_efficiency,RF transmission efficiency,fraction,0.97615,86.10136421872336
transmission_efficiency,RF transmission efficiency,fraction,0.9776,86.0743203736927
transmission_efficiency,RF transmission efficiency,fraction,0.97905,86.04735663401985
transmission_efficiency,RF transmission efficiency,fraction,0.9804999999999999,86.02047264431647
transmission_efficiency,RF transmission efficiency,fraction,0.98195,85.99366805129328
transmission_efficiency,RF transmission efficiency,fraction,0.9834,85.96694250374475
transmission_efficiency,RF transmission efficiency,fraction,0.98485,85.94029565253365
transmission_efficiency,RF transmission efficiency,fraction,0.9863,85.9137271505758
transmission_efficiency,RF transmission efficiency,fraction,0.98775,85.88723665282515
transmission_efficiency,RF transmission efficiency,fraction,0.9892,85.8608238162588
transmission_efficiency,RF transmission efficiency,fraction,0.99065,85.83448829986207
transmission_efficiency,RF transmission efficiency,fraction,0.9921,85.80822976461398
transmission_efficiency,RF transmission efficiency,fraction,0.9935499999999999,85.78204787347258
transmission_efficiency,RF transmission efficiency,fraction,0.995,85.75594229136063
rectenna_conversion_efficiency,Rectenna RF-to-DC efficiency,fraction,0.4,97.38068187983609
rectenna_conversion_efficiency,Rectenna RF-to-DC efficiency,fraction,0.4045,97.05236027240635
rectenna_conversion_efficiency,Rectenna RF-to-DC efficiency,fraction,0.40900000000000003,96.73126334582466
rectenna_conversion_efficiency,Rectenna RF-to-DC efficiency,fraction,0.41350000000000003,96.41715522780221
rectenna_conversion_efficiency,Rectenna RF-to-DC efficiency,fraction,0.41800000000000004,96.10981020323
rectenna_conversion_efficiency,Rectenna RF-to-DC efficiency,fraction,0.42250000000000004,95.80901217326407
rectenna_conversion_efficiency,Rectenna RF-to-DC efficiency,fraction,0.42700000000000005,95.51455414861357
rectenna_conversion_efficiency,Rectenna RF-to-DC efficiency,fraction,0.4315,95.22623777453516
rectenna_conversion_efficiency,Rectenna RF-to-DC efficiency,fraction,0.436,94.94387288524278
rectenna_conversion_efficiency,Rectenna RF-to-DC efficiency,fraction,0.4405,94.66727708562945
rectenna_conversion_efficiency,Rectenna RF-to-DC efficiency,fraction,0.445,94.39627535836789
rectenna_conversion_efficiency,Rectenna RF-to-DC efficiency,fraction,0.4495,94.13069969461098
rectenna_conversion_efficiency,Rectenna RF-to-DC efficiency,fraction,0.454,93.87038874665542
rectenna_conversion_efficiency,Rectenna RF-to-DC efficiency,fraction,0.4585,93.61518750105886
rectenna_conversion_efficiency,Rectenna RF-to-DC efficiency,fraction,0.463,93.36494697081946
rectenna_conversion_efficiency,Rectenna RF-to-DC efficiency,fraction,0.4675,93.11952390533334
rectenna_conversion_efficiency,Rectenna RF-to-DC efficiency,fraction,0.47200000000000003,92.87878051694335
rectenna_conversion_efficiency,Rectenna RF-to-DC efficiency,fraction,0.47650000000000003,92.64258422298255
rectenna_conversion_efficiency,Rectenna RF-to-DC efficiency,fraction,0.481,92.41080740229755
rectenna_conversion_efficiency,Rectenna RF-to-DC efficiency,fraction,0.48550000000000004,92.18332716531214
rectenna_conversion_efficiency,Rectenna RF-to-DC efficiency,fraction,0.49,91.96002513676116
rectenna_conversion_efficiency,Rectenna RF-to-DC efficiency,fraction,0.4945,91.74078725028696
rectenna_conversion_efficiency,Rectenna RF-to-DC efficiency,fraction,0.499,91.52550355414996
rectenna_conversion_efficiency,Rectenna RF-to-DC efficiency,fraction,0.5035000000000001,91.31406802735799
rectenna_conversion_efficiency,Rectenna RF-to-DC efficiency,fraction,0.508,91.10637840556828
rectenna_conversion_efficiency,Rectenna RF-to-DC efficiency,fraction,0.5125,90.90233601616119
rectenna_conversion_efficiency,Rectenna RF-to-DC efficiency,fraction,0.517,90.70184562192752
rectenna_conversion_efficiency,Rectenna RF-to-DC efficiency,fraction,0.5215000000000001,90.50481527284842
rectenna_conversion_efficiency,Rectenna RF-to-DC efficiency,fraction,0.526,90.31115616548364
rectenna_conversion_efficiency,Rectenna RF-to-DC efficiency,fraction,0.5305,90.12078250951615
rectenna_conversion_efficiency,Rectenna RF-to-DC efficiency,fraction,0.535,89.93361140103221
rectenna_conversion_efficiency,Rectenna RF-to-DC efficiency,fraction,0.5395,89.74956270214304
rectenna_conversion_efficiency,Rectenna RF-to-DC efficiency,fraction,0.544,89.56855892658105
rectenna_conversion_efficiency,Rectenna RF-to-DC efficiency,fraction,0.5485,89.39052513092803
rectenna_conversion_efficiency,Rectenna RF-to-DC efficiency,fraction,0.553,89.21538881115362
rectenna_conversion_efficiency,Rectenna RF-to-DC efficiency,fraction,0.5575,89.0430798041648
rectenna_conversion_efficiency,Rectenna RF-to-DC efficiency,fraction,0.562,88.87353019408506
rectenna_conversion_efficiency,Rectenna RF-to-DC efficiency,fraction,0.5665,88.70667422300039
rectenna_conversion_efficiency,Rectenna RF-to-DC efficiency,fraction,0.571,88.54244820592585
rectenna_conversion_efficiency,Rectenna RF-to-DC efficiency,fraction,0.5755,88.38079044976121
rectenna_conversion_efficiency,Rectenna RF-to-DC efficiency,fraction,0.5800000000000001,88.22164117601983
rectenna_conversion_efficiency,Rectenna RF-to-DC efficiency,fraction,0.5845,88.06494244712648
rectenna_conversion_efficiency,Rectenna RF-to-DC efficiency,fraction,0.589,87.91063809609399
rectenna_conversion_efficiency,Rectenna RF-to-DC efficiency,fraction,0.5935,87.75867365939895
rectenna_conversion_efficiency,Rectenna RF-to-DC efficiency,fraction,0.598,87.60899631288831
rectenna_conversion_efficiency,Rectenna RF-to-DC efficiency,fraction,0.6025,87.46155481055791
rectenna_conversion_efficiency,Rectenna RF-to-DC efficiency,fraction,0.607,87.31629942605448
rectenna_conversion_efficiency,Rectenna RF-to-DC efficiency,fraction,0.6115,87.1731818967604
rectenna_conversion_efficiency,Rectenna RF-to-DC efficiency,fraction,0.616,87.0321553703294
rectenna_conversion_efficiency,Rectenna RF-to-DC efficiency,fraction,0.6205,86.89317435354849
rectenna_conversion_efficiency,Rectenna RF-to-DC efficiency,fraction,0.625,86.75619466340925
rectenna_conversion_efficiency,Rectenna RF-to-DC efficiency,fraction,0.6295,86.62117338027753
rectenna_conversion_efficiency,Rectenna RF-to-DC efficiency,fraction,0.634,86.48806880305776
rectenna_conversion_efficiency,Rectenna RF-to-DC efficiency,fraction,0.6385000000000001,86.356840406253
rectenna_conversion_efficiency,Rectenna RF-to-DC efficiency,fraction,0.643,86.22744879882812
rectenna_conversion_efficiency,Rectenna RF-to-DC efficiency,fraction,0.6475,86.09985568478828
rectenna_conversion_efficiency,Rectenna RF-to-DC efficiency,fraction,0.652,85.97402382539009
rectenna_conversion_efficiency,Rectenna RF-to-DC efficiency,fraction,0.6565000000000001,85.84991700290672
rectenna_conversion_efficiency,Rectenna RF-to-DC efficiency,fraction,0.661,85.72749998587322
rectenna_conversion_efficiency,Rectenna RF-to-DC efficiency,fraction,0.6655,85.60673849574171
rectenna_conversion_efficiency,Rectenna RF-to-DC efficiency,fraction,0.6699999999999999,85.48759917488067
rectenna_conversion_efficiency,Rectenna RF-to-DC efficiency,fraction,0.6745,85.37004955585466
rectenna_conversion_efficiency,Rectenna RF-to-DC efficiency,fraction,0.679,85.2540580319262
rectenna_conversion_efficiency,Rectenna RF-to-DC efficiency,fraction,0.6835,85.13959382872248
rectenna_conversion_efficiency,Rectenna RF-to-DC efficiency,fraction,0.688,85.02662697701416
rectenna_conversion_efficiency,Rectenna RF-to-DC efficiency,fraction,0.6925,84.91512828655547
rectenna_conversion_efficiency,Rectenna RF-to-DC efficiency,fraction,0.6970000000000001,84.80506932093773
rectenna_conversion_efficiency,Rectenna RF-to-DC efficiency,fraction,0.7015,84.69642237341058
rectenna_conversion_efficiency,Rectenna RF-to-DC efficiency,fraction,0.706,84.58916044362812
rectenna_conversion_efficiency,Rectenna RF-to-DC efficiency,fraction,0.7105,84.48325721527851
rectenna_conversion_efficiency,Rectenna RF-to-DC efficiency,fraction,0.7150000000000001,84.37868703455845
rectenna_conversion_efficiency,Rectenna RF-to-DC efficiency,fraction,0.7195,84.2754248894555
rectenna_conversion_efficiency,Rectenna RF-to-DC efficiency,fraction,0.724,84.1734463898027
rectenna_conversion_efficiency,Rectenna RF-to-DC efficiency,fraction,0.7284999999999999,84.07272774807286
rectenna_conversion_efficiency,Rectenna RF-to-DC efficiency,fraction,0.733,83.97324576087993
rectenna_conversion_efficiency,Rectenna RF-to-DC efficiency,fraction,0.7375,83.87497779115787
rectenna_conversion_efficiency,Rectenna RF-to-DC efficiency,fraction,0.742,83.77790175098771
rectenna_conversion_efficiency,Rectenna RF-to-DC efficiency,fraction,0.7464999999999999,83.68199608504592
rectenna_conversion_efficiency,Rectenna RF-to-DC efficiency,fraction,0.751,83.58723975464811
rectenna_conversion_efficiency,Rectenna RF-to-DC efficiency,fraction,0.7555000000000001,83.4936122223622
rectenna_conversion_efficiency,Rectenna RF-to-DC efficiency,fraction,0.76,83.40109343716917
rectenna_conversion_efficiency,Rectenna RF-to-DC efficiency,fraction,0.7645,83.30966382014718
rectenna_conversion_efficiency,Rectenna RF-to-DC efficiency,fraction,0.769,83.21930425065855
rectenna_conversion_efficiency,Rectenna RF-to-DC efficiency,fraction,0.7735000000000001,83.1299960530192
rectenna_conversion_efficiency,Rectenna RF-to-DC efficiency,fraction,0.778,83.04172098363016
rectenna_conversion_efficiency,Rectenna RF-to-DC efficiency,fraction,0.7825,82.95446121855362
rectenna_conversion_efficiency,Rectenna RF-to-DC efficiency,fraction,0.7869999999999999,82.86819934151475
rectenna_conversion_efficiency,Rectenna RF-to-DC efficiency,fraction,0.7915,82.78291833231341
rectenna_conversion_efficiency,Rectenna RF-to-DC efficiency,fraction,0.796,82.69860155562812
rectenna_conversion_efficiency,Rectenna RF-to-DC efficiency,fraction,0.8005,82.61523275019852
rectenna_conversion_efficiency,Rectenna RF-to-DC efficiency,fraction,0.8049999999999999,82.53279601836998
rectenna_conversion_efficiency,Rectenna RF-to-DC efficiency,fraction,0.8095,82.45127581598737
rectenna_conversion_efficiency,Rectenna RF-to-DC efficiency,fraction,0.8140000000000001,82.37065694262371
rectenna_conversion_efficiency,Rectenna RF-to-DC efficiency,fraction,0.8185,82.29092453213147
rectenna_conversion_efficiency,Rectenna RF-to-DC efficiency,fraction,0.823,82.2120640435037
rectenna_conversion_efficiency,Rectenna RF-to-DC efficiency,fraction,0.8275,82.13406125203319
rectenna_conversion_efficiency,Rectenna RF-to-DC efficiency,fraction,0.832,82.0569022407589
rectenna_conversion_efficiency,Rectenna RF-to-DC efficiency,fraction,0.8365,81.98057339218808
rectenna_conversion_efficiency,Rectenna RF-to-DC efficiency,fraction,0.841,81.90506138028448
rectenna_conversion_efficiency,Rectenna RF-to-DC efficiency,fraction,0.8454999999999999,81.83035316271223
rectenna_conversion_efficiency,Rectenna RF-to-DC efficiency,fraction,0.85,81.756435973326
grid_conversion_efficiency,DC-to-grid AC efficiency,fraction,0.9,87.24050177298996
grid_conversion_efficiency,DC-to-grid AC efficiency,fraction,0.9009,87.22114884153815
grid_conversion_efficiency,DC-to-grid AC efficiency,fraction,0.9018,87.20183453869207
grid_conversion_efficiency,DC-to-grid AC efficiency,fraction,0.9027000000000001,87.18255874891247
grid_conversion_efficiency,DC-to-grid AC efficiency,fraction,0.9036000000000001,87.1633213571205
grid_conversion_efficiency,DC-to-grid AC efficiency,fraction,0.9045,87.14412224869527
grid_conversion_efficiency,DC-to-grid AC efficiency,fraction,0.9054,87.12496130947167
grid_conversion_efficiency,DC-to-grid AC efficiency,fraction,0.9063,87.10583842573811
grid_conversion_efficiency,DC-to-grid AC efficiency,fraction,0.9072,87.08675348423417
grid_conversion_efficiency,DC-to-grid AC efficiency,fraction,0.9081,87.06770637214846
grid_conversion_efficiency,DC-to-grid AC efficiency,fraction,0.909,87.0486969771164
grid_conversion_efficiency,DC-to-grid AC efficiency,fraction,0.9099,87.02972518721793
grid_conversion_efficiency,DC-to-grid AC efficiency,fraction,0.9108,87.01079089097537
grid_conversion_efficiency,DC-to-grid AC efficiency,fraction,0.9117000000000001,86.99189397735128
grid_conversion_efficiency,DC-to-grid AC efficiency,fraction,0.9126,86.97303433574618
grid_conversion_efficiency,DC-to-grid AC efficiency,fraction,0.9135,86.95421185599643
grid_conversion_efficiency,DC-to-grid AC efficiency,fraction,0.9144,86.93542642837217
grid_conversion_efficiency,DC-to-grid AC efficiency,fraction,0.9153,86.91667794357512
grid_conversion_efficiency,DC-to-grid AC efficiency,fraction,0.9162,86.89796629273638
grid_conversion_efficiency,DC-to-grid AC efficiency,fraction,0.9171,86.87929136741454
grid_conversion_efficiency,DC-to-grid AC efficiency,fraction,0.918,86.8606530595933
grid_conversion_efficiency,DC-to-grid AC efficiency,fraction,0.9189,86.84205126167967
grid_conversion_efficiency,DC-to-grid AC efficiency,fraction,0.9198000000000001,86.82348586650167
grid_conversion_efficiency,DC-to-grid AC efficiency,fraction,0.9207,86.80495676730641
grid_conversion_efficiency,DC-to-grid AC efficiency,fraction,0.9216,86.78646385775801
grid_conversion_efficiency,DC-to-grid AC efficiency,fraction,0.9225,86.7680070319356
grid_conversion_efficiency,DC-to-grid AC efficiency,fraction,0.9234,86.74958618433114
grid_conversion_efficiency,DC-to-grid AC efficiency,fraction,0.9243,86.73120120984761
grid_conversion_efficiency,DC-to-grid AC efficiency,fraction,0.9252,86.71285200379697
grid_conversion_efficiency,DC-to-grid AC efficiency,fraction,0.9261,86.69453846189799
grid_conversion_efficiency,DC-to-grid AC efficiency,fraction,0.927,86.67626048027455
grid_conversion_efficiency,DC-to-grid AC efficiency,fraction,0.9279000000000001,86.65801795545349
grid_conversion_efficiency,DC-to-grid AC efficiency,fraction,0.9288,86.6398107843627
grid_conversion_efficiency,DC-to-grid AC efficiency,fraction,0.9297,86.6216388643292
grid_conversion_efficiency,DC-to-grid AC efficiency,fraction,0.9306,86.60350209307721
grid_conversion_efficiency,DC-to-grid AC efficiency,fraction,0.9315,86.58540036872617
grid_conversion_efficiency,DC-to-grid AC efficiency,fraction,0.9324,86.56733358978894
grid_conversion_efficiency,DC-to-grid AC efficiency,fraction,0.9333,86.54930165516984
grid_conversion_efficiency,DC-to-grid AC efficiency,fraction,0.9342,86.5313044641627
grid_conversion_efficiency,DC-to-grid AC efficiency,fraction,0.9351,86.51334191644914
grid_conversion_efficiency,DC-to-grid AC efficiency,fraction,0.936,86.49541391209654
grid_conversion_efficiency,DC-to-grid AC efficiency,fraction,0.9369000000000001,86.47752035155636
grid_conversion_efficiency,DC-to-grid AC efficiency,fraction,0.9378,86.4596611356621
grid_conversion_efficiency,DC-to-grid AC efficiency,fraction,0.9387,86.44183616562769
grid_conversion_efficiency,DC-to-grid AC efficiency,fraction,0.9396,86.42404534304545
grid_conversion_efficiency,DC-to-grid AC efficiency,fraction,0.9405,86.40628856988441
grid_conversion_efficiency,DC-to-grid AC efficiency,fraction,0.9414,86.3885657484885
grid_conversion_efficiency,DC-to-grid AC efficiency,fraction,0.9423,86.37087678157474
grid_conversion_efficiency,DC-to-grid AC efficiency,fraction,0.9432,86.35322157223138
grid_conversion_efficiency,DC-to-grid AC efficiency,fraction,0.9441,86.33560002391634
grid_conversion_efficiency,DC-to-grid AC efficiency,fraction,0.9450000000000001,86.31801204045524
grid_conversion_efficiency,DC-to-grid AC efficiency,fraction,0.9459,86.30045752603974
grid_conversion_efficiency,DC-to-grid AC efficiency,fraction,0.9468,86.28293638522581
grid_conversion_efficiency,DC-to-grid AC efficiency,fraction,0.9477,86.2654485229319
grid_conversion_efficiency,DC-to-grid AC efficiency,fraction,0.9486,86.24799384443746
grid_conversion_efficiency,DC-to-grid AC efficiency,fraction,0.9495,86.23057225538088
grid_conversion_efficiency,DC-to-grid AC efficiency,fraction,0.9504,86.21318366175814
grid_conversion_efficiency,DC-to-grid AC efficiency,fraction,0.9513,86.19582796992087
grid_conversion_efficiency,DC-to-grid AC efficiency,fraction,0.9522,86.17850508657477
grid_conversion_efficiency,DC-to-grid AC efficiency,fraction,0.9531000000000001,86.16121491877797
grid_conversion_efficiency,DC-to-grid AC efficiency,fraction,0.954,86.14395737393926
grid_conversion_efficiency,DC-to-grid AC efficiency,fraction,0.9549,86.12673235981657
grid_conversion_efficiency,DC-to-grid AC efficiency,fraction,0.9558,86.1095397845152
grid_conversion_efficiency,DC-to-grid AC efficiency,fraction,0.9567,86.09237955648629
grid_conversion_efficiency,DC-to-grid AC efficiency,fraction,0.9576,86.07525158452506
grid_conversion_efficiency,DC-to-grid AC efficiency,fraction,0.9585,86.05815577776943
grid_conversion_efficiency,DC-to-grid AC efficiency,fraction,0.9594,86.04109204569814
grid_conversion_efficiency,DC-to-grid AC efficiency,fraction,0.9603,86.02406029812929
grid_conversion_efficiency,DC-to-grid AC efficiency,fraction,0.9612,86.00706044521884
grid_conversion_efficiency,DC-to-grid AC efficiency,fraction,0.9621,85.99009239745881
grid_conversion_efficiency,DC-to-grid AC efficiency,fraction,0.963,85.97315606567594
grid_conversion_efficiency,DC-to-grid AC efficiency,fraction,0.9639,85.95625136102986
grid_conversion_efficiency,DC-to-grid AC efficiency,fraction,0.9648,85.93937819501191
grid_conversion_efficiency,DC-to-grid AC efficiency,fraction,0.9657,85.92253647944318
grid_conversion_efficiency,DC-to-grid AC efficiency,fraction,0.9666,85.90572612647327
grid_conversion_efficiency,DC-to-grid AC efficiency,fraction,0.9675,85.88894704857866
grid_conversion_efficiency,DC-to-grid AC efficiency,fraction,0.9684,85.87219915856116
grid_conversion_efficiency,DC-to-grid AC efficiency,fraction,0.9693,85.8554823695465
grid_conversion_efficiency,DC-to-grid AC efficiency,fraction,0.9702,85.8387965949827
grid_conversion_efficiency,DC-to-grid AC efficiency,fraction,0.9711,85.82214174863864
grid_conversion_efficiency,DC-to-grid AC efficiency,fraction,0.972,85.80551774460267
grid_conversion_efficiency,DC-to-grid AC efficiency,fraction,0.9729,85.78892449728086
grid_conversion_efficiency,DC-to-grid AC efficiency,fraction,0.9738,85.77236192139593
grid_conversion_efficiency,DC-to-grid AC efficiency,fraction,0.9747,85.75582993198536
grid_conversion_efficiency,DC-to-grid AC efficiency,fraction,0.9756,85.73932844440027
grid_conversion_efficiency,DC-to-grid AC efficiency,fraction,0.9765,85.72285737430387
grid_conversion_efficiency,DC-to-grid AC efficiency,fraction,0.9774,85.70641663766982
grid_conversion_efficiency,DC-to-grid AC efficiency,fraction,0.9783,85.69000615078122
grid_conversion_efficiency,DC-to-grid AC efficiency,fraction,0.9792,85.67362583022883
grid_conversion_efficiency,DC-to-grid AC efficiency,fraction,0.9801,85.65727559290976
grid_conversion_efficiency,DC-to-grid AC efficiency,fraction,0.981,85.64095535602613
grid_conversion_efficiency,DC-to-grid AC efficiency,fraction,0.9819,85.62466503708363
grid_conversion_efficiency,DC-to-grid AC efficiency,fraction,0.9828,85.60840455389011
grid_conversion_efficiency,DC-to-grid AC efficiency,fraction,0.9837,85.59217382455424
grid_conversion_efficiency,DC-to-grid AC efficiency,fraction,0.9846,85.57597276748402
grid_conversion_efficiency,DC-to-grid AC efficiency,fraction,0.9855,85.55980130138565
grid_conversion_efficiency,DC-to-grid AC efficiency,fraction,0.9863999999999999,85.54365934526191
grid_conversion_efficiency,DC-to-grid AC efficiency,fraction,0.9873,85.52754681841094
grid_conversion_efficiency,DC-to-grid AC efficiency,fraction,0.9882,85.51146364042492
grid_conversion_efficiency,DC-to-grid AC efficiency,fraction,0.9891,85.49540973118864
grid_conversion_efficiency,DC-to-grid AC efficiency,fraction,0.99,85.47938501087827
capacity_factor,Delivered capacity factor,fraction,0.6,127.54460099855727
capacity_factor,Delivered capacity factor,fraction,0.6038,126.76078270807282
capacity_factor,Delivered capacity factor,fraction,0.6076,125.98676859633697
capacity_factor,Delivered capacity factor,fraction,0.6113999999999999,125.2223758572692
capacity_factor,Delivered capacity factor,fraction,0.6152,124.4674262014538
capacity_factor,Delivered capacity factor,fraction,0.619,123.72174571750303
capacity_factor,Delivered capacity factor,fraction,0.6228,122.98516473849445
capacity_factor,Delivered capacity factor,fraction,0.6265999999999999,122.25751771326904
capacity_factor,Delivered capacity factor,fraction,0.6304,121.53864308238316
capacity_factor,Delivered capacity factor,fraction,0.6342,120.82838315852153
capacity_factor,Delivered capacity factor,fraction,0.638,120.12658401118236
capacity_factor,Delivered capacity factor,fraction,0.6417999999999999,119.43309535546021
capacity_factor,Delivered capacity factor,fraction,0.6456,118.74777044475583
capacity_factor,Delivered capacity factor,fraction,0.6494,118.07046596725343
capacity_factor,Delivered capacity factor,fraction,0.6532,117.40104194601099
capacity_factor,Delivered capacity factor,fraction,0.657,116.73936164251809
capacity_factor,Delivered capacity factor,fraction,0.6607999999999999,116.08529146358107
capacity_factor,Delivered capacity factor,fraction,0.6646,115.43870087140287
capacity_factor,Delivered capacity factor,fraction,0.6684,114.79946229673004
capacity_factor,Delivered capacity factor,fraction,0.6722,114.16745105494549
capacity_factor,Delivered capacity factor,fraction,0.6759999999999999,113.54254526499169
capacity_factor,Delivered capacity factor,fraction,0.6798,112.9246257710126
capacity_factor,Delivered capacity factor,fraction,0.6836,112.31357606660964
capacity_factor,Delivered capacity factor,fraction,0.6874,111.7092822216095
capacity_factor,Delivered capacity factor,fraction,0.6912,111.11163281124765
capacity_factor,Delivered capacity factor,fraction,0.695,110.52051884767535
capacity_factor,Delivered capacity factor,fraction,0.6988,109.93583371370114
capacity_factor,Delivered capacity factor,fraction,0.7026,109.35747309868256
capacity_factor,Delivered capacity factor,fraction,0.7063999999999999,108.7853349364869
capacity_factor,Delivered capacity factor,fraction,0.7101999999999999,108.2193193454441
capacity_factor,Delivered capacity factor,fraction,0.714,107.65932857021619
capacity_factor,Delivered capacity factor,fraction,0.7178,107.10526692551458
capacity_factor,Delivered capacity factor,fraction,0.7216,106.55704074159416
capacity_factor,Delivered capacity factor,fraction,0.7254,106.01455831146178
capacity_factor,Delivered capacity factor,fraction,0.7292,105.47772983973447
capacity_factor,Delivered capacity factor,fraction,0.733,104.94646739308918
capacity_factor,Delivered capacity factor,fraction,0.7368,104.42068485224534
capacity_factor,Delivered capacity factor,fraction,0.7405999999999999,103.90029786542583
capacity_factor,Delivered capacity factor,fraction,0.7444,103.38522380324335
capacity_factor,Delivered capacity factor,fraction,0.7482,102.8753817149617
capacity_factor,Delivered capacity factor,fraction,0.752,102.37069228608291
capacity_factor,Delivered capacity factor,fraction,0.7558,101.87107779721403
capacity_factor,Delivered capacity factor,fraction,0.7595999999999999,101.37646208416848
capacity_factor,Delivered capacity factor,fraction,0.7634,100.88677049925904
capacity_factor,Delivered capacity factor,fraction,0.7672,100.40192987374137
capacity_factor,Delivered capacity factor,fraction,0.771,99.92186848136754
capacity_factor,Delivered capacity factor,fraction,0.7747999999999999,99.44651600301286
capacity_factor,Delivered capacity factor,fraction,0.7786,98.97580349233799
capacity_factor,Delivered capacity factor,fraction,0.7824,98.50966334245189
capacity_factor,Delivered capacity factor,fraction,0.7862,98.04802925354156
capacity_factor,Delivered capacity factor,fraction,0.79,97.59083620143592
capacity_factor,Delivered capacity factor,fraction,0.7938,97.13802040707277
capacity_factor,Delivered capacity factor,fraction,0.7976,96.68951930683849
capacity_factor,Delivered capacity factor,fraction,0.8014,96.24527152375141
capacity_factor,Delivered capacity factor,fraction,0.8051999999999999,95.80521683946144
capacity_factor,Delivered capacity factor,fraction,0.8089999999999999,95.36929616703878
capacity_factor,Delivered capacity factor,fraction,0.8128,94.93745152452556
capacity_factor,Delivered capacity factor,fraction,0.8166,94.5096260092265
capacity_factor,Delivered capacity factor,fraction,0.8204,94.08576377271373
capacity_factor,Delivered capacity factor,fraction,0.8242,93.66580999652312
capacity_factor,Delivered capacity factor,fraction,0.828,93.24971086851977
capacity_factor,Delivered capacity factor,fraction,0.8318,92.83741355991145
capacity_factor,Delivered capacity factor,fraction,0.8356,92.42886620288937
capacity_factor,Delivered capacity factor,fraction,0.8393999999999999,92.02401786887583
capacity_factor,Delivered capacity factor,fraction,0.8432,91.6228185473605
capacity_factor,Delivered capacity factor,fraction,0.847,91.22521912530618
capacity_factor,Delivered capacity factor,fraction,0.8508,90.8311713671067
capacity_factor,Delivered capacity factor,fraction,0.8546,90.44062789507882
capacity_factor,Delivered capacity factor,fraction,0.8584,90.05354217047339
capacity_factor,Delivered capacity factor,fraction,0.8622,89.66986847498767
capacity_factor,Delivered capacity factor,fraction,0.866,89.28956189276485
capacity_factor,Delivered capacity factor,fraction,0.8697999999999999,88.91257829286548
capacity_factor,Delivered capacity factor,fraction,0.8735999999999999,88.53887431219596
capacity_factor,Delivered capacity factor,fraction,0.8774,88.16840733888121
capacity_factor,Delivered capacity factor,fraction,0.8812,87.80113549606718
capacity_factor,Delivered capacity factor,fraction,0.885,87.43701762614054
capacity_factor,Delivered capacity factor,fraction,0.8888,87.0760132753537
capacity_factor,Delivered capacity factor,fraction,0.8926000000000001,86.71808267884198
capacity_factor,Delivered capacity factor,fraction,0.8964,86.36318674602228
capacity_factor,Delivered capacity factor,fraction,0.9002,86.01128704636122
capacity_factor,Delivered capacity factor,fraction,0.9039999999999999,85.66234579550265
capacity_factor,Delivered capacity factor,fraction,0.9077999999999999,85.31632584174304
capacity_factor,Delivered capacity factor,fraction,0.9116,84.97319065284593
capacity_factor,Delivered capacity factor,fraction,0.9154,84.6329043031837
capacity_factor,Delivered capacity factor,fraction,0.9192,84.29543146119929
capacity_factor,Delivered capacity factor,fraction,0.923,83.960737377177
capacity_factor,Delivered capacity factor,fraction,0.9268,83.62878787131459
capacity_factor,Delivered capacity factor,fraction,0.9306,83.29954932208722
capacity_factor,Delivered capacity factor,fraction,0.9343999999999999,82.9729886548955
capacity_factor,Delivered capacity factor,fraction,0.9381999999999999,82.64907333098952
capacity_factor,Delivered capacity factor,fraction,0.942,82.32777133666072
capacity_factor,Delivered capacity factor,fraction,0.9458,82.00905117269441
capacity_factor,Delivered capacity factor,fraction,0.9496,81.69288184407579
capacity_factor,Delivered capacity factor,fraction,0.9534,81.37923284994163
capacity_factor,Delivered capacity factor,fraction,0.9572,81.0680741737718
capacity_factor,Delivered capacity factor,fraction,0.961,80.75937627381306
capacity_factor,Delivered capacity factor,fraction,0.9648,80.45311007372963
capacity_factor,Delivered capacity factor,fraction,0.9685999999999999,80.14924695347342
capacity_factor,Delivered capacity factor,fraction,0.9723999999999999,79.84775874036855
capacity_factor,Delivered capacity factor,fraction,0.9762,79.54861770040398
capacity_factor,Delivered capacity factor,fraction,0.98,79.25179652972894
operating_lifetime_years,Operating lifetime after commissioning,years,15.0,114.12361162363723
operating_lifetime_years,Operating lifetime after commissioning,years,15.0,114.12361162363723
operating_lifetime_years,Operating lifetime after commissioning,years,16.0,110.32896062373992
operating_lifetime_years,Operating lifetime after commissioning,years,16.0,110.32896062373992
operating_lifetime_years,Operating lifetime after commissioning,years,16.0,110.32896062373992
operating_lifetime_years,Operating lifetime after commissioning,years,16.0,110.32896062373992
operating_lifetime_years,Operating lifetime after commissioning,years,17.0,107.02178150417237
operating_lifetime_years,Operating lifetime after commissioning,years,17.0,107.02178150417237
operating_lifetime_years,Operating lifetime after commissioning,years,17.0,107.02178150417237
operating_lifetime_years,Operating lifetime after commissioning,years,18.0,104.12023123806055
operating_lifetime_years,Operating lifetime after commissioning,years,18.0,104.12023123806055
operating_lifetime_years,Operating lifetime after commissioning,years,18.0,104.12023123806055
operating_lifetime_years,Operating lifetime after commissioning,years,19.0,101.559675416006
operating_lifetime_years,Operating lifetime after commissioning,years,19.0,101.559675416006
operating_lifetime_years,Operating lifetime after commissioning,years,19.0,101.559675416006
operating_lifetime_years,Operating lifetime after commissioning,years,20.0,99.28838760455318
operating_lifetime_years,Operating lifetime after commissioning,years,20.0,99.28838760455318
operating_lifetime_years,Operating lifetime after commissioning,years,20.0,99.28838760455318
operating_lifetime_years,Operating lifetime after commissioning,years,20.0,99.28838760455318
operating_lifetime_years,Operating lifetime after commissioning,years,21.0,97.26447747942818
operating_lifetime_years,Operating lifetime after commissioning,years,21.0,97.26447747942818
operating_lifetime_years,Operating lifetime after commissioning,years,21.0,97.26447747942818
operating_lifetime_years,Operating lifetime after commissioning,years,22.0,95.45365675287218
operating_lifetime_years,Operating lifetime after commissioning,years,22.0,95.45365675287218
operating_lifetime_years,Operating lifetime after commissioning,years,22.0,95.45365675287218
operating_lifetime_years,Operating lifetime after commissioning,years,22.0,95.45365675287218
operating_lifetime_years,Operating lifetime after commissioning,years,23.0,93.82758790782505
operating_lifetime_years,Operating lifetime after commissioning,years,23.0,93.82758790782505
operating_lifetime_years,Operating lifetime after commissioning,years,23.0,93.82758790782505
operating_lifetime_years,Operating lifetime after commissioning,years,24.0,92.36264574765218
operating_lifetime_years,Operating lifetime after commissioning,years,24.0,92.36264574765218
operating_lifetime_years,Operating lifetime after commissioning,years,24.0,92.36264574765218
operating_lifetime_years,Operating lifetime after commissioning,years,25.0,91.03897616754548
operating_lifetime_years,Operating lifetime after commissioning,years,25.0,91.03897616754548
operating_lifetime_years,Operating lifetime after commissioning,years,25.0,91.03897616754548
operating_lifetime_years,Operating lifetime after commissioning,years,26.0,89.83977212131646
operating_lifetime_years,Operating lifetime after commissioning,years,26.0,89.83977212131646
operating_lifetime_years,Operating lifetime after commissioning,years,26.0,89.83977212131646
operating_lifetime_years,Operating lifetime after commissioning,years,26.0,89.83977212131646
operating_lifetime_years,Operating lifetime after commissioning,years,27.0,88.75071046905272
operating_lifetime_years,Operating lifetime after commissioning,years,27.0,88.75071046905272
operating_lifetime_years,Operating lifetime after commissioning,years,27.0,88.75071046905272
operating_lifetime_years,Operating lifetime after commissioning,years,28.0,87.75950948124868
operating_lifetime_years,Operating lifetime after commissioning,years,28.0,87.75950948124868
operating_lifetime_years,Operating lifetime after commissioning,years,28.0,87.75950948124868
operating_lifetime_years,Operating lifetime after commissioning,years,28.0,87.75950948124868
operating_lifetime_years,Operating lifetime after commissioning,years,29.0,86.85557787168825
operating_lifetime_years,Operating lifetime after commissioning,years,29.0,86.85557787168825
operating_lifetime_years,Operating lifetime after commissioning,years,29.0,86.85557787168825
operating_lifetime_years,Operating lifetime after commissioning,years,30.0,86.02973399903817
operating_lifetime_years,Operating lifetime after commissioning,years,30.0,86.02973399903817
operating_lifetime_years,Operating lifetime after commissioning,years,30.0,86.02973399903817
operating_lifetime_years,Operating lifetime after commissioning,years,31.0,85.27397938966833
operating_lifetime_years,Operating lifetime after commissioning,years,31.0,85.27397938966833
operating_lifetime_years,Operating lifetime after commissioning,years,31.0,85.27397938966833
operating_lifetime_years,Operating lifetime after commissioning,years,32.0,84.58131469637284
operating_lifetime_years,Operating lifetime after commissioning,years,32.0,84.58131469637284
operating_lifetime_years,Operating lifetime after commissioning,years,32.0,84.58131469637284
operating_lifetime_years,Operating lifetime after commissioning,years,32.0,84.58131469637284
operating_lifetime_years,Operating lifetime after commissioning,years,33.0,83.94558908923848
operating_lifetime_years,Operating lifetime after commissioning,years,33.0,83.94558908923848
operating_lifetime_years,Operating lifetime after commissioning,years,33.0,83.94558908923848
operating_lifetime_years,Operating lifetime after commissioning,years,34.0,83.36137619371121
operating_lifetime_years,Operating lifetime after commissioning,years,34.0,83.36137619371121
operating_lifetime_years,Operating lifetime after commissioning,years,34.0,83.36137619371121
operating_lifetime_years,Operating lifetime after commissioning,years,34.0,83.36137619371121
operating_lifetime_years,Operating lifetime after commissioning,years,35.0,82.82387126487836
operating_lifetime_years,Operating lifetime after commissioning,years,35.0,82.82387126487836
operating_lifetime_years,Operating lifetime after commissioning,years,35.0,82.82387126487836
operating_lifetime_years,Operating lifetime after commissioning,years,36.0,82.32880546745515
operating_lifetime_years,Operating lifetime after commissioning,years,36.0,82.32880546745515
operating_lifetime_years,Operating lifetime after commissioning,years,36.0,82.32880546745515
operating_lifetime_years,Operating lifetime after commissioning,years,37.0,81.8723740242879
operating_lifetime_years,Operating lifetime after commissioning,years,37.0,81.8723740242879
operating_lifetime_years,Operating lifetime after commissioning,years,37.0,81.8723740242879
operating_lifetime_years,Operating lifetime after commissioning,years,38.0,81.45117567792595
operating_lifetime_years,Operating lifetime after commissioning,years,38.0,81.45117567792595
operating_lifetime_years,Operating lifetime after commissioning,years,38.0,81.45117567792595
operating_lifetime_years,Operating lifetime after commissioning,years,38.0,81.45117567792595
operating_lifetime_years,Operating lifetime after commissioning,years,39.0,81.06216143422034
operating_lifetime_years,Operating lifetime after commissioning,years,39.0,81.06216143422034
operating_lifetime_years,Operating lifetime after commissioning,years,39.0,81.06216143422034
operating_lifetime_years,Operating lifetime after commissioning,years,40.0,80.70259096331249
operating_lifetime_years,Operating lifetime after commissioning,years,40.0,80.70259096331249
operating_lifetime_years,Operating lifetime after commissioning,years,40.0,80.70259096331249
operating_lifetime_years,Operating lifetime after commissioning,years,40.0,80.70259096331249
operating_lifetime_years,Operating lifetime after commissioning,years,41.0,80.3699953505596
operating_lifetime_years,Operating lifetime after commissioning,years,41.0,80.3699953505596
operating_lifetime_years,Operating lifetime after commissioning,years,41.0,80.3699953505596
operating_lifetime_years,Operating lifetime after commissioning,years,42.0,80.06214513914891
operating_lifetime_years,Operating lifetime after commissioning,years,42.0,80.06214513914891
operating_lifetime_years,Operating lifetime after commissioning,years,42.0,80.06214513914891
operating_lifetime_years,Operating lifetime after commissioning,years,43.0,79.77702280318547
operating_lifetime_years,Operating lifetime after commissioning,years,43.0,79.77702280318547
operating_lifetime_years,Operating lifetime after commissioning,years,43.0,79.77702280318547
operating_lifetime_years,Operating lifetime after commissioning,years,44.0,79.51279894676011
operating_lifetime_years,Operating lifetime after commissioning,years,44.0,79.51279894676011
operating_lifetime_years,Operating lifetime after commissioning,years,44.0,79.51279894676011
operating_lifetime_years,Operating lifetime after commissioning,years,44.0,79.51279894676011
operating_lifetime_years,Operating lifetime after commissioning,years,45.0,79.26781164986693
operating_lifetime_years,Operating lifetime after commissioning,years,45.0,79.26781164986693
real_discount_rate,Real project discount rate,fraction,0.03,56.94955400241832
real_discount_rate,Real project discount rate,fraction,0.0317,58.16161408298093
real_discount_rate,Real project discount rate,fraction,0.0334,59.39401162611343
real_discount_rate,Real project discount rate,fraction,0.0351,60.64678255540311
real_discount_rate,Real project discount rate,fraction,0.0368,61.919958684510746
real_discount_rate,Real project discount rate,fraction,0.0385,63.21356786358386
real_discount_rate,Real project discount rate,fraction,0.0402,64.52763412895835
real_discount_rate,Real project discount rate,fraction,0.0419,65.86217785566566
real_discount_rate,Real project discount rate,fraction,0.0436,67.21721591227256
real_discount_rate,Real project discount rate,fraction,0.0453,68.59276181759056
real_discount_rate,Real project discount rate,fraction,0.047,69.98882589880365
real_discount_rate,Real project discount rate,fraction,0.0487,71.4054154505731
real_discount_rate,Real project discount rate,fraction,0.0504,72.84253489469847
real_discount_rate,Real project discount rate,fraction,0.0521,74.30018593992244
real_discount_rate,Real project discount rate,fraction,0.0538,75.77836774148814
real_discount_rate,Real project discount rate,fraction,0.0555,77.27707706007288
real_discount_rate,Real project discount rate,fraction,0.0572,78.79630841974094
real_discount_rate,Real project discount rate,fraction,0.0589,80.33605426457744
real_discount_rate,Real project discount rate,fraction,0.0606,81.89630511368053
real_discount_rate,Real project discount rate,fraction,0.0623,83.47704971421632
real_discount_rate,Real project discount rate,fraction,0.064,85.07827519225205
real_discount_rate,Real project discount rate,fraction,0.06570000000000001,86.69996720110878
real_discount_rate,Real project discount rate,fraction,0.0674,88.3421100669925
real_discount_rate,Real project discount rate,fraction,0.0691,90.00468693168347
real_discount_rate,Real project discount rate,fraction,0.0708,91.68767989207996
real_discount_rate,Real project discount rate,fraction,0.07250000000000001,93.39107013641821
real_discount_rate,Real project discount rate,fraction,0.0742,95.11483807700294
real_discount_rate,Real project discount rate,fraction,0.0759,96.85896347930544
real_discount_rate,Real project discount rate,fraction,0.0776,98.6234255873024
real_discount_rate,Real project discount rate,fraction,0.07930000000000001,100.40820324494885
real_discount_rate,Real project discount rate,fraction,0.081,102.21327501368972
real_discount_rate,Real project discount rate,fraction,0.0827,104.03861928594071
real_discount_rate,Real project discount rate,fraction,0.0844,105.88421439447441
real_discount_rate,Real project discount rate,fraction,0.08610000000000001,107.75003871766936
real_discount_rate,Real project discount rate,fraction,0.0878,109.63607078059287
real_discount_rate,Real project discount rate,fraction,0.0895,111.54228935189893
real_discount_rate,Real project discount rate,fraction,0.0912,113.46867353654116
real_discount_rate,Real project discount rate,fraction,0.09290000000000001,115.41520286430448
real_discount_rate,Real project discount rate,fraction,0.0946,117.38185737418037
real_discount_rate,Real project discount rate,fraction,0.0963,119.36861769461348
real_discount_rate,Real project discount rate,fraction,0.098,121.37546511965868
real_discount_rate,Real project discount rate,fraction,0.09970000000000001,123.40238168110015
real_discount_rate,Real project discount rate,fraction,0.1014,125.44935021658968
real_discount_rate,Real project discount rate,fraction,0.1031,127.51635443386498
real_discount_rate,Real project discount rate,fraction,0.1048,129.60337897112666
real_discount_rate,Real project discount rate,fraction,0.10650000000000001,131.7104094536456
real_discount_rate,Real project discount rate,fraction,0.1082,133.83743254668838
real_discount_rate,Real project discount rate,fraction,0.1099,135.98443600484623
real_discount_rate,Real project discount rate,fraction,0.1116,138.15140871786167
real_discount_rate,Real project discount rate,fraction,0.11330000000000001,140.3383407530493
real_discount_rate,Real project discount rate,fraction,0.115,142.54522339440737
real_discount_rate,Real project discount rate,fraction,0.1167,144.7720491785263
real_discount_rate,Real project discount rate,fraction,0.1184,147.01881192739333
real_discount_rate,Real project discount rate,fraction,0.12010000000000001,149.28550677820328
real_discount_rate,Real project discount rate,fraction,0.1218,151.57213021027783
real_discount_rate,Real project discount rate,fraction,0.1235,153.87868006920525
real_discount_rate,Real project discount rate,fraction,0.1252,156.20515558830203
real_discount_rate,Real project discount rate,fraction,0.1269,158.5515574075115
real_discount_rate,Real project discount rate,fraction,0.1286,160.91788758984023
real_discount_rate,Real project discount rate,fraction,0.1303,163.30414963544322
real_discount_rate,Real project discount rate,fraction,0.132,165.71034849346043
real_discount_rate,Real project discount rate,fraction,0.1337,168.1364905717114
real_discount_rate,Real project discount rate,fraction,0.13540000000000002,170.5825837443504
real_discount_rate,Real project discount rate,fraction,0.1371,173.04863735758042
real_discount_rate,Real project discount rate,fraction,0.1388,175.5346622335317
real_discount_rate,Real project discount rate,fraction,0.1405,178.04067067239572
real_discount_rate,Real project discount rate,fraction,0.1422,180.5666764529144
real_discount_rate,Real project discount rate,fraction,0.1439,183.1126948313164
real_discount_rate,Real project discount rate,fraction,0.1456,185.6787425387883
real_discount_rate,Real project discount rate,fraction,0.14730000000000001,188.26483777757446
real_discount_rate,Real project discount rate,fraction,0.14900000000000002,190.87100021578584
real_discount_rate,Real project discount rate,fraction,0.1507,193.49725098100387
real_discount_rate,Real project discount rate,fraction,0.1524,196.1436126527587
real_discount_rate,Real project discount rate,fraction,0.15410000000000001,198.8101092539585
real_discount_rate,Real project discount rate,fraction,0.15580000000000002,201.4967662413473
real_discount_rate,Real project discount rate,fraction,0.1575,204.20361049506138
real_discount_rate,Real project discount rate,fraction,0.1592,206.93067030735216
real_discount_rate,Real project discount rate,fraction,0.16090000000000002,209.67797537054741
real_discount_rate,Real project discount rate,fraction,0.1626,212.44555676430963
real_discount_rate,Real project discount rate,fraction,0.1643,215.23344694225497
real_discount_rate,Real project discount rate,fraction,0.166,218.04167971799342
real_discount_rate,Real project discount rate,fraction,0.16770000000000002,220.8702902506399
real_discount_rate,Real project discount rate,fraction,0.16940000000000002,223.71931502985814
real_discount_rate,Real project discount rate,fraction,0.1711,226.58879186048156
real_discount_rate,Real project discount rate,fraction,0.1728,229.47875984676378
real_discount_rate,Real project discount rate,fraction,0.17450000000000002,232.3892593763009
real_discount_rate,Real project discount rate,fraction,0.1762,235.32033210367354
real_discount_rate,Real project discount rate,fraction,0.1779,238.2720209338484
real_discount_rate,Real project discount rate,fraction,0.1796,241.24437000537384
real_discount_rate,Real project discount rate,fraction,0.18130000000000002,244.23742467341594
real_discount_rate,Real project discount rate,fraction,0.18300000000000002,247.25123149266062
real_discount_rate,Real project discount rate,fraction,0.1847,250.2858382001213
real_discount_rate,Real project discount rate,fraction,0.1864,253.34129369787777
real_discount_rate,Real project discount rate,fraction,0.18810000000000002,256.4176480357812
real_discount_rate,Real project discount rate,fraction,0.1898,259.51495239414373
real_discount_rate,Real project discount rate,fraction,0.1915,262.633259066449
real_discount_rate,Real project discount rate,fraction,0.1932,265.7726214420971
real_discount_rate,Real project discount rate,fraction,0.19490000000000002,268.9330939892138
real_discount_rate,Real project discount rate,fraction,0.19660000000000002,272.11473223753876
real_discount_rate,Real project discount rate,fraction,0.1983,275.3175927614146
real_discount_rate,Real project discount rate,fraction,0.2,278.54173316289786
construction_duration_years,Construction duration,years,0.0,74.67136830631596
construction_duration_years,Construction duration,years,0.0,74.67136830631596
construction_duration_years,Construction duration,years,0.0,74.67136830631596
construction_duration_years,Construction duration,years,0.0,74.67136830631596
construction_duration_years,Construction duration,years,0.0,74.67136830631596
construction_duration_years,Construction duration,years,0.0,74.67136830631596
construction_duration_years,Construction duration,years,0.0,74.67136830631596
construction_duration_years,Construction duration,years,1.0,78.92886632601822
construction_duration_years,Construction duration,years,1.0,78.92886632601822
construction_duration_years,Construction duration,years,1.0,78.92886632601822
construction_duration_years,Construction duration,years,1.0,78.92886632601822
construction_duration_years,Construction duration,years,1.0,78.92886632601822
construction_duration_years,Construction duration,years,1.0,78.92886632601822
construction_duration_years,Construction duration,years,1.0,78.92886632601822
construction_duration_years,Construction duration,years,1.0,78.92886632601822
construction_duration_years,Construction duration,years,1.0,78.92886632601822
construction_duration_years,Construction duration,years,1.0,78.92886632601822
construction_duration_years,Construction duration,years,1.0,78.92886632601822
construction_duration_years,Construction duration,years,1.0,78.92886632601822
construction_duration_years,Construction duration,years,2.0,81.19598402150967
construction_duration_years,Construction duration,years,2.0,81.19598402150967
construction_duration_years,Construction duration,years,2.0,81.19598402150967
construction_duration_years,Construction duration,years,2.0,81.19598402150967
construction_duration_years,Construction duration,years,2.0,81.19598402150967
construction_duration_years,Construction duration,years,2.0,81.19598402150967
construction_duration_years,Construction duration,years,2.0,81.19598402150967
construction_duration_years,Construction duration,years,2.0,81.19598402150967
construction_duration_years,Construction duration,years,2.0,81.19598402150967
construction_duration_years,Construction duration,years,2.0,81.19598402150967
construction_duration_years,Construction duration,years,2.0,81.19598402150967
construction_duration_years,Construction duration,years,2.0,81.19598402150967
construction_duration_years,Construction duration,years,2.0,81.19598402150967
construction_duration_years,Construction duration,years,3.0,83.56134348380576
construction_duration_years,Construction duration,years,3.0,83.56134348380576
construction_duration_years,Construction duration,years,3.0,83.56134348380576
construction_duration_years,Construction duration,years,3.0,83.56134348380576
construction_duration_years,Construction duration,years,3.0,83.56134348380576
construction_duration_years,Construction duration,years,3.0,83.56134348380576
construction_duration_years,Construction duration,years,3.0,83.56134348380576
construction_duration_years,Construction duration,years,3.0,83.56134348380576
construction_duration_years,Construction duration,years,3.0,83.56134348380576
construction_duration_years,Construction duration,years,3.0,83.56134348380576
construction_duration_years,Construction duration,years,3.0,83.56134348380576
construction_duration_years,Construction duration,years,3.0,83.56134348380576
construction_duration_years,Construction duration,years,4.0,86.02973399903817
construction_duration_years,Construction duration,years,4.0,86.02973399903817
construction_duration_years,Construction duration,years,4.0,86.02973399903817
construction_duration_years,Construction duration,years,4.0,86.02973399903817
construction_duration_years,Construction duration,years,4.0,86.02973399903817
construction_duration_years,Construction duration,years,4.0,86.02973399903817
construction_duration_years,Construction duration,years,4.0,86.02973399903817
construction_duration_years,Construction duration,years,4.0,86.02973399903817
construction_duration_years,Construction duration,years,4.0,86.02973399903817
construction_duration_years,Construction duration,years,4.0,86.02973399903817
construction_duration_years,Construction duration,years,4.0,86.02973399903817
construction_duration_years,Construction duration,years,4.0,86.02973399903817
construction_duration_years,Construction duration,years,4.0,86.02973399903817
construction_duration_years,Construction duration,years,5.0,88.60619389621755
construction_duration_years,Construction duration,years,5.0,88.60619389621755
construction_duration_years,Construction duration,years,5.0,88.60619389621755
construction_duration_years,Construction duration,years,5.0,88.60619389621755
construction_duration_years,Construction duration,years,5.0,88.60619389621755
construction_duration_years,Construction duration,years,5.0,88.60619389621755
construction_duration_years,Construction duration,years,5.0,88.60619389621755
construction_duration_years,Construction duration,years,5.0,88.60619389621755
construction_duration_years,Construction duration,years,5.0,88.60619389621755
construction_duration_years,Construction duration,years,5.0,88.60619389621755
construction_duration_years,Construction duration,years,5.0,88.60619389621755
construction_duration_years,Construction duration,years,5.0,88.60619389621755
construction_duration_years,Construction duration,years,6.0,91.29602403705589
construction_duration_years,Construction duration,years,6.0,91.29602403705589
construction_duration_years,Construction duration,years,6.0,91.29602403705589
construction_duration_years,Construction duration,years,6.0,91.29602403705589
construction_duration_years,Construction duration,years,6.0,91.29602403705589
construction_duration_years,Construction duration,years,6.0,91.29602403705589
construction_duration_years,Construction duration,years,6.0,91.29602403705589
construction_duration_years,Construction duration,years,6.0,91.29602403705589
construction_duration_years,Construction duration,years,6.0,91.29602403705589
construction_duration_years,Construction duration,years,6.0,91.29602403705589
construction_duration_years,Construction duration,years,6.0,91.29602403705589
construction_duration_years,Construction duration,years,6.0,91.29602403705589
construction_duration_years,Construction duration,years,6.0,91.29602403705589
construction_duration_years,Construction duration,years,7.0,94.10480205736506
construction_duration_years,Construction duration,years,7.0,94.10480205736506
construction_duration_years,Construction duration,years,7.0,94.10480205736506
construction_duration_years,Construction duration,years,7.0,94.10480205736506
construction_duration_years,Construction duration,years,7.0,94.10480205736506
construction_duration_years,Construction duration,years,7.0,94.10480205736506
construction_duration_years,Construction duration,years,7.0,94.10480205736506
construction_duration_years,Construction duration,years,7.0,94.10480205736506
construction_duration_years,Construction duration,years,7.0,94.10480205736506
construction_duration_years,Construction duration,years,7.0,94.10480205736506
construction_duration_years,Construction duration,years,7.0,94.10480205736506
construction_duration_years,Construction duration,years,7.0,94.10480205736506
construction_duration_years,Construction duration,years,8.0,97.0383974027771
construction_duration_years,Construction duration,years,8.0,97.0383974027771
construction_duration_years,Construction duration,years,8.0,97.0383974027771
construction_duration_years,Construction duration,years,8.0,97.0383974027771
construction_duration_years,Construction duration,years,8.0,97.0383974027771
construction_duration_years,Construction duration,years,8.0,97.0383974027771
construction_duration_years,Construction duration,years,8.0,97.0383974027771
annual_output_degradation_fraction,Annual delivered-output degradation,fraction/year,0.0,82.01630671479784
annual_output_degradation_fraction,Annual delivered-output degradation,fraction/year,0.0003,82.25450109324076
annual_output_degradation_fraction,Annual delivered-output degradation,fraction/year,0.0006,82.49303341005641
annual_output_degradation_fraction,Annual delivered-output degradation,fraction/year,0.0009,82.73190273430042
annual_output_degradation_fraction,Annual delivered-output degradation,fraction/year,0.0012,82.9711081328461
annual_output_degradation_fraction,Annual delivered-output degradation,fraction/year,0.0014999999999999998,83.21064867042035
annual_output_degradation_fraction,Annual delivered-output degradation,fraction/year,0.0018,83.45052340964008
annual_output_degradation_fraction,Annual delivered-output degradation,fraction/year,0.0021,83.69073141104782
annual_output_degradation_fraction,Annual delivered-output degradation,fraction/year,0.0024,83.93127173314849
annual_output_degradation_fraction,Annual delivered-output degradation,fraction/year,0.0026999999999999997,84.17214343244528
annual_output_degradation_fraction,Annual delivered-output degradation,fraction/year,0.0029999999999999996,84.41334556347537
annual_output_degradation_fraction,Annual delivered-output degradation,fraction/year,0.0032999999999999995,84.65487717884659
annual_output_degradation_fraction,Annual delivered-output degradation,fraction/year,0.0036,84.89673732927304
annual_output_degradation_fraction,Annual delivered-output degradation,fraction/year,0.0039,85.13892506361097
annual_output_degradation_fraction,Annual delivered-output degradation,fraction/year,0.0042,85.38143942889528
annual_output_degradation_fraction,Annual delivered-output degradation,fraction/year,0.0045,85.62427947037477
annual_output_degradation_fraction,Annual delivered-output degradation,fraction/year,0.0048,85.8674442315486
annual_output_degradation_fraction,Annual delivered-output degradation,fraction/year,0.0050999999999999995,86.11093275420166
annual_output_degradation_fraction,Annual delivered-output degradation,fraction/year,0.005399999999999999,86.35474407844052
annual_output_degradation_fraction,Annual delivered-output degradation,fraction/year,0.005699999999999999,86.5988772427294
annual_output_degradation_fraction,Annual delivered-output degradation,fraction/year,0.005999999999999999,86.84333128392527
annual_output_degradation_fraction,Annual delivered-output degradation,fraction/year,0.006299999999999999,87.08810523731421
annual_output_degradation_fraction,Annual delivered-output degradation,fraction/year,0.006599999999999999,87.33319813664657
annual_output_degradation_fraction,Annual delivered-output degradation,fraction/year,0.006899999999999999,87.57860901417226
annual_output_degradation_fraction,Annual delivered-output degradation,fraction/year,0.0072,87.82433690067681
annual_output_degradation_fraction,Annual delivered-output degradation,fraction/year,0.0075,88.0703808255165
annual_output_degradation_fraction,Annual delivered-output degradation,fraction/year,0.0078,88.31673981665337
annual_output_degradation_fraction,Annual delivered-output degradation,fraction/year,0.0081,88.56341290069086
annual_output_degradation_fraction,Annual delivered-output degradation,fraction/year,0.0084,88.81039910290907
annual_output_degradation_fraction,Annual delivered-output degradation,fraction/year,0.0087,89.05769744729972
annual_output_degradation_fraction,Annual delivered-output degradation,fraction/year,0.009,89.30530695660084
annual_output_degradation_fraction,Annual delivered-output degradation,fraction/year,0.0093,89.55322665233268
annual_output_degradation_fraction,Annual delivered-output degradation,fraction/year,0.0096,89.80145555483173
annual_output_degradation_fraction,Annual delivered-output degradation,fraction/year,0.009899999999999999,90.04999268328581
annual_output_degradation_fraction,Annual delivered-output degradation,fraction/year,0.010199999999999999,90.29883705576907
annual_output_degradation_fraction,Annual delivered-output degradation,fraction/year,0.010499999999999999,90.54798768927627
annual_output_degradation_fraction,Annual delivered-output degradation,fraction/year,0.010799999999999999,90.79744359975774
annual_output_degradation_fraction,Annual delivered-output degradation,fraction/year,0.011099999999999999,91.04720380215323
annual_output_degradation_fraction,Annual delivered-output degradation,fraction/year,0.011399999999999999,91.29726731042707
annual_output_degradation_fraction,Annual delivered-output degradation,fraction/year,0.011699999999999999,91.54763313760199
annual_output_degradation_fraction,Annual delivered-output degradation,fraction/year,0.011999999999999999,91.7983002957932
annual_output_degradation_fraction,Annual delivered-output degradation,fraction/year,0.012299999999999998,92.04926779624303
annual_output_degradation_fraction,Annual delivered-output degradation,fraction/year,0.012599999999999998,92.30053464935435
annual_output_degradation_fraction,Annual delivered-output degradation,fraction/year,0.012899999999999998,92.55209986472505
annual_output_degradation_fraction,Annual delivered-output degradation,fraction/year,0.013199999999999998,92.8039624511811
annual_output_degradation_fraction,Annual delivered-output degradation,fraction/year,0.013499999999999998,93.05612141681098
annual_output_degradation_fraction,Annual delivered-output degradation,fraction/year,0.013799999999999998,93.30857576899903
annual_output_degradation_fraction,Annual delivered-output degradation,fraction/year,0.014099999999999998,93.56132451445846
annual_output_degradation_fraction,Annual delivered-output degradation,fraction/year,0.0144,93.8143666592655
annual_output_degradation_fraction,Annual delivered-output degradation,fraction/year,0.0147,94.06770120889222
annual_output_degradation_fraction,Annual delivered-output degradation,fraction/year,0.015,94.32132716823943
annual_output_degradation_fraction,Annual delivered-output degradation,fraction/year,0.0153,94.57524354167037
annual_output_degradation_fraction,Annual delivered-output degradation,fraction/year,0.0156,94.82944933304302
annual_output_degradation_fraction,Annual delivered-output degradation,fraction/year,0.015899999999999997,95.08394354574334
annual_output_degradation_fraction,Annual delivered-output degradation,fraction/year,0.0162,95.33872518271735
annual_output_degradation_fraction,Annual delivered-output degradation,fraction/year,0.016499999999999997,95.5937932465044
annual_output_degradation_fraction,Annual delivered-output degradation,fraction/year,0.0168,95.84914673926914
annual_output_degradation_fraction,Annual delivered-output degradation,fraction/year,0.017099999999999997,96.1047846628337
annual_output_degradation_fraction,Annual delivered-output degradation,fraction/year,0.0174,96.3607060187102
annual_output_degradation_fraction,Annual delivered-output degradation,fraction/year,0.017699999999999997,96.61690980813286
annual_output_degradation_fraction,Annual delivered-output degradation,fraction/year,0.018,96.87339503208918
annual_output_degradation_fraction,Annual delivered-output degradation,fraction/year,0.018299999999999997,97.13016069135267
annual_output_degradation_fraction,Annual delivered-output degradation,fraction/year,0.0186,97.38720578651383
annual_output_degradation_fraction,Annual delivered-output degradation,fraction/year,0.018899999999999997,97.6445293180119
annual_output_degradation_fraction,Annual delivered-output degradation,fraction/year,0.0192,97.90213028616596
annual_output_degradation_fraction,Annual delivered-output degradation,fraction/year,0.0195,98.16000769120664
annual_output_degradation_fraction,Annual delivered-output degradation,fraction/year,0.019799999999999998,98.41816053330689
annual_output_degradation_fraction,Annual delivered-output degradation,fraction/year,0.0201,98.67658781261261
annual_output_degradation_fraction,Annual delivered-output degradation,fraction/year,0.020399999999999998,98.9352885292741
annual_output_degradation_fraction,Annual delivered-output degradation,fraction/year,0.0207,99.19426168347638
annual_output_degradation_fraction,Annual delivered-output degradation,fraction/year,0.020999999999999998,99.45350627546944
annual_output_degradation_fraction,Annual delivered-output degradation,fraction/year,0.0213,99.71302130559911
annual_output_degradation_fraction,Annual delivered-output degradation,fraction/year,0.021599999999999998,99.97280577433685
annual_output_degradation_fraction,Annual delivered-output degradation,fraction/year,0.0219,100.23285868231014
annual_output_degradation_fraction,Annual delivered-output degradation,fraction/year,0.022199999999999998,100.49317903033179
annual_output_degradation_fraction,Annual delivered-output degradation,fraction/year,0.0225,100.75376581943054
annual_output_degradation_fraction,Annual delivered-output degradation,fraction/year,0.022799999999999997,101.01461805087999
annual_output_degradation_fraction,Annual delivered-output degradation,fraction/year,0.0231,101.27573472622821
annual_output_degradation_fraction,Annual delivered-output degradation,fraction/year,0.023399999999999997,101.5371148473271
annual_output_degradation_fraction,Annual delivered-output degradation,fraction/year,0.0237,101.79875741636165
annual_output_degradation_fraction,Annual delivered-output degradation,fraction/year,0.023999999999999997,102.06066143587834
annual_output_degradation_fraction,Annual delivered-output degradation,fraction/year,0.0243,102.32282590881461
annual_output_degradation_fraction,Annual delivered-output degradation,fraction/year,0.024599999999999997,102.5852498385271
annual_output_degradation_fraction,Annual delivered-output degradation,fraction/year,0.0249,102.84793222882043
annual_output_degradation_fraction,Annual delivered-output degradation,fraction/year,0.025199999999999997,103.11087208397487
annual_output_degradation_fraction,Annual delivered-output degradation,fraction/year,0.0255,103.37406840877536
annual_output_degradation_fraction,Annual delivered-output degradation,fraction/year,0.025799999999999997,103.63752020853892
annual_output_degradation_fraction,Annual delivered-output degradation,fraction/year,0.026099999999999998,103.90122648914239
annual_output_degradation_fraction,Annual delivered-output degradation,fraction/year,0.026399999999999996,104.16518625705052
annual_output_degradation_fraction,Annual delivered-output degradation,fraction/year,0.026699999999999998,104.42939851934317
annual_output_degradation_fraction,Annual delivered-output degradation,fraction/year,0.026999999999999996,104.69386228374263
annual_output_degradation_fraction,Annual delivered-output degradation,fraction/year,0.027299999999999998,104.95857655864069
annual_output_degradation_fraction,Annual delivered-output degradation,fraction/year,0.027599999999999996,105.22354035312573
annual_output_degradation_fraction,Annual delivered-output degradation,fraction/year,0.027899999999999998,105.48875267700949
annual_output_degradation_fraction,Annual delivered-output degradation,fraction/year,0.028199999999999996,105.75421254085356
annual_output_degradation_fraction,Annual delivered-output degradation,fraction/year,0.028499999999999998,106.0199189559959
annual_output_degradation_fraction,Annual delivered-output degradation,fraction/year,0.0288,106.28587093457732
annual_output_degradation_fraction,Annual delivered-output degradation,fraction/year,0.029099999999999997,106.55206748956697
annual_output_degradation_fraction,Annual delivered-output degradation,fraction/year,0.0294,106.81850763478892
annual_output_degradation_fraction,Annual delivered-output degradation,fraction/year,0.029699999999999997,107.08519038494751
annual_output_degradation_fraction,Annual delivered-output degradation,fraction/year,0.03,107.35211475565309
system_specific_mass_kg_per_kw_delivered,System specific mass,kg/kW-delivered,0.5,31.280108512756296
system_specific_mass_kg_per_kw_delivered,System specific mass,kg/kW-delivered,0.595,32.4359339396889
system_specific_mass_kg_per_kw_delivered,System specific mass,kg/kW-delivered,0.69,33.59175936662152
system_specific_mass_kg_per_kw_delivered,System specific mass,kg/kW-delivered,0.785,34.74758479355414
system_specific_mass_kg_per_kw_delivered,System specific mass,kg/kW-delivered,0.88,35.903410220486755
system_specific_mass_kg_per_kw_delivered,System specific mass,kg/kW-delivered,0.975,37.05923564741937
system_specific_mass_kg_per_kw_delivered,System specific mass,kg/kW-delivered,1.07,38.215061074352
system_specific_mass_kg_per_kw_delivered,System specific mass,kg/kW-delivered,1.165,39.370886501284616
system_specific_mass_kg_per_kw_delivered,System specific mass,kg/kW-delivered,1.26,40.52671192821723
system_specific_mass_kg_per_kw_delivered,System specific mass,kg/kW-delivered,1.355,41.68253735514985
system_specific_mass_kg_per_kw_delivered,System specific mass,kg/kW-delivered,1.45,42.83836278208246
system_specific_mass_kg_per_kw_delivered,System specific mass,kg/kW-delivered,1.545,43.99418820901508
system_specific_mass_kg_per_kw_delivered,System specific mass,kg/kW-delivered,1.6400000000000001,45.150013635947694
system_specific_mass_kg_per_kw_delivered,System specific mass,kg/kW-delivered,1.735,46.30583906288032
system_specific_mass_kg_per_kw_delivered,System specific mass,kg/kW-delivered,1.83,47.46166448981293
system_specific_mass_kg_per_kw_delivered,System specific mass,kg/kW-delivered,1.925,48.617489916745555
system_specific_mass_kg_per_kw_delivered,System specific mass,kg/kW-delivered,2.02,49.77331534367817
system_specific_mass_kg_per_kw_delivered,System specific mass,kg/kW-delivered,2.115,50.929140770610786
system_specific_mass_kg_per_kw_delivered,System specific mass,kg/kW-delivered,2.21,52.084966197543395
system_specific_mass_kg_per_kw_delivered,System specific mass,kg/kW-delivered,2.3049999999999997,53.24079162447601
system_specific_mass_kg_per_kw_delivered,System specific mass,kg/kW-delivered,2.4,54.39661705140863
system_specific_mass_kg_per_kw_delivered,System specific mass,kg/kW-delivered,2.495,55.55244247834125
system_specific_mass_kg_per_kw_delivered,System specific mass,kg/kW-delivered,2.59,56.70826790527387
system_specific_mass_kg_per_kw_delivered,System specific mass,kg/kW-delivered,2.685,57.864093332206494
system_specific_mass_kg_per_kw_delivered,System specific mass,kg/kW-delivered,2.7800000000000002,59.01991875913912
system_specific_mass_kg_per_kw_delivered,System specific mass,kg/kW-delivered,2.875,60.175744186071725
system_specific_mass_kg_per_kw_delivered,System specific mass,kg/kW-delivered,2.97,61.33156961300434
system_specific_mass_kg_per_kw_delivered,System specific mass,kg/kW-delivered,3.065,62.48739503993695
system_specific_mass_kg_per_kw_delivered,System specific mass,kg/kW-delivered,3.16,63.64322046686957
system_specific_mass_kg_per_kw_delivered,System specific mass,kg/kW-delivered,3.255,64.7990458938022
system_specific_mass_kg_per_kw_delivered,System specific mass,kg/kW-delivered,3.35,65.95487132073481
system_specific_mass_kg_per_kw_delivered,System specific mass,kg/kW-delivered,3.445,67.11069674766742
system_specific_mass_kg_per_kw_delivered,System specific mass,kg/kW-delivered,3.54,68.26652217460004
system_specific_mass_kg_per_kw_delivered,System specific mass,kg/kW-delivered,3.6350000000000002,69.42234760153265
system_specific_mass_kg_per_kw_delivered,System specific mass,kg/kW-delivered,3.73,70.57817302846529
system_specific_mass_kg_per_kw_delivered,System specific mass,kg/kW-delivered,3.825,71.7339984553979
system_specific_mass_kg_per_kw_delivered,System specific mass,kg/kW-delivered,3.92,72.88982388233052
system_specific_mass_kg_per_kw_delivered,System specific mass,kg/kW-delivered,4.015000000000001,74.04564930926314
system_specific_mass_kg_per_kw_delivered,System specific mass,kg/kW-delivered,4.109999999999999,75.20147473619575
system_specific_mass_kg_per_kw_delivered,System specific mass,kg/kW-delivered,4.205,76.35730016312837
system_specific_mass_kg_per_kw_delivered,System specific mass,kg/kW-delivered,4.3,77.513125590061
system_specific_mass_kg_per_kw_delivered,System specific mass,kg/kW-delivered,4.395,78.6689510169936
system_specific_mass_kg_per_kw_delivered,System specific mass,kg/kW-delivered,4.49,79.82477644392623
system_specific_mass_kg_per_kw_delivered,System specific mass,kg/kW-delivered,4.585,80.98060187085883
system_specific_mass_kg_per_kw_delivered,System specific mass,kg/kW-delivered,4.68,82.13642729779146
system_specific_mass_kg_per_kw_delivered,System specific mass,kg/kW-delivered,4.775,83.29225272472407
system_specific_mass_kg_per_kw_delivered,System specific mass,kg/kW-delivered,4.87,84.44807815165669
system_specific_mass_kg_per_kw_delivered,System specific mass,kg/kW-delivered,4.965,85.6039035785893
system_specific_mass_kg_per_kw_delivered,System specific mass,kg/kW-delivered,5.0600000000000005,86.75972900552193
system_specific_mass_kg_per_kw_delivered,System specific mass,kg/kW-delivered,5.155,87.91555443245454
system_specific_mass_kg_per_kw_delivered,System specific mass,kg/kW-delivered,5.25,89.07137985938715
system_specific_mass_kg_per_kw_delivered,System specific mass,kg/kW-delivered,5.345,90.22720528631977
system_specific_mass_kg_per_kw_delivered,System specific mass,kg/kW-delivered,5.44,91.38303071325238
system_specific_mass_kg_per_kw_delivered,System specific mass,kg/kW-delivered,5.535,92.53885614018502
system_specific_mass_kg_per_kw_delivered,System specific mass,kg/kW-delivered,5.63,93.69468156711763
system_specific_mass_kg_per_kw_delivered,System specific mass,kg/kW-delivered,5.725,94.85050699405025
system_specific_mass_kg_per_kw_delivered,System specific mass,kg/kW-delivered,5.82,96.00633242098286
system_specific_mass_kg_per_kw_delivered,System specific mass,kg/kW-delivered,5.915,97.16215784791548
system_specific_mass_kg_per_kw_delivered,System specific mass,kg/kW-delivered,6.01,98.31798327484809
system_specific_mass_kg_per_kw_delivered,System specific mass,kg/kW-delivered,6.105,99.47380870178073
system_specific_mass_kg_per_kw_delivered,System specific mass,kg/kW-delivered,6.2,100.62963412871333
system_specific_mass_kg_per_kw_delivered,System specific mass,kg/kW-delivered,6.295,101.78545955564596
system_specific_mass_kg_per_kw_delivered,System specific mass,kg/kW-delivered,6.39,102.94128498257857
system_specific_mass_kg_per_kw_delivered,System specific mass,kg/kW-delivered,6.485,104.09711040951119
system_specific_mass_kg_per_kw_delivered,System specific mass,kg/kW-delivered,6.58,105.25293583644381
system_specific_mass_kg_per_kw_delivered,System specific mass,kg/kW-delivered,6.675,106.40876126337642
system_specific_mass_kg_per_kw_delivered,System specific mass,kg/kW-delivered,6.7700000000000005,107.56458669030904
system_specific_mass_kg_per_kw_delivered,System specific mass,kg/kW-delivered,6.865,108.72041211724165
system_specific_mass_kg_per_kw_delivered,System specific mass,kg/kW-delivered,6.96,109.87623754417426
system_specific_mass_kg_per_kw_delivered,System specific mass,kg/kW-delivered,7.055,111.03206297110688
system_specific_mass_kg_per_kw_delivered,System specific mass,kg/kW-delivered,7.15,112.1878883980395
system_specific_mass_kg_per_kw_delivered,System specific mass,kg/kW-delivered,7.245,113.34371382497211
system_specific_mass_kg_per_kw_delivered,System specific mass,kg/kW-delivered,7.34,114.49953925190472
system_specific_mass_kg_per_kw_delivered,System specific mass,kg/kW-delivered,7.4350000000000005,115.65536467883739
system_specific_mass_kg_per_kw_delivered,System specific mass,kg/kW-delivered,7.53,116.81119010576997
system_specific_mass_kg_per_kw_delivered,System specific mass,kg/kW-delivered,7.625,117.9670155327026
system_specific_mass_kg_per_kw_delivered,System specific mass,kg/kW-delivered,7.72,119.12284095963521
system_specific_mass_kg_per_kw_delivered,System specific mass,kg/kW-delivered,7.815,120.27866638656782
system_specific_mass_kg_per_kw_delivered,System specific mass,kg/kW-delivered,7.91,121.43449181350043
system_specific_mass_kg_per_kw_delivered,System specific mass,kg/kW-delivered,8.004999999999999,122.59031724043307
system_specific_mass_kg_per_kw_delivered,System specific mass,kg/kW-delivered,8.1,123.74614266736567
system_specific_mass_kg_per_kw_delivered,System specific mass,kg/kW-delivered,8.195,124.9019680942983
system_specific_mass_kg_per_kw_delivered,System specific mass,kg/kW-delivered,8.29,126.05779352123092
system_specific_mass_kg_per_kw_delivered,System specific mass,kg/kW-delivered,8.385,127.21361894816353
system_specific_mass_kg_per_kw_delivered,System specific mass,kg/kW-delivered,8.48,128.36944437509615
system_specific_mass_kg_per_kw_delivered,System specific mass,kg/kW-delivered,8.575,129.52526980202876
system_specific_mass_kg_per_kw_delivered,System specific mass,kg/kW-delivered,8.67,130.68109522896137
system_specific_mass_kg_per_kw_delivered,System specific mass,kg/kW-delivered,8.765,131.83692065589398
system_specific_mass_kg_per_kw_delivered,System specific mass,kg/kW-delivered,8.86,132.9927460828266
system_specific_mass_kg_per_kw_delivered,System specific mass,kg/kW-delivered,8.955,134.14857150975925
system_specific_mass_kg_per_kw_delivered,System specific mass,kg/kW-delivered,9.05,135.30439693669186
system_specific_mass_kg_per_kw_delivered,System specific mass,kg/kW-delivered,9.145,136.46022236362447
system_specific_mass_kg_per_kw_delivered,System specific mass,kg/kW-delivered,9.24,137.6160477905571
system_specific_mass_kg_per_kw_delivered,System specific mass,kg/kW-delivered,9.335,138.7718732174897
system_specific_mass_kg_per_kw_delivered,System specific mass,kg/kW-delivered,9.43,139.92769864442232
system_specific_mass_kg_per_kw_delivered,System specific mass,kg/kW-delivered,9.525,141.08352407135496
system_specific_mass_kg_per_kw_delivered,System specific mass,kg/kW-delivered,9.620000000000001,142.2393494982876
system_specific_mass_kg_per_kw_delivered,System specific mass,kg/kW-delivered,9.715,143.39517492522018
system_specific_mass_kg_per_kw_delivered,System specific mass,kg/kW-delivered,9.81,144.55100035215278
system_specific_mass_kg_per_kw_delivered,System specific mass,kg/kW-delivered,9.905,145.70682577908542
system_specific_mass_kg_per_kw_delivered,System specific mass,kg/kW-delivered,10.0,146.86265120601803
space_generation_hardware_cost_gbp_per_w_dc,Space-generation hardware cost,GBP/W-DC,0.05,72.50520035383211
space_generation_hardware_cost_gbp_per_w_dc,Space-generation hardware cost,GBP/W-DC,0.0995,74.41795582651125
space_generation_hardware_cost_gbp_per_w_dc,Space-generation hardware cost,GBP/W-DC,0.14900000000000002,76.33071129919041
space_generation_hardware_cost_gbp_per_w_dc,Space-generation hardware cost,GBP/W-DC,0.1985,78.24346677186954
space_generation_hardware_cost_gbp_per_w_dc,Space-generation hardware cost,GBP/W-DC,0.248,80.15622224454869
space_generation_hardware_cost_gbp_per_w_dc,Space-generation hardware cost,GBP/W-DC,0.2975,82.06897771722784
space_generation_hardware_cost_gbp_per_w_dc,Space-generation hardware cost,GBP/W-DC,0.34700000000000003,83.98173318990696
space_generation_hardware_cost_gbp_per_w_dc,Space-generation hardware cost,GBP/W-DC,0.3965,85.89448866258611
space_generation_hardware_cost_gbp_per_w_dc,Space-generation hardware cost,GBP/W-DC,0.446,87.80724413526524
space_generation_hardware_cost_gbp_per_w_dc,Space-generation hardware cost,GBP/W-DC,0.4955,89.71999960794439
space_generation_hardware_cost_gbp_per_w_dc,Space-generation hardware cost,GBP/W-DC,0.545,91.63275508062353
space_generation_hardware_cost_gbp_per_w_dc,Space-generation hardware cost,GBP/W-DC,0.5945,93.54551055330266
space_generation_hardware_cost_gbp_per_w_dc,Space-generation hardware cost,GBP/W-DC,0.6440000000000001,95.45826602598183
space_generation_hardware_cost_gbp_per_w_dc,Space-generation hardware cost,GBP/W-DC,0.6935000000000001,97.37102149866095
space_generation_hardware_cost_gbp_per_w_dc,Space-generation hardware cost,GBP/W-DC,0.7430000000000001,99.28377697134009
space_generation_hardware_cost_gbp_per_w_dc,Space-generation hardware cost,GBP/W-DC,0.7925000000000001,101.19653244401924
space_generation_hardware_cost_gbp_per_w_dc,Space-generation hardware cost,GBP/W-DC,0.8420000000000001,103.10928791669836
space_generation_hardware_cost_gbp_per_w_dc,Space-generation hardware cost,GBP/W-DC,0.8915000000000001,105.02204338937752
space_generation_hardware_cost_gbp_per_w_dc,Space-generation hardware cost,GBP/W-DC,0.9410000000000001,106.93479886205664
space_generation_hardware_cost_gbp_per_w_dc,Space-generation hardware cost,GBP/W-DC,0.9905,108.84755433473579
space_generation_hardware_cost_gbp_per_w_dc,Space-generation hardware cost,GBP/W-DC,1.04,110.76030980741493
space_generation_hardware_cost_gbp_per_w_dc,Space-generation hardware cost,GBP/W-DC,1.0895000000000001,112.67306528009406
space_generation_hardware_cost_gbp_per_w_dc,Space-generation hardware cost,GBP/W-DC,1.139,114.58582075277323
space_generation_hardware_cost_gbp_per_w_dc,Space-generation hardware cost,GBP/W-DC,1.1885000000000001,116.49857622545237
space_generation_hardware_cost_gbp_per_w_dc,Space-generation hardware cost,GBP/W-DC,1.2380000000000002,118.41133169813152
space_generation_hardware_cost_gbp_per_w_dc,Space-generation hardware cost,GBP/W-DC,1.2875,120.32408717081066
space_generation_hardware_cost_gbp_per_w_dc,Space-generation hardware cost,GBP/W-DC,1.3370000000000002,122.23684264348978
space_generation_hardware_cost_gbp_per_w_dc,Space-generation hardware cost,GBP/W-DC,1.3865,124.14959811616892
space_generation_hardware_cost_gbp_per_w_dc,Space-generation hardware cost,GBP/W-DC,1.4360000000000002,126.06235358884807
space_generation_hardware_cost_gbp_per_w_dc,Space-generation hardware cost,GBP/W-DC,1.4855,127.97510906152722
space_generation_hardware_cost_gbp_per_w_dc,Space-generation hardware cost,GBP/W-DC,1.5350000000000001,129.88786453420636
space_generation_hardware_cost_gbp_per_w_dc,Space-generation hardware cost,GBP/W-DC,1.5845,131.8006200068855
space_generation_hardware_cost_gbp_per_w_dc,Space-generation hardware cost,GBP/W-DC,1.6340000000000001,133.7133754795646
space_generation_hardware_cost_gbp_per_w_dc,Space-generation hardware cost,GBP/W-DC,1.6835000000000002,135.62613095224376
space_generation_hardware_cost_gbp_per_w_dc,Space-generation hardware cost,GBP/W-DC,1.733,137.5388864249229
space_generation_hardware_cost_gbp_per_w_dc,Space-generation hardware cost,GBP/W-DC,1.7825000000000002,139.4516418976021
space_generation_hardware_cost_gbp_per_w_dc,Space-generation hardware cost,GBP/W-DC,1.832,141.36439737028118
space_generation_hardware_cost_gbp_per_w_dc,Space-generation hardware cost,GBP/W-DC,1.8815000000000002,143.27715284296033
space_generation_hardware_cost_gbp_per_w_dc,Space-generation hardware cost,GBP/W-DC,1.931,145.18990831563949
space_generation_hardware_cost_gbp_per_w_dc,Space-generation hardware cost,GBP/W-DC,1.9805000000000001,147.1026637883186
space_generation_hardware_cost_gbp_per_w_dc,Space-generation hardware cost,GBP/W-DC,2.03,149.01541926099776
space_generation_hardware_cost_gbp_per_w_dc,Space-generation hardware cost,GBP/W-DC,2.0795,150.92817473367688
space_generation_hardware_cost_gbp_per_w_dc,Space-generation hardware cost,GBP/W-DC,2.129,152.84093020635603
space_generation_hardware_cost_gbp_per_w_dc,Space-generation hardware cost,GBP/W-DC,2.1785,154.7536856790352
space_generation_hardware_cost_gbp_per_w_dc,Space-generation hardware cost,GBP/W-DC,2.2279999999999998,156.6664411517143
space_generation_hardware_cost_gbp_per_w_dc,Space-generation hardware cost,GBP/W-DC,2.2775,158.57919662439343
space_generation_hardware_cost_gbp_per_w_dc,Space-generation hardware cost,GBP/W-DC,2.327,160.49195209707258
space_generation_hardware_cost_gbp_per_w_dc,Space-generation hardware cost,GBP/W-DC,2.3765,162.40470756975174
space_generation_hardware_cost_gbp_per_w_dc,Space-generation hardware cost,GBP/W-DC,2.426,164.31746304243086
space_generation_hardware_cost_gbp_per_w_dc,Space-generation hardware cost,GBP/W-DC,2.4755,166.23021851510998
space_generation_hardware_cost_gbp_per_w_dc,Space-generation hardware cost,GBP/W-DC,2.525,168.14297398778913
space_generation_hardware_cost_gbp_per_w_dc,Space-generation hardware cost,GBP/W-DC,2.5745,170.0557294604683
space_generation_hardware_cost_gbp_per_w_dc,Space-generation hardware cost,GBP/W-DC,2.624,171.9684849331474
space_generation_hardware_cost_gbp_per_w_dc,Space-generation hardware cost,GBP/W-DC,2.6734999999999998,173.88124040582656
space_generation_hardware_cost_gbp_per_w_dc,Space-generation hardware cost,GBP/W-DC,2.723,175.7939958785057
space_generation_hardware_cost_gbp_per_w_dc,Space-generation hardware cost,GBP/W-DC,2.7725,177.70675135118486
space_generation_hardware_cost_gbp_per_w_dc,Space-generation hardware cost,GBP/W-DC,2.822,179.61950682386396
space_generation_hardware_cost_gbp_per_w_dc,Space-generation hardware cost,GBP/W-DC,2.8715,181.53226229654317
space_generation_hardware_cost_gbp_per_w_dc,Space-generation hardware cost,GBP/W-DC,2.921,183.4450177692223
space_generation_hardware_cost_gbp_per_w_dc,Space-generation hardware cost,GBP/W-DC,2.9705,185.35777324190138
space_generation_hardware_cost_gbp_per_w_dc,Space-generation hardware cost,GBP/W-DC,3.02,187.27052871458056
space_generation_hardware_cost_gbp_per_w_dc,Space-generation hardware cost,GBP/W-DC,3.0695,189.18328418725972
space_generation_hardware_cost_gbp_per_w_dc,Space-generation hardware cost,GBP/W-DC,3.1189999999999998,191.09603965993887
space_generation_hardware_cost_gbp_per_w_dc,Space-generation hardware cost,GBP/W-DC,3.1685,193.008795132618
space_generation_hardware_cost_gbp_per_w_dc,Space-generation hardware cost,GBP/W-DC,3.218,194.9215506052971
space_generation_hardware_cost_gbp_per_w_dc,Space-generation hardware cost,GBP/W-DC,3.2675,196.83430607797627
space_generation_hardware_cost_gbp_per_w_dc,Space-generation hardware cost,GBP/W-DC,3.317,198.74706155065542
space_generation_hardware_cost_gbp_per_w_dc,Space-generation hardware cost,GBP/W-DC,3.3665,200.6598170233346
space_generation_hardware_cost_gbp_per_w_dc,Space-generation hardware cost,GBP/W-DC,3.416,202.5725724960137
space_generation_hardware_cost_gbp_per_w_dc,Space-generation hardware cost,GBP/W-DC,3.4655,204.48532796869284
space_generation_hardware_cost_gbp_per_w_dc,Space-generation hardware cost,GBP/W-DC,3.515,206.39808344137194
space_generation_hardware_cost_gbp_per_w_dc,Space-generation hardware cost,GBP/W-DC,3.5645,208.31083891405112
space_generation_hardware_cost_gbp_per_w_dc,Space-generation hardware cost,GBP/W-DC,3.614,210.22359438673024
space_generation_hardware_cost_gbp_per_w_dc,Space-generation hardware cost,GBP/W-DC,3.6635,212.1363498594094
space_generation_hardware_cost_gbp_per_w_dc,Space-generation hardware cost,GBP/W-DC,3.713,214.04910533208854
space_generation_hardware_cost_gbp_per_w_dc,Space-generation hardware cost,GBP/W-DC,3.7625,215.96186080476767
space_generation_hardware_cost_gbp_per_w_dc,Space-generation hardware cost,GBP/W-DC,3.812,217.87461627744682
space_generation_hardware_cost_gbp_per_w_dc,Space-generation hardware cost,GBP/W-DC,3.8615,219.78737175012597
space_generation_hardware_cost_gbp_per_w_dc,Space-generation hardware cost,GBP/W-DC,3.911,221.70012722280512
space_generation_hardware_cost_gbp_per_w_dc,Space-generation hardware cost,GBP/W-DC,3.9605,223.61288269548422
space_generation_hardware_cost_gbp_per_w_dc,Space-generation hardware cost,GBP/W-DC,4.01,225.52563816816337
space_generation_hardware_cost_gbp_per_w_dc,Space-generation hardware cost,GBP/W-DC,4.0595,227.43839364084252
space_generation_hardware_cost_gbp_per_w_dc,Space-generation hardware cost,GBP/W-DC,4.109,229.35114911352164
space_generation_hardware_cost_gbp_per_w_dc,Space-generation hardware cost,GBP/W-DC,4.1585,231.26390458620082
space_generation_hardware_cost_gbp_per_w_dc,Space-generation hardware cost,GBP/W-DC,4.208,233.17666005887995
space_generation_hardware_cost_gbp_per_w_dc,Space-generation hardware cost,GBP/W-DC,4.2575,235.08941553155913
space_generation_hardware_cost_gbp_per_w_dc,Space-generation hardware cost,GBP/W-DC,4.307,237.00217100423825
space_generation_hardware_cost_gbp_per_w_dc,Space-generation hardware cost,GBP/W-DC,4.3565,238.91492647691734
space_generation_hardware_cost_gbp_per_w_dc,Space-generation hardware cost,GBP/W-DC,4.406,240.82768194959652
space_generation_hardware_cost_gbp_per_w_dc,Space-generation hardware cost,GBP/W-DC,4.4555,242.74043742227565
space_generation_hardware_cost_gbp_per_w_dc,Space-generation hardware cost,GBP/W-DC,4.505,244.65319289495477
space_generation_hardware_cost_gbp_per_w_dc,Space-generation hardware cost,GBP/W-DC,4.5545,246.56594836763392
space_generation_hardware_cost_gbp_per_w_dc,Space-generation hardware cost,GBP/W-DC,4.604,248.4787038403131
space_generation_hardware_cost_gbp_per_w_dc,Space-generation hardware cost,GBP/W-DC,4.6535,250.39145931299223
space_generation_hardware_cost_gbp_per_w_dc,Space-generation hardware cost,GBP/W-DC,4.703,252.30421478567135
space_generation_hardware_cost_gbp_per_w_dc,Space-generation hardware cost,GBP/W-DC,4.7525,254.21697025835053
space_generation_hardware_cost_gbp_per_w_dc,Space-generation hardware cost,GBP/W-DC,4.8020000000000005,256.1297257310297
space_generation_hardware_cost_gbp_per_w_dc,Space-generation hardware cost,GBP/W-DC,4.8515,258.0424812037088
space_generation_hardware_cost_gbp_per_w_dc,Space-generation hardware cost,GBP/W-DC,4.901,259.9552366763879
space_generation_hardware_cost_gbp_per_w_dc,Space-generation hardware cost,GBP/W-DC,4.9505,261.86799214906705
space_generation_hardware_cost_gbp_per_w_dc,Space-generation hardware cost,GBP/W-DC,5.0,263.7807476217462
transmitter_cost_gbp_per_w_rf_emitted,RF transmitter hardware cost,GBP/W-RF emitted,0.02,83.86580861580521
transmitter_cost_gbp_per_w_rf_emitted,RF transmitter hardware cost,GBP/W-RF emitted,0.0298,84.13088947525124
transmitter_cost_gbp_per_w_rf_emitted,RF transmitter hardware cost,GBP/W-RF emitted,0.039599999999999996,84.39597033469728
transmitter_cost_gbp_per_w_rf_emitted,RF transmitter hardware cost,GBP/W-RF emitted,0.0494,84.66105119414331
transmitter_cost_gbp_per_w_rf_emitted,RF transmitter hardware cost,GBP/W-RF emitted,0.0592,84.92613205358936
transmitter_cost_gbp_per_w_rf_emitted,RF transmitter hardware cost,GBP/W-RF emitted,0.069,85.19121291303539
transmitter_cost_gbp_per_w_rf_emitted,RF transmitter hardware cost,GBP/W-RF emitted,0.0788,85.45629377248142
transmitter_cost_gbp_per_w_rf_emitted,RF transmitter hardware cost,GBP/W-RF emitted,0.0886,85.72137463192747
transmitter_cost_gbp_per_w_rf_emitted,RF transmitter hardware cost,GBP/W-RF emitted,0.0984,85.98645549137349
transmitter_cost_gbp_per_w_rf_emitted,RF transmitter hardware cost,GBP/W-RF emitted,0.1082,86.25153635081955
transmitter_cost_gbp_per_w_rf_emitted,RF transmitter hardware cost,GBP/W-RF emitted,0.11800000000000001,86.51661721026557
transmitter_cost_gbp_per_w_rf_emitted,RF transmitter hardware cost,GBP/W-RF emitted,0.1278,86.78169806971162
transmitter_cost_gbp_per_w_rf_emitted,RF transmitter hardware cost,GBP/W-RF emitted,0.1376,87.04677892915764
transmitter_cost_gbp_per_w_rf_emitted,RF transmitter hardware cost,GBP/W-RF emitted,0.14739999999999998,87.3118597886037
transmitter_cost_gbp_per_w_rf_emitted,RF transmitter hardware cost,GBP/W-RF emitted,0.15719999999999998,87.57694064804974
transmitter_cost_gbp_per_w_rf_emitted,RF transmitter hardware cost,GBP/W-RF emitted,0.16699999999999998,87.84202150749577
transmitter_cost_gbp_per_w_rf_emitted,RF transmitter hardware cost,GBP/W-RF emitted,0.17679999999999998,88.10710236694182
transmitter_cost_gbp_per_w_rf_emitted,RF transmitter hardware cost,GBP/W-RF emitted,0.1866,88.37218322638785
transmitter_cost_gbp_per_w_rf_emitted,RF transmitter hardware cost,GBP/W-RF emitted,0.1964,88.6372640858339
transmitter_cost_gbp_per_w_rf_emitted,RF transmitter hardware cost,GBP/W-RF emitted,0.2062,88.90234494527994
transmitter_cost_gbp_per_w_rf_emitted,RF transmitter hardware cost,GBP/W-RF emitted,0.216,89.16742580472598
transmitter_cost_gbp_per_w_rf_emitted,RF transmitter hardware cost,GBP/W-RF emitted,0.22579999999999997,89.432506664172
transmitter_cost_gbp_per_w_rf_emitted,RF transmitter hardware cost,GBP/W-RF emitted,0.23559999999999998,89.69758752361804
transmitter_cost_gbp_per_w_rf_emitted,RF transmitter hardware cost,GBP/W-RF emitted,0.24539999999999998,89.96266838306408
transmitter_cost_gbp_per_w_rf_emitted,RF transmitter hardware cost,GBP/W-RF emitted,0.2552,90.22774924251011
transmitter_cost_gbp_per_w_rf_emitted,RF transmitter hardware cost,GBP/W-RF emitted,0.265,90.49283010195616
transmitter_cost_gbp_per_w_rf_emitted,RF transmitter hardware cost,GBP/W-RF emitted,0.2748,90.75791096140219
transmitter_cost_gbp_per_w_rf_emitted,RF transmitter hardware cost,GBP/W-RF emitted,0.2846,91.02299182084823
transmitter_cost_gbp_per_w_rf_emitted,RF transmitter hardware cost,GBP/W-RF emitted,0.2944,91.28807268029428
transmitter_cost_gbp_per_w_rf_emitted,RF transmitter hardware cost,GBP/W-RF emitted,0.3042,91.55315353974031
transmitter_cost_gbp_per_w_rf_emitted,RF transmitter hardware cost,GBP/W-RF emitted,0.314,91.81823439918637
transmitter_cost_gbp_per_w_rf_emitted,RF transmitter hardware cost,GBP/W-RF emitted,0.32380000000000003,92.0833152586324
transmitter_cost_gbp_per_w_rf_emitted,RF transmitter hardware cost,GBP/W-RF emitted,0.3336,92.34839611807845
transmitter_cost_gbp_per_w_rf_emitted,RF transmitter hardware cost,GBP/W-RF emitted,0.3434,92.61347697752448
transmitter_cost_gbp_per_w_rf_emitted,RF transmitter hardware cost,GBP/W-RF emitted,0.3532,92.87855783697053
transmitter_cost_gbp_per_w_rf_emitted,RF transmitter hardware cost,GBP/W-RF emitted,0.363,93.14363869641652
transmitter_cost_gbp_per_w_rf_emitted,RF transmitter hardware cost,GBP/W-RF emitted,0.3728,93.40871955586258
transmitter_cost_gbp_per_w_rf_emitted,RF transmitter hardware cost,GBP/W-RF emitted,0.3826,93.67380041530862
transmitter_cost_gbp_per_w_rf_emitted,RF transmitter hardware cost,GBP/W-RF emitted,0.3924,93.93888127475466
transmitter_cost_gbp_per_w_rf_emitted,RF transmitter hardware cost,GBP/W-RF emitted,0.4022,94.2039621342007
transmitter_cost_gbp_per_w_rf_emitted,RF transmitter hardware cost,GBP/W-RF emitted,0.41200000000000003,94.46904299364674
transmitter_cost_gbp_per_w_rf_emitted,RF transmitter hardware cost,GBP/W-RF emitted,0.4218,94.73412385309278
transmitter_cost_gbp_per_w_rf_emitted,RF transmitter hardware cost,GBP/W-RF emitted,0.4316,94.99920471253881
transmitter_cost_gbp_per_w_rf_emitted,RF transmitter hardware cost,GBP/W-RF emitted,0.4414,95.26428557198486
transmitter_cost_gbp_per_w_rf_emitted,RF transmitter hardware cost,GBP/W-RF emitted,0.4512,95.5293664314309
transmitter_cost_gbp_per_w_rf_emitted,RF transmitter hardware cost,GBP/W-RF emitted,0.461,95.79444729087693
transmitter_cost_gbp_per_w_rf_emitted,RF transmitter hardware cost,GBP/W-RF emitted,0.4708,96.05952815032298
transmitter_cost_gbp_per_w_rf_emitted,RF transmitter hardware cost,GBP/W-RF emitted,0.4806,96.32460900976899
transmitter_cost_gbp_per_w_rf_emitted,RF transmitter hardware cost,GBP/W-RF emitted,0.4904,96.58968986921504
transmitter_cost_gbp_per_w_rf_emitted,RF transmitter hardware cost,GBP/W-RF emitted,0.5002,96.85477072866107
transmitter_cost_gbp_per_w_rf_emitted,RF transmitter hardware cost,GBP/W-RF emitted,0.51,97.11985158810711
transmitter_cost_gbp_per_w_rf_emitted,RF transmitter hardware cost,GBP/W-RF emitted,0.5197999999999999,97.38493244755314
transmitter_cost_gbp_per_w_rf_emitted,RF transmitter hardware cost,GBP/W-RF emitted,0.5296,97.65001330699918
transmitter_cost_gbp_per_w_rf_emitted,RF transmitter hardware cost,GBP/W-RF emitted,0.5394,97.91509416644524
transmitter_cost_gbp_per_w_rf_emitted,RF transmitter hardware cost,GBP/W-RF emitted,0.5492,98.18017502589126
transmitter_cost_gbp_per_w_rf_emitted,RF transmitter hardware cost,GBP/W-RF emitted,0.559,98.44525588533732
transmitter_cost_gbp_per_w_rf_emitted,RF transmitter hardware cost,GBP/W-RF emitted,0.5688,98.71033674478335
transmitter_cost_gbp_per_w_rf_emitted,RF transmitter hardware cost,GBP/W-RF emitted,0.5786,98.97541760422939
transmitter_cost_gbp_per_w_rf_emitted,RF transmitter hardware cost,GBP/W-RF emitted,0.5884,99.24049846367544
transmitter_cost_gbp_per_w_rf_emitted,RF transmitter hardware cost,GBP/W-RF emitted,0.5982,99.50557932312148
transmitter_cost_gbp_per_w_rf_emitted,RF transmitter hardware cost,GBP/W-RF emitted,0.608,99.77066018256751
transmitter_cost_gbp_per_w_rf_emitted,RF transmitter hardware cost,GBP/W-RF emitted,0.6178,100.03574104201354
transmitter_cost_gbp_per_w_rf_emitted,RF transmitter hardware cost,GBP/W-RF emitted,0.6276,100.30082190145959
transmitter_cost_gbp_per_w_rf_emitted,RF transmitter hardware cost,GBP/W-RF emitted,0.6374,100.56590276090562
transmitter_cost_gbp_per_w_rf_emitted,RF transmitter hardware cost,GBP/W-RF emitted,0.6472,100.83098362035166
transmitter_cost_gbp_per_w_rf_emitted,RF transmitter hardware cost,GBP/W-RF emitted,0.657,101.0960644797977
transmitter_cost_gbp_per_w_rf_emitted,RF transmitter hardware cost,GBP/W-RF emitted,0.6668,101.36114533924372
transmitter_cost_gbp_per_w_rf_emitted,RF transmitter hardware cost,GBP/W-RF emitted,0.6766,101.62622619868978
transmitter_cost_gbp_per_w_rf_emitted,RF transmitter hardware cost,GBP/W-RF emitted,0.6864,101.89130705813581
transmitter_cost_gbp_per_w_rf_emitted,RF transmitter hardware cost,GBP/W-RF emitted,0.6962,102.15638791758187
transmitter_cost_gbp_per_w_rf_emitted,RF transmitter hardware cost,GBP/W-RF emitted,0.706,102.4214687770279
transmitter_cost_gbp_per_w_rf_emitted,RF transmitter hardware cost,GBP/W-RF emitted,0.7158,102.68654963647394
transmitter_cost_gbp_per_w_rf_emitted,RF transmitter hardware cost,GBP/W-RF emitted,0.7256,102.95163049591999
transmitter_cost_gbp_per_w_rf_emitted,RF transmitter hardware cost,GBP/W-RF emitted,0.7353999999999999,103.21671135536602
transmitter_cost_gbp_per_w_rf_emitted,RF transmitter hardware cost,GBP/W-RF emitted,0.7452,103.48179221481205
transmitter_cost_gbp_per_w_rf_emitted,RF transmitter hardware cost,GBP/W-RF emitted,0.755,103.74687307425808
transmitter_cost_gbp_per_w_rf_emitted,RF transmitter hardware cost,GBP/W-RF emitted,0.7648,104.01195393370412
transmitter_cost_gbp_per_w_rf_emitted,RF transmitter hardware cost,GBP/W-RF emitted,0.7746,104.27703479315016
transmitter_cost_gbp_per_w_rf_emitted,RF transmitter hardware cost,GBP/W-RF emitted,0.7844,104.5421156525962
transmitter_cost_gbp_per_w_rf_emitted,RF transmitter hardware cost,GBP/W-RF emitted,0.7942,104.80719651204224
transmitter_cost_gbp_per_w_rf_emitted,RF transmitter hardware cost,GBP/W-RF emitted,0.804,105.07227737148828
transmitter_cost_gbp_per_w_rf_emitted,RF transmitter hardware cost,GBP/W-RF emitted,0.8138,105.33735823093431
transmitter_cost_gbp_per_w_rf_emitted,RF transmitter hardware cost,GBP/W-RF emitted,0.8236,105.60243909038034
transmitter_cost_gbp_per_w_rf_emitted,RF transmitter hardware cost,GBP/W-RF emitted,0.8334,105.86751994982639
transmitter_cost_gbp_per_w_rf_emitted,RF transmitter hardware cost,GBP/W-RF emitted,0.8432,106.13260080927242
transmitter_cost_gbp_per_w_rf_emitted,RF transmitter hardware cost,GBP/W-RF emitted,0.853,106.39768166871846
transmitter_cost_gbp_per_w_rf_emitted,RF transmitter hardware cost,GBP/W-RF emitted,0.8628,106.66276252816449
transmitter_cost_gbp_per_w_rf_emitted,RF transmitter hardware cost,GBP/W-RF emitted,0.8726,106.92784338761055
transmitter_cost_gbp_per_w_rf_emitted,RF transmitter hardware cost,GBP/W-RF emitted,0.8824,107.19292424705657
transmitter_cost_gbp_per_w_rf_emitted,RF transmitter hardware cost,GBP/W-RF emitted,0.8922,107.45800510650261
transmitter_cost_gbp_per_w_rf_emitted,RF transmitter hardware cost,GBP/W-RF emitted,0.902,107.72308596594867
transmitter_cost_gbp_per_w_rf_emitted,RF transmitter hardware cost,GBP/W-RF emitted,0.9117999999999999,107.9881668253947
transmitter_cost_gbp_per_w_rf_emitted,RF transmitter hardware cost,GBP/W-RF emitted,0.9216,108.25324768484074
transmitter_cost_gbp_per_w_rf_emitted,RF transmitter hardware cost,GBP/W-RF emitted,0.9314,108.51832854428677
transmitter_cost_gbp_per_w_rf_emitted,RF transmitter hardware cost,GBP/W-RF emitted,0.9412,108.78340940373283
transmitter_cost_gbp_per_w_rf_emitted,RF transmitter hardware cost,GBP/W-RF emitted,0.951,109.04849026317883
transmitter_cost_gbp_per_w_rf_emitted,RF transmitter hardware cost,GBP/W-RF emitted,0.9608,109.3135711226249
transmitter_cost_gbp_per_w_rf_emitted,RF transmitter hardware cost,GBP/W-RF emitted,0.9706,109.57865198207092
transmitter_cost_gbp_per_w_rf_emitted,RF transmitter hardware cost,GBP/W-RF emitted,0.9803999999999999,109.84373284151698
transmitter_cost_gbp_per_w_rf_emitted,RF transmitter hardware cost,GBP/W-RF emitted,0.9902,110.10881370096301
transmitter_cost_gbp_per_w_rf_emitted,RF transmitter hardware cost,GBP/W-RF emitted,1.0,110.37389456040904
launch_cost_gbp_per_kg_to_staging_orbit,Launch service cost to staging orbit,GBP/kg to staging orbit,20.0,49.52998367485024
launch_cost_gbp_per_kg_to_staging_orbit,Launch service cost to staging orbit,GBP/kg to staging orbit,69.8,53.316832770984746
launch_cost_gbp_per_kg_to_staging_orbit,Launch service cost to staging orbit,GBP/kg to staging orbit,119.6,57.103681867119235
launch_cost_gbp_per_kg_to_staging_orbit,Launch service cost to staging orbit,GBP/kg to staging orbit,169.39999999999998,60.890530963253745
launch_cost_gbp_per_kg_to_staging_orbit,Launch service cost to staging orbit,GBP/kg to staging orbit,219.2,64.67738005938824
launch_cost_gbp_per_kg_to_staging_orbit,Launch service cost to staging orbit,GBP/kg to staging orbit,269.0,68.46422915552272
launch_cost_gbp_per_kg_to_staging_orbit,Launch service cost to staging orbit,GBP/kg to staging orbit,318.79999999999995,72.25107825165722
launch_cost_gbp_per_kg_to_staging_orbit,Launch service cost to staging orbit,GBP/kg to staging orbit,368.59999999999997,76.03792734779172
launch_cost_gbp_per_kg_to_staging_orbit,Launch service cost to staging orbit,GBP/kg to staging orbit,418.4,79.82477644392623
launch_cost_gbp_per_kg_to_staging_orbit,Launch service cost to staging orbit,GBP/kg to staging orbit,468.2,83.61162554006071
launch_cost_gbp_per_kg_to_staging_orbit,Launch service cost to staging orbit,GBP/kg to staging orbit,518.0,87.39847463619522
launch_cost_gbp_per_kg_to_staging_orbit,Launch service cost to staging orbit,GBP/kg to staging orbit,567.8,91.18532373232969
launch_cost_gbp_per_kg_to_staging_orbit,Launch service cost to staging orbit,GBP/kg to staging orbit,617.5999999999999,94.97217282846421
launch_cost_gbp_per_kg_to_staging_orbit,Launch service cost to staging orbit,GBP/kg to staging orbit,667.4,98.75902192459871
launch_cost_gbp_per_kg_to_staging_orbit,Launch service cost to staging orbit,GBP/kg to staging orbit,717.1999999999999,102.54587102073322
launch_cost_gbp_per_kg_to_staging_orbit,Launch service cost to staging orbit,GBP/kg to staging orbit,767.0,106.33272011686769
launch_cost_gbp_per_kg_to_staging_orbit,Launch service cost to staging orbit,GBP/kg to staging orbit,816.8,110.11956921300218
launch_cost_gbp_per_kg_to_staging_orbit,Launch service cost to staging orbit,GBP/kg to staging orbit,866.5999999999999,113.9064183091367
launch_cost_gbp_per_kg_to_staging_orbit,Launch service cost to staging orbit,GBP/kg to staging orbit,916.4,117.69326740527117
launch_cost_gbp_per_kg_to_staging_orbit,Launch service cost to staging orbit,GBP/kg to staging orbit,966.1999999999999,121.48011650140569
launch_cost_gbp_per_kg_to_staging_orbit,Launch service cost to staging orbit,GBP/kg to staging orbit,1016.0,125.26696559754016
launch_cost_gbp_per_kg_to_staging_orbit,Launch service cost to staging orbit,GBP/kg to staging orbit,1065.8,129.05381469367467
launch_cost_gbp_per_kg_to_staging_orbit,Launch service cost to staging orbit,GBP/kg to staging orbit,1115.6,132.84066378980918
launch_cost_gbp_per_kg_to_staging_orbit,Launch service cost to staging orbit,GBP/kg to staging orbit,1165.3999999999999,136.62751288594367
launch_cost_gbp_per_kg_to_staging_orbit,Launch service cost to staging orbit,GBP/kg to staging orbit,1215.1999999999998,140.41436198207816
launch_cost_gbp_per_kg_to_staging_orbit,Launch service cost to staging orbit,GBP/kg to staging orbit,1265.0,144.20121107821265
launch_cost_gbp_per_kg_to_staging_orbit,Launch service cost to staging orbit,GBP/kg to staging orbit,1314.8,147.98806017434717
launch_cost_gbp_per_kg_to_staging_orbit,Launch service cost to staging orbit,GBP/kg to staging orbit,1364.6,151.77490927048166
launch_cost_gbp_per_kg_to_staging_orbit,Launch service cost to staging orbit,GBP/kg to staging orbit,1414.3999999999999,155.56175836661615
launch_cost_gbp_per_kg_to_staging_orbit,Launch service cost to staging orbit,GBP/kg to staging orbit,1464.1999999999998,159.3486074627506
launch_cost_gbp_per_kg_to_staging_orbit,Launch service cost to staging orbit,GBP/kg to staging orbit,1514.0,163.13545655888512
launch_cost_gbp_per_kg_to_staging_orbit,Launch service cost to staging orbit,GBP/kg to staging orbit,1563.8,166.92230565501967
launch_cost_gbp_per_kg_to_staging_orbit,Launch service cost to staging orbit,GBP/kg to staging orbit,1613.6,170.70915475115413
launch_cost_gbp_per_kg_to_staging_orbit,Launch service cost to staging orbit,GBP/kg to staging orbit,1663.3999999999999,174.49600384728865
launch_cost_gbp_per_kg_to_staging_orbit,Launch service cost to staging orbit,GBP/kg to staging orbit,1713.1999999999998,178.28285294342314
launch_cost_gbp_per_kg_to_staging_orbit,Launch service cost to staging orbit,GBP/kg to staging orbit,1763.0,182.06970203955763
launch_cost_gbp_per_kg_to_staging_orbit,Launch service cost to staging orbit,GBP/kg to staging orbit,1812.8,185.85655113569211
launch_cost_gbp_per_kg_to_staging_orbit,Launch service cost to staging orbit,GBP/kg to staging orbit,1862.6,189.64340023182663
launch_cost_gbp_per_kg_to_staging_orbit,Launch service cost to staging orbit,GBP/kg to staging orbit,1912.3999999999999,193.4302493279611
launch_cost_gbp_per_kg_to_staging_orbit,Launch service cost to staging orbit,GBP/kg to staging orbit,1962.1999999999998,197.2170984240956
launch_cost_gbp_per_kg_to_staging_orbit,Launch service cost to staging orbit,GBP/kg to staging orbit,2012.0,201.0039475202301
launch_cost_gbp_per_kg_to_staging_orbit,Launch service cost to staging orbit,GBP/kg to staging orbit,2061.8,204.79079661636462
launch_cost_gbp_per_kg_to_staging_orbit,Launch service cost to staging orbit,GBP/kg to staging orbit,2111.6,208.57764571249908
launch_cost_gbp_per_kg_to_staging_orbit,Launch service cost to staging orbit,GBP/kg to staging orbit,2161.4,212.3644948086336
launch_cost_gbp_per_kg_to_staging_orbit,Launch service cost to staging orbit,GBP/kg to staging orbit,2211.2,216.1513439047681
launch_cost_gbp_per_kg_to_staging_orbit,Launch service cost to staging orbit,GBP/kg to staging orbit,2261.0,219.9381930009026
launch_cost_gbp_per_kg_to_staging_orbit,Launch service cost to staging orbit,GBP/kg to staging orbit,2310.7999999999997,223.72504209703703
launch_cost_gbp_per_kg_to_staging_orbit,Launch service cost to staging orbit,GBP/kg to staging orbit,2360.6,227.5118911931716
launch_cost_gbp_per_kg_to_staging_orbit,Launch service cost to staging orbit,GBP/kg to staging orbit,2410.3999999999996,231.2987402893061
launch_cost_gbp_per_kg_to_staging_orbit,Launch service cost to staging orbit,GBP/kg to staging orbit,2460.2,235.0855893854406
launch_cost_gbp_per_kg_to_staging_orbit,Launch service cost to staging orbit,GBP/kg to staging orbit,2510.0,238.87243848157507
launch_cost_gbp_per_kg_to_staging_orbit,Launch service cost to staging orbit,GBP/kg to staging orbit,2559.7999999999997,242.65928757770956
launch_cost_gbp_per_kg_to_staging_orbit,Launch service cost to staging orbit,GBP/kg to staging orbit,2609.6,246.44613667384408
launch_cost_gbp_per_kg_to_staging_orbit,Launch service cost to staging orbit,GBP/kg to staging orbit,2659.3999999999996,250.23298576997854
launch_cost_gbp_per_kg_to_staging_orbit,Launch service cost to staging orbit,GBP/kg to staging orbit,2709.2,254.01983486611306
launch_cost_gbp_per_kg_to_staging_orbit,Launch service cost to staging orbit,GBP/kg to staging orbit,2759.0,257.8066839622476
launch_cost_gbp_per_kg_to_staging_orbit,Launch service cost to staging orbit,GBP/kg to staging orbit,2808.7999999999997,261.593533058382
launch_cost_gbp_per_kg_to_staging_orbit,Launch service cost to staging orbit,GBP/kg to staging orbit,2858.6,265.38038215451655
launch_cost_gbp_per_kg_to_staging_orbit,Launch service cost to staging orbit,GBP/kg to staging orbit,2908.3999999999996,269.167231250651
launch_cost_gbp_per_kg_to_staging_orbit,Launch service cost to staging orbit,GBP/kg to staging orbit,2958.2,272.9540803467856
launch_cost_gbp_per_kg_to_staging_orbit,Launch service cost to staging orbit,GBP/kg to staging orbit,3008.0,276.7409294429201
launch_cost_gbp_per_kg_to_staging_orbit,Launch service cost to staging orbit,GBP/kg to staging orbit,3057.7999999999997,280.52777853905457
launch_cost_gbp_per_kg_to_staging_orbit,Launch service cost to staging orbit,GBP/kg to staging orbit,3107.6,284.3146276351891
launch_cost_gbp_per_kg_to_staging_orbit,Launch service cost to staging orbit,GBP/kg to staging orbit,3157.3999999999996,288.1014767313235
launch_cost_gbp_per_kg_to_staging_orbit,Launch service cost to staging orbit,GBP/kg to staging orbit,3207.2,291.88832582745806
launch_cost_gbp_per_kg_to_staging_orbit,Launch service cost to staging orbit,GBP/kg to staging orbit,3257.0,295.6751749235925
launch_cost_gbp_per_kg_to_staging_orbit,Launch service cost to staging orbit,GBP/kg to staging orbit,3306.7999999999997,299.46202401972704
launch_cost_gbp_per_kg_to_staging_orbit,Launch service cost to staging orbit,GBP/kg to staging orbit,3356.6,303.24887311586156
launch_cost_gbp_per_kg_to_staging_orbit,Launch service cost to staging orbit,GBP/kg to staging orbit,3406.3999999999996,307.03572221199596
launch_cost_gbp_per_kg_to_staging_orbit,Launch service cost to staging orbit,GBP/kg to staging orbit,3456.2,310.82257130813053
launch_cost_gbp_per_kg_to_staging_orbit,Launch service cost to staging orbit,GBP/kg to staging orbit,3506.0,314.609420404265
launch_cost_gbp_per_kg_to_staging_orbit,Launch service cost to staging orbit,GBP/kg to staging orbit,3555.7999999999997,318.3962695003995
launch_cost_gbp_per_kg_to_staging_orbit,Launch service cost to staging orbit,GBP/kg to staging orbit,3605.6,322.183118596534
launch_cost_gbp_per_kg_to_staging_orbit,Launch service cost to staging orbit,GBP/kg to staging orbit,3655.3999999999996,325.9699676926685
launch_cost_gbp_per_kg_to_staging_orbit,Launch service cost to staging orbit,GBP/kg to staging orbit,3705.2,329.75681678880295
launch_cost_gbp_per_kg_to_staging_orbit,Launch service cost to staging orbit,GBP/kg to staging orbit,3755.0,333.5436658849375
launch_cost_gbp_per_kg_to_staging_orbit,Launch service cost to staging orbit,GBP/kg to staging orbit,3804.7999999999997,337.330514981072
launch_cost_gbp_per_kg_to_staging_orbit,Launch service cost to staging orbit,GBP/kg to staging orbit,3854.6,341.1173640772065
launch_cost_gbp_per_kg_to_staging_orbit,Launch service cost to staging orbit,GBP/kg to staging orbit,3904.3999999999996,344.904213173341
launch_cost_gbp_per_kg_to_staging_orbit,Launch service cost to staging orbit,GBP/kg to staging orbit,3954.2,348.69106226947554
launch_cost_gbp_per_kg_to_staging_orbit,Launch service cost to staging orbit,GBP/kg to staging orbit,4004.0,352.47791136561
launch_cost_gbp_per_kg_to_staging_orbit,Launch service cost to staging orbit,GBP/kg to staging orbit,4053.7999999999997,356.2647604617445
launch_cost_gbp_per_kg_to_staging_orbit,Launch service cost to staging orbit,GBP/kg to staging orbit,4103.6,360.05160955787903
launch_cost_gbp_per_kg_to_staging_orbit,Launch service cost to staging orbit,GBP/kg to staging orbit,4153.4,363.8384586540135
launch_cost_gbp_per_kg_to_staging_orbit,Launch service cost to staging orbit,GBP/kg to staging orbit,4203.2,367.625307750148
launch_cost_gbp_per_kg_to_staging_orbit,Launch service cost to staging orbit,GBP/kg to staging orbit,4253.0,371.41215684628247
launch_cost_gbp_per_kg_to_staging_orbit,Launch service cost to staging orbit,GBP/kg to staging orbit,4302.8,375.199005942417
launch_cost_gbp_per_kg_to_staging_orbit,Launch service cost to staging orbit,GBP/kg to staging orbit,4352.599999999999,378.9858550385514
launch_cost_gbp_per_kg_to_staging_orbit,Launch service cost to staging orbit,GBP/kg to staging orbit,4402.4,382.77270413468597
launch_cost_gbp_per_kg_to_staging_orbit,Launch service cost to staging orbit,GBP/kg to staging orbit,4452.2,386.5595532308205
launch_cost_gbp_per_kg_to_staging_orbit,Launch service cost to staging orbit,GBP/kg to staging orbit,4502.0,390.34640232695494
launch_cost_gbp_per_kg_to_staging_orbit,Launch service cost to staging orbit,GBP/kg to staging orbit,4551.8,394.1332514230894
launch_cost_gbp_per_kg_to_staging_orbit,Launch service cost to staging orbit,GBP/kg to staging orbit,4601.599999999999,397.9201005192239
launch_cost_gbp_per_kg_to_staging_orbit,Launch service cost to staging orbit,GBP/kg to staging orbit,4651.4,401.7069496153585
launch_cost_gbp_per_kg_to_staging_orbit,Launch service cost to staging orbit,GBP/kg to staging orbit,4701.2,405.49379871149296
launch_cost_gbp_per_kg_to_staging_orbit,Launch service cost to staging orbit,GBP/kg to staging orbit,4751.0,409.2806478076275
launch_cost_gbp_per_kg_to_staging_orbit,Launch service cost to staging orbit,GBP/kg to staging orbit,4800.799999999999,413.0674969037619
launch_cost_gbp_per_kg_to_staging_orbit,Launch service cost to staging orbit,GBP/kg to staging orbit,4850.599999999999,416.8543459998964
launch_cost_gbp_per_kg_to_staging_orbit,Launch service cost to staging orbit,GBP/kg to staging orbit,4900.4,420.6411950960309
launch_cost_gbp_per_kg_to_staging_orbit,Launch service cost to staging orbit,GBP/kg to staging orbit,4950.2,424.4280441921654
launch_cost_gbp_per_kg_to_staging_orbit,Launch service cost to staging orbit,GBP/kg to staging orbit,5000.0,428.21489328829995
orbit_transfer_cost_gbp_per_kg_final_hardware,Staging-to-operational-orbit transfer cost,GBP/kg final hardware,0.0,78.42561934816568
orbit_transfer_cost_gbp_per_kg_final_hardware,Staging-to-operational-orbit transfer cost,GBP/kg final hardware,30.0,80.70685374342742
orbit_transfer_cost_gbp_per_kg_final_hardware,Staging-to-operational-orbit transfer cost,GBP/kg final hardware,60.0,82.98808813868916
orbit_transfer_cost_gbp_per_kg_final_hardware,Staging-to-operational-orbit transfer cost,GBP/kg final hardware,90.0,85.26932253395093
orbit_transfer_cost_gbp_per_kg_final_hardware,Staging-to-operational-orbit transfer cost,GBP/kg final hardware,120.0,87.55055692921266
orbit_transfer_cost_gbp_per_kg_final_hardware,Staging-to-operational-orbit transfer cost,GBP/kg final hardware,150.0,89.83179132447441
orbit_transfer_cost_gbp_per_kg_final_hardware,Staging-to-operational-orbit transfer cost,GBP/kg final hardware,180.0,92.11302571973614
orbit_transfer_cost_gbp_per_kg_final_hardware,Staging-to-operational-orbit transfer cost,GBP/kg final hardware,210.0,94.3942601149979
orbit_transfer_cost_gbp_per_kg_final_hardware,Staging-to-operational-orbit transfer cost,GBP/kg final hardware,240.0,96.67549451025964
orbit_transfer_cost_gbp_per_kg_final_hardware,Staging-to-operational-orbit transfer cost,GBP/kg final hardware,270.0,98.9567289055214
orbit_transfer_cost_gbp_per_kg_final_hardware,Staging-to-operational-orbit transfer cost,GBP/kg final hardware,300.0,101.23796330078314
orbit_transfer_cost_gbp_per_kg_final_hardware,Staging-to-operational-orbit transfer cost,GBP/kg final hardware,330.0,103.51919769604488
orbit_transfer_cost_gbp_per_kg_final_hardware,Staging-to-operational-orbit transfer cost,GBP/kg final hardware,360.0,105.80043209130662
orbit_transfer_cost_gbp_per_kg_final_hardware,Staging-to-operational-orbit transfer cost,GBP/kg final hardware,390.0,108.08166648656837
orbit_transfer_cost_gbp_per_kg_final_hardware,Staging-to-operational-orbit transfer cost,GBP/kg final hardware,420.0,110.36290088183011
orbit_transfer_cost_gbp_per_kg_final_hardware,Staging-to-operational-orbit transfer cost,GBP/kg final hardware,450.0,112.64413527709186
orbit_transfer_cost_gbp_per_kg_final_hardware,Staging-to-operational-orbit transfer cost,GBP/kg final hardware,480.0,114.9253696723536
orbit_transfer_cost_gbp_per_kg_final_hardware,Staging-to-operational-orbit transfer cost,GBP/kg final hardware,510.0,117.20660406761534
orbit_transfer_cost_gbp_per_kg_final_hardware,Staging-to-operational-orbit transfer cost,GBP/kg final hardware,540.0,119.4878384628771
orbit_transfer_cost_gbp_per_kg_final_hardware,Staging-to-operational-orbit transfer cost,GBP/kg final hardware,570.0,121.76907285813883
orbit_transfer_cost_gbp_per_kg_final_hardware,Staging-to-operational-orbit transfer cost,GBP/kg final hardware,600.0,124.05030725340058
orbit_transfer_cost_gbp_per_kg_final_hardware,Staging-to-operational-orbit transfer cost,GBP/kg final hardware,630.0,126.33154164866232
orbit_transfer_cost_gbp_per_kg_final_hardware,Staging-to-operational-orbit transfer cost,GBP/kg final hardware,660.0,128.61277604392407
orbit_transfer_cost_gbp_per_kg_final_hardware,Staging-to-operational-orbit transfer cost,GBP/kg final hardware,690.0,130.89401043918585
orbit_transfer_cost_gbp_per_kg_final_hardware,Staging-to-operational-orbit transfer cost,GBP/kg final hardware,720.0,133.17524483444757
orbit_transfer_cost_gbp_per_kg_final_hardware,Staging-to-operational-orbit transfer cost,GBP/kg final hardware,750.0,135.45647922970932
orbit_transfer_cost_gbp_per_kg_final_hardware,Staging-to-operational-orbit transfer cost,GBP/kg final hardware,780.0,137.73771362497106
orbit_transfer_cost_gbp_per_kg_final_hardware,Staging-to-operational-orbit transfer cost,GBP/kg final hardware,810.0,140.01894802023278
orbit_transfer_cost_gbp_per_kg_final_hardware,Staging-to-operational-orbit transfer cost,GBP/kg final hardware,840.0,142.30018241549456
orbit_transfer_cost_gbp_per_kg_final_hardware,Staging-to-operational-orbit transfer cost,GBP/kg final hardware,870.0,144.58141681075628
orbit_transfer_cost_gbp_per_kg_final_hardware,Staging-to-operational-orbit transfer cost,GBP/kg final hardware,900.0,146.86265120601803
orbit_transfer_cost_gbp_per_kg_final_hardware,Staging-to-operational-orbit transfer cost,GBP/kg final hardware,930.0,149.14388560127978
orbit_transfer_cost_gbp_per_kg_final_hardware,Staging-to-operational-orbit transfer cost,GBP/kg final hardware,960.0,151.42511999654153
orbit_transfer_cost_gbp_per_kg_final_hardware,Staging-to-operational-orbit transfer cost,GBP/kg final hardware,990.0,153.70635439180325
orbit_transfer_cost_gbp_per_kg_final_hardware,Staging-to-operational-orbit transfer cost,GBP/kg final hardware,1020.0,155.987588787065
orbit_transfer_cost_gbp_per_kg_final_hardware,Staging-to-operational-orbit transfer cost,GBP/kg final hardware,1050.0,158.26882318232674
orbit_transfer_cost_gbp_per_kg_final_hardware,Staging-to-operational-orbit transfer cost,GBP/kg final hardware,1080.0,160.5500575775885
orbit_transfer_cost_gbp_per_kg_final_hardware,Staging-to-operational-orbit transfer cost,GBP/kg final hardware,1110.0,162.83129197285024
orbit_transfer_cost_gbp_per_kg_final_hardware,Staging-to-operational-orbit transfer cost,GBP/kg final hardware,1140.0,165.112526368112
orbit_transfer_cost_gbp_per_kg_final_hardware,Staging-to-operational-orbit transfer cost,GBP/kg final hardware,1170.0,167.39376076337373
orbit_transfer_cost_gbp_per_kg_final_hardware,Staging-to-operational-orbit transfer cost,GBP/kg final hardware,1200.0,169.67499515863545
orbit_transfer_cost_gbp_per_kg_final_hardware,Staging-to-operational-orbit transfer cost,GBP/kg final hardware,1230.0,171.9562295538972
orbit_transfer_cost_gbp_per_kg_final_hardware,Staging-to-operational-orbit transfer cost,GBP/kg final hardware,1260.0,174.23746394915895
orbit_transfer_cost_gbp_per_kg_final_hardware,Staging-to-operational-orbit transfer cost,GBP/kg final hardware,1290.0,176.5186983444207
orbit_transfer_cost_gbp_per_kg_final_hardware,Staging-to-operational-orbit transfer cost,GBP/kg final hardware,1320.0,178.79993273968245
orbit_transfer_cost_gbp_per_kg_final_hardware,Staging-to-operational-orbit transfer cost,GBP/kg final hardware,1350.0,181.08116713494422
orbit_transfer_cost_gbp_per_kg_final_hardware,Staging-to-operational-orbit transfer cost,GBP/kg final hardware,1380.0,183.36240153020597
orbit_transfer_cost_gbp_per_kg_final_hardware,Staging-to-operational-orbit transfer cost,GBP/kg final hardware,1410.0,185.64363592546766
orbit_transfer_cost_gbp_per_kg_final_hardware,Staging-to-operational-orbit transfer cost,GBP/kg final hardware,1440.0,187.92487032072947
orbit_transfer_cost_gbp_per_kg_final_hardware,Staging-to-operational-orbit transfer cost,GBP/kg final hardware,1470.0,190.2061047159912
orbit_transfer_cost_gbp_per_kg_final_hardware,Staging-to-operational-orbit transfer cost,GBP/kg final hardware,1500.0,192.48733911125294
orbit_transfer_cost_gbp_per_kg_final_hardware,Staging-to-operational-orbit transfer cost,GBP/kg final hardware,1530.0,194.76857350651466
orbit_transfer_cost_gbp_per_kg_final_hardware,Staging-to-operational-orbit transfer cost,GBP/kg final hardware,1560.0,197.0498079017764
orbit_transfer_cost_gbp_per_kg_final_hardware,Staging-to-operational-orbit transfer cost,GBP/kg final hardware,1590.0,199.33104229703818
orbit_transfer_cost_gbp_per_kg_final_hardware,Staging-to-operational-orbit transfer cost,GBP/kg final hardware,1620.0,201.6122766922999
orbit_transfer_cost_gbp_per_kg_final_hardware,Staging-to-operational-orbit transfer cost,GBP/kg final hardware,1650.0,203.89351108756165
orbit_transfer_cost_gbp_per_kg_final_hardware,Staging-to-operational-orbit transfer cost,GBP/kg final hardware,1680.0,206.1747454828234
orbit_transfer_cost_gbp_per_kg_final_hardware,Staging-to-operational-orbit transfer cost,GBP/kg final hardware,1710.0,208.45597987808515
orbit_transfer_cost_gbp_per_kg_final_hardware,Staging-to-operational-orbit transfer cost,GBP/kg final hardware,1740.0,210.7372142733469
orbit_transfer_cost_gbp_per_kg_final_hardware,Staging-to-operational-orbit transfer cost,GBP/kg final hardware,1770.0,213.01844866860864
orbit_transfer_cost_gbp_per_kg_final_hardware,Staging-to-operational-orbit transfer cost,GBP/kg final hardware,1800.0,215.29968306387036
orbit_transfer_cost_gbp_per_kg_final_hardware,Staging-to-operational-orbit transfer cost,GBP/kg final hardware,1830.0,217.5809174591321
orbit_transfer_cost_gbp_per_kg_final_hardware,Staging-to-operational-orbit transfer cost,GBP/kg final hardware,1860.0,219.86215185439383
orbit_transfer_cost_gbp_per_kg_final_hardware,Staging-to-operational-orbit transfer cost,GBP/kg final hardware,1890.0,222.1433862496556
orbit_transfer_cost_gbp_per_kg_final_hardware,Staging-to-operational-orbit transfer cost,GBP/kg final hardware,1920.0,224.42462064491735
orbit_transfer_cost_gbp_per_kg_final_hardware,Staging-to-operational-orbit transfer cost,GBP/kg final hardware,1950.0,226.70585504017913
orbit_transfer_cost_gbp_per_kg_final_hardware,Staging-to-operational-orbit transfer cost,GBP/kg final hardware,1980.0,228.98708943544088
orbit_transfer_cost_gbp_per_kg_final_hardware,Staging-to-operational-orbit transfer cost,GBP/kg final hardware,2010.0,231.26832383070263
orbit_transfer_cost_gbp_per_kg_final_hardware,Staging-to-operational-orbit transfer cost,GBP/kg final hardware,2040.0,233.54955822596435
orbit_transfer_cost_gbp_per_kg_final_hardware,Staging-to-operational-orbit transfer cost,GBP/kg final hardware,2070.0,235.8307926212261
orbit_transfer_cost_gbp_per_kg_final_hardware,Staging-to-operational-orbit transfer cost,GBP/kg final hardware,2100.0,238.11202701648784
orbit_transfer_cost_gbp_per_kg_final_hardware,Staging-to-operational-orbit transfer cost,GBP/kg final hardware,2130.0,240.3932614117496
orbit_transfer_cost_gbp_per_kg_final_hardware,Staging-to-operational-orbit transfer cost,GBP/kg final hardware,2160.0,242.67449580701134
orbit_transfer_cost_gbp_per_kg_final_hardware,Staging-to-operational-orbit transfer cost,GBP/kg final hardware,2190.0,244.9557302022731
orbit_transfer_cost_gbp_per_kg_final_hardware,Staging-to-operational-orbit transfer cost,GBP/kg final hardware,2220.0,247.23696459753484
orbit_transfer_cost_gbp_per_kg_final_hardware,Staging-to-operational-orbit transfer cost,GBP/kg final hardware,2250.0,249.51819899279658
orbit_transfer_cost_gbp_per_kg_final_hardware,Staging-to-operational-orbit transfer cost,GBP/kg final hardware,2280.0,251.7994333880583
orbit_transfer_cost_gbp_per_kg_final_hardware,Staging-to-operational-orbit transfer cost,GBP/kg final hardware,2310.0,254.08066778332005
orbit_transfer_cost_gbp_per_kg_final_hardware,Staging-to-operational-orbit transfer cost,GBP/kg final hardware,2340.0,256.36190217858183
orbit_transfer_cost_gbp_per_kg_final_hardware,Staging-to-operational-orbit transfer cost,GBP/kg final hardware,2370.0,258.64313657384355
orbit_transfer_cost_gbp_per_kg_final_hardware,Staging-to-operational-orbit transfer cost,GBP/kg final hardware,2400.0,260.92437096910527
orbit_transfer_cost_gbp_per_kg_final_hardware,Staging-to-operational-orbit transfer cost,GBP/kg final hardware,2430.0,263.20560536436705
orbit_transfer_cost_gbp_per_kg_final_hardware,Staging-to-operational-orbit transfer cost,GBP/kg final hardware,2460.0,265.4868397596287
orbit_transfer_cost_gbp_per_kg_final_hardware,Staging-to-operational-orbit transfer cost,GBP/kg final hardware,2490.0,267.7680741548906
orbit_transfer_cost_gbp_per_kg_final_hardware,Staging-to-operational-orbit transfer cost,GBP/kg final hardware,2520.0,270.0493085501523
orbit_transfer_cost_gbp_per_kg_final_hardware,Staging-to-operational-orbit transfer cost,GBP/kg final hardware,2550.0,272.33054294541404
orbit_transfer_cost_gbp_per_kg_final_hardware,Staging-to-operational-orbit transfer cost,GBP/kg final hardware,2580.0,274.61177734067576
orbit_transfer_cost_gbp_per_kg_final_hardware,Staging-to-operational-orbit transfer cost,GBP/kg final hardware,2610.0,276.8930117359375
orbit_transfer_cost_gbp_per_kg_final_hardware,Staging-to-operational-orbit transfer cost,GBP/kg final hardware,2640.0,279.17424613119925
orbit_transfer_cost_gbp_per_kg_final_hardware,Staging-to-operational-orbit transfer cost,GBP/kg final hardware,2670.0,281.455480526461
orbit_transfer_cost_gbp_per_kg_final_hardware,Staging-to-operational-orbit transfer cost,GBP/kg final hardware,2700.0,283.7367149217227
orbit_transfer_cost_gbp_per_kg_final_hardware,Staging-to-operational-orbit transfer cost,GBP/kg final hardware,2730.0,286.01794931698447
orbit_transfer_cost_gbp_per_kg_final_hardware,Staging-to-operational-orbit transfer cost,GBP/kg final hardware,2760.0,288.29918371224625
orbit_transfer_cost_gbp_per_kg_final_hardware,Staging-to-operational-orbit transfer cost,GBP/kg final hardware,2790.0,290.580418107508
orbit_transfer_cost_gbp_per_kg_final_hardware,Staging-to-operational-orbit transfer cost,GBP/kg final hardware,2820.0,292.86165250276974
orbit_transfer_cost_gbp_per_kg_final_hardware,Staging-to-operational-orbit transfer cost,GBP/kg final hardware,2850.0,295.14288689803146
orbit_transfer_cost_gbp_per_kg_final_hardware,Staging-to-operational-orbit transfer cost,GBP/kg final hardware,2880.0,297.4241212932932
orbit_transfer_cost_gbp_per_kg_final_hardware,Staging-to-operational-orbit transfer cost,GBP/kg final hardware,2910.0,299.70535568855496
orbit_transfer_cost_gbp_per_kg_final_hardware,Staging-to-operational-orbit transfer cost,GBP/kg final hardware,2940.0,301.9865900838167
orbit_transfer_cost_gbp_per_kg_final_hardware,Staging-to-operational-orbit transfer cost,GBP/kg final hardware,2970.0,304.26782447907846
orbit_transfer_cost_gbp_per_kg_final_hardware,Staging-to-operational-orbit transfer cost,GBP/kg final hardware,3000.0,306.54905887434023
in_orbit_assembly_cost_gbp_per_kg_operational_hardware,In-orbit assembly and deployment cost,GBP/kg operational hardware,0.0,70.82150469729321
in_orbit_assembly_cost_gbp_per_kg_operational_hardware,In-orbit assembly and deployment cost,GBP/kg operational hardware,30.0,73.10273909255494
in_orbit_assembly_cost_gbp_per_kg_operational_hardware,In-orbit assembly and deployment cost,GBP/kg operational hardware,60.0,75.38397348781669
in_orbit_assembly_cost_gbp_per_kg_operational_hardware,In-orbit assembly and deployment cost,GBP/kg operational hardware,90.0,77.66520788307844
in_orbit_assembly_cost_gbp_per_kg_operational_hardware,In-orbit assembly and deployment cost,GBP/kg operational hardware,120.0,79.94644227834017
in_orbit_assembly_cost_gbp_per_kg_operational_hardware,In-orbit assembly and deployment cost,GBP/kg operational hardware,150.0,82.22767667360192
in_orbit_assembly_cost_gbp_per_kg_operational_hardware,In-orbit assembly and deployment cost,GBP/kg operational hardware,180.0,84.50891106886367
in_orbit_assembly_cost_gbp_per_kg_operational_hardware,In-orbit assembly and deployment cost,GBP/kg operational hardware,210.0,86.79014546412542
in_orbit_assembly_cost_gbp_per_kg_operational_hardware,In-orbit assembly and deployment cost,GBP/kg operational hardware,240.0,89.07137985938715
in_orbit_assembly_cost_gbp_per_kg_operational_hardware,In-orbit assembly and deployment cost,GBP/kg operational hardware,270.0,91.3526142546489
in_orbit_assembly_cost_gbp_per_kg_operational_hardware,In-orbit assembly and deployment cost,GBP/kg operational hardware,300.0,93.63384864991065
in_orbit_assembly_cost_gbp_per_kg_operational_hardware,In-orbit assembly and deployment cost,GBP/kg operational hardware,330.0,95.9150830451724
in_orbit_assembly_cost_gbp_per_kg_operational_hardware,In-orbit assembly and deployment cost,GBP/kg operational hardware,360.0,98.19631744043413
in_orbit_assembly_cost_gbp_per_kg_operational_hardware,In-orbit assembly and deployment cost,GBP/kg operational hardware,390.0,100.47755183569589
in_orbit_assembly_cost_gbp_per_kg_operational_hardware,In-orbit assembly and deployment cost,GBP/kg operational hardware,420.0,102.75878623095763
in_orbit_assembly_cost_gbp_per_kg_operational_hardware,In-orbit assembly and deployment cost,GBP/kg operational hardware,450.0,105.04002062621937
in_orbit_assembly_cost_gbp_per_kg_operational_hardware,In-orbit assembly and deployment cost,GBP/kg operational hardware,480.0,107.32125502148112
in_orbit_assembly_cost_gbp_per_kg_operational_hardware,In-orbit assembly and deployment cost,GBP/kg operational hardware,510.0,109.60248941674287
in_orbit_assembly_cost_gbp_per_kg_operational_hardware,In-orbit assembly and deployment cost,GBP/kg operational hardware,540.0,111.88372381200462
in_orbit_assembly_cost_gbp_per_kg_operational_hardware,In-orbit assembly and deployment cost,GBP/kg operational hardware,570.0,114.16495820726637
in_orbit_assembly_cost_gbp_per_kg_operational_hardware,In-orbit assembly and deployment cost,GBP/kg operational hardware,600.0,116.44619260252811
in_orbit_assembly_cost_gbp_per_kg_operational_hardware,In-orbit assembly and deployment cost,GBP/kg operational hardware,630.0,118.72742699778983
in_orbit_assembly_cost_gbp_per_kg_operational_hardware,In-orbit assembly and deployment cost,GBP/kg operational hardware,660.0,121.00866139305158
in_orbit_assembly_cost_gbp_per_kg_operational_hardware,In-orbit assembly and deployment cost,GBP/kg operational hardware,690.0,123.28989578831332
in_orbit_assembly_cost_gbp_per_kg_operational_hardware,In-orbit assembly and deployment cost,GBP/kg operational hardware,720.0,125.57113018357506
in_orbit_assembly_cost_gbp_per_kg_operational_hardware,In-orbit assembly and deployment cost,GBP/kg operational hardware,750.0,127.85236457883684
in_orbit_assembly_cost_gbp_per_kg_operational_hardware,In-orbit assembly and deployment cost,GBP/kg operational hardware,780.0,130.13359897409856
in_orbit_assembly_cost_gbp_per_kg_operational_hardware,In-orbit assembly and deployment cost,GBP/kg operational hardware,810.0,132.41483336936034
in_orbit_assembly_cost_gbp_per_kg_operational_hardware,In-orbit assembly and deployment cost,GBP/kg operational hardware,840.0,134.69606776462206
in_orbit_assembly_cost_gbp_per_kg_operational_hardware,In-orbit assembly and deployment cost,GBP/kg operational hardware,870.0,136.9773021598838
in_orbit_assembly_cost_gbp_per_kg_operational_hardware,In-orbit assembly and deployment cost,GBP/kg operational hardware,900.0,139.25853655514555
in_orbit_assembly_cost_gbp_per_kg_operational_hardware,In-orbit assembly and deployment cost,GBP/kg operational hardware,930.0,141.5397709504073
in_orbit_assembly_cost_gbp_per_kg_operational_hardware,In-orbit assembly and deployment cost,GBP/kg operational hardware,960.0,143.82100534566905
in_orbit_assembly_cost_gbp_per_kg_operational_hardware,In-orbit assembly and deployment cost,GBP/kg operational hardware,990.0,146.10223974093077
in_orbit_assembly_cost_gbp_per_kg_operational_hardware,In-orbit assembly and deployment cost,GBP/kg operational hardware,1020.0,148.38347413619255
in_orbit_assembly_cost_gbp_per_kg_operational_hardware,In-orbit assembly and deployment cost,GBP/kg operational hardware,1050.0,150.66470853145427
in_orbit_assembly_cost_gbp_per_kg_operational_hardware,In-orbit assembly and deployment cost,GBP/kg operational hardware,1080.0,152.94594292671601
in_orbit_assembly_cost_gbp_per_kg_operational_hardware,In-orbit assembly and deployment cost,GBP/kg operational hardware,1110.0,155.22717732197776
in_orbit_assembly_cost_gbp_per_kg_operational_hardware,In-orbit assembly and deployment cost,GBP/kg operational hardware,1140.0,157.50841171723948
in_orbit_assembly_cost_gbp_per_kg_operational_hardware,In-orbit assembly and deployment cost,GBP/kg operational hardware,1170.0,159.78964611250123
in_orbit_assembly_cost_gbp_per_kg_operational_hardware,In-orbit assembly and deployment cost,GBP/kg operational hardware,1200.0,162.07088050776298
in_orbit_assembly_cost_gbp_per_kg_operational_hardware,In-orbit assembly and deployment cost,GBP/kg operational hardware,1230.0,164.35211490302476
in_orbit_assembly_cost_gbp_per_kg_operational_hardware,In-orbit assembly and deployment cost,GBP/kg operational hardware,1260.0,166.63334929828648
in_orbit_assembly_cost_gbp_per_kg_operational_hardware,In-orbit assembly and deployment cost,GBP/kg operational hardware,1290.0,168.91458369354822
in_orbit_assembly_cost_gbp_per_kg_operational_hardware,In-orbit assembly and deployment cost,GBP/kg operational hardware,1320.0,171.19581808880994
in_orbit_assembly_cost_gbp_per_kg_operational_hardware,In-orbit assembly and deployment cost,GBP/kg operational hardware,1350.0,173.47705248407172
in_orbit_assembly_cost_gbp_per_kg_operational_hardware,In-orbit assembly and deployment cost,GBP/kg operational hardware,1380.0,175.75828687933344
in_orbit_assembly_cost_gbp_per_kg_operational_hardware,In-orbit assembly and deployment cost,GBP/kg operational hardware,1410.0,178.03952127459522
in_orbit_assembly_cost_gbp_per_kg_operational_hardware,In-orbit assembly and deployment cost,GBP/kg operational hardware,1440.0,180.32075566985694
in_orbit_assembly_cost_gbp_per_kg_operational_hardware,In-orbit assembly and deployment cost,GBP/kg operational hardware,1470.0,182.6019900651187
in_orbit_assembly_cost_gbp_per_kg_operational_hardware,In-orbit assembly and deployment cost,GBP/kg operational hardware,1500.0,184.88322446038043
in_orbit_assembly_cost_gbp_per_kg_operational_hardware,In-orbit assembly and deployment cost,GBP/kg operational hardware,1530.0,187.1644588556422
in_orbit_assembly_cost_gbp_per_kg_operational_hardware,In-orbit assembly and deployment cost,GBP/kg operational hardware,1560.0,189.44569325090396
in_orbit_assembly_cost_gbp_per_kg_operational_hardware,In-orbit assembly and deployment cost,GBP/kg operational hardware,1590.0,191.72692764616568
in_orbit_assembly_cost_gbp_per_kg_operational_hardware,In-orbit assembly and deployment cost,GBP/kg operational hardware,1620.0,194.00816204142743
in_orbit_assembly_cost_gbp_per_kg_operational_hardware,In-orbit assembly and deployment cost,GBP/kg operational hardware,1650.0,196.28939643668915
in_orbit_assembly_cost_gbp_per_kg_operational_hardware,In-orbit assembly and deployment cost,GBP/kg operational hardware,1680.0,198.57063083195095
in_orbit_assembly_cost_gbp_per_kg_operational_hardware,In-orbit assembly and deployment cost,GBP/kg operational hardware,1710.0,200.85186522721267
in_orbit_assembly_cost_gbp_per_kg_operational_hardware,In-orbit assembly and deployment cost,GBP/kg operational hardware,1740.0,203.1330996224744
in_orbit_assembly_cost_gbp_per_kg_operational_hardware,In-orbit assembly and deployment cost,GBP/kg operational hardware,1770.0,205.41433401773617
in_orbit_assembly_cost_gbp_per_kg_operational_hardware,In-orbit assembly and deployment cost,GBP/kg operational hardware,1800.0,207.6955684129979
in_orbit_assembly_cost_gbp_per_kg_operational_hardware,In-orbit assembly and deployment cost,GBP/kg operational hardware,1830.0,209.97680280825966
in_orbit_assembly_cost_gbp_per_kg_operational_hardware,In-orbit assembly and deployment cost,GBP/kg operational hardware,1860.0,212.25803720352138
in_orbit_assembly_cost_gbp_per_kg_operational_hardware,In-orbit assembly and deployment cost,GBP/kg operational hardware,1890.0,214.53927159878313
in_orbit_assembly_cost_gbp_per_kg_operational_hardware,In-orbit assembly and deployment cost,GBP/kg operational hardware,1920.0,216.82050599404488
in_orbit_assembly_cost_gbp_per_kg_operational_hardware,In-orbit assembly and deployment cost,GBP/kg operational hardware,1950.0,219.1017403893066
in_orbit_assembly_cost_gbp_per_kg_operational_hardware,In-orbit assembly and deployment cost,GBP/kg operational hardware,1980.0,221.38297478456835
in_orbit_assembly_cost_gbp_per_kg_operational_hardware,In-orbit assembly and deployment cost,GBP/kg operational hardware,2010.0,223.66420917983012
in_orbit_assembly_cost_gbp_per_kg_operational_hardware,In-orbit assembly and deployment cost,GBP/kg operational hardware,2040.0,225.9454435750919
in_orbit_assembly_cost_gbp_per_kg_operational_hardware,In-orbit assembly and deployment cost,GBP/kg operational hardware,2070.0,228.22667797035365
in_orbit_assembly_cost_gbp_per_kg_operational_hardware,In-orbit assembly and deployment cost,GBP/kg operational hardware,2100.0,230.50791236561534
in_orbit_assembly_cost_gbp_per_kg_operational_hardware,In-orbit assembly and deployment cost,GBP/kg operational hardware,2130.0,232.78914676087712
in_orbit_assembly_cost_gbp_per_kg_operational_hardware,In-orbit assembly and deployment cost,GBP/kg operational hardware,2160.0,235.07038115613884
in_orbit_assembly_cost_gbp_per_kg_operational_hardware,In-orbit assembly and deployment cost,GBP/kg operational hardware,2190.0,237.3516155514006
in_orbit_assembly_cost_gbp_per_kg_operational_hardware,In-orbit assembly and deployment cost,GBP/kg operational hardware,2220.0,239.6328499466623
in_orbit_assembly_cost_gbp_per_kg_operational_hardware,In-orbit assembly and deployment cost,GBP/kg operational hardware,2250.0,241.91408434192405
in_orbit_assembly_cost_gbp_per_kg_operational_hardware,In-orbit assembly and deployment cost,GBP/kg operational hardware,2280.0,244.19531873718586
in_orbit_assembly_cost_gbp_per_kg_operational_hardware,In-orbit assembly and deployment cost,GBP/kg operational hardware,2310.0,246.4765531324476
in_orbit_assembly_cost_gbp_per_kg_operational_hardware,In-orbit assembly and deployment cost,GBP/kg operational hardware,2340.0,248.75778752770933
in_orbit_assembly_cost_gbp_per_kg_operational_hardware,In-orbit assembly and deployment cost,GBP/kg operational hardware,2370.0,251.03902192297107
in_orbit_assembly_cost_gbp_per_kg_operational_hardware,In-orbit assembly and deployment cost,GBP/kg operational hardware,2400.0,253.32025631823277
in_orbit_assembly_cost_gbp_per_kg_operational_hardware,In-orbit assembly and deployment cost,GBP/kg operational hardware,2430.0,255.60149071349457
in_orbit_assembly_cost_gbp_per_kg_operational_hardware,In-orbit assembly and deployment cost,GBP/kg operational hardware,2460.0,257.8827251087563
in_orbit_assembly_cost_gbp_per_kg_operational_hardware,In-orbit assembly and deployment cost,GBP/kg operational hardware,2490.0,260.163959504018
in_orbit_assembly_cost_gbp_per_kg_operational_hardware,In-orbit assembly and deployment cost,GBP/kg operational hardware,2520.0,262.44519389927973
in_orbit_assembly_cost_gbp_per_kg_operational_hardware,In-orbit assembly and deployment cost,GBP/kg operational hardware,2550.0,264.72642829454156
in_orbit_assembly_cost_gbp_per_kg_operational_hardware,In-orbit assembly and deployment cost,GBP/kg operational hardware,2580.0,267.0076626898032
in_orbit_assembly_cost_gbp_per_kg_operational_hardware,In-orbit assembly and deployment cost,GBP/kg operational hardware,2610.0,269.28889708506506
in_orbit_assembly_cost_gbp_per_kg_operational_hardware,In-orbit assembly and deployment cost,GBP/kg operational hardware,2640.0,271.5701314803268
in_orbit_assembly_cost_gbp_per_kg_operational_hardware,In-orbit assembly and deployment cost,GBP/kg operational hardware,2670.0,273.85136587558856
in_orbit_assembly_cost_gbp_per_kg_operational_hardware,In-orbit assembly and deployment cost,GBP/kg operational hardware,2700.0,276.1326002708503
in_orbit_assembly_cost_gbp_per_kg_operational_hardware,In-orbit assembly and deployment cost,GBP/kg operational hardware,2730.0,278.413834666112
in_orbit_assembly_cost_gbp_per_kg_operational_hardware,In-orbit assembly and deployment cost,GBP/kg operational hardware,2760.0,280.6950690613737
in_orbit_assembly_cost_gbp_per_kg_operational_hardware,In-orbit assembly and deployment cost,GBP/kg operational hardware,2790.0,282.97630345663543
in_orbit_assembly_cost_gbp_per_kg_operational_hardware,In-orbit assembly and deployment cost,GBP/kg operational hardware,2820.0,285.25753785189727
in_orbit_assembly_cost_gbp_per_kg_operational_hardware,In-orbit assembly and deployment cost,GBP/kg operational hardware,2850.0,287.538772247159
in_orbit_assembly_cost_gbp_per_kg_operational_hardware,In-orbit assembly and deployment cost,GBP/kg operational hardware,2880.0,289.82000664242076
in_orbit_assembly_cost_gbp_per_kg_operational_hardware,In-orbit assembly and deployment cost,GBP/kg operational hardware,2910.0,292.1012410376825
in_orbit_assembly_cost_gbp_per_kg_operational_hardware,In-orbit assembly and deployment cost,GBP/kg operational hardware,2940.0,294.3824754329442
in_orbit_assembly_cost_gbp_per_kg_operational_hardware,In-orbit assembly and deployment cost,GBP/kg operational hardware,2970.0,296.663709828206
in_orbit_assembly_cost_gbp_per_kg_operational_hardware,In-orbit assembly and deployment cost,GBP/kg operational hardware,3000.0,298.9449442234677
rectenna_cost_gbp_per_w_delivered,Rectenna cost,GBP/W-delivered AC,0.02,83.93137790399172
rectenna_cost_gbp_per_w_delivered,Rectenna cost,GBP/W-delivered AC,0.0298,84.08956167115677
rectenna_cost_gbp_per_w_delivered,Rectenna cost,GBP/W-delivered AC,0.039599999999999996,84.24774543832179
rectenna_cost_gbp_per_w_delivered,Rectenna cost,GBP/W-delivered AC,0.0494,84.40592920548686
rectenna_cost_gbp_per_w_delivered,Rectenna cost,GBP/W-delivered AC,0.0592,84.56411297265188
rectenna_cost_gbp_per_w_delivered,Rectenna cost,GBP/W-delivered AC,0.069,84.72229673981693
rectenna_cost_gbp_per_w_delivered,Rectenna cost,GBP/W-delivered AC,0.0788,84.88048050698197
rectenna_cost_gbp_per_w_delivered,Rectenna cost,GBP/W-delivered AC,0.0886,85.038664274147
rectenna_cost_gbp_per_w_delivered,Rectenna cost,GBP/W-delivered AC,0.0984,85.19684804131205
rectenna_cost_gbp_per_w_delivered,Rectenna cost,GBP/W-delivered AC,0.1082,85.35503180847708
rectenna_cost_gbp_per_w_delivered,Rectenna cost,GBP/W-delivered AC,0.11800000000000001,85.51321557564212
rectenna_cost_gbp_per_w_delivered,Rectenna cost,GBP/W-delivered AC,0.1278,85.67139934280716
rectenna_cost_gbp_per_w_delivered,Rectenna cost,GBP/W-delivered AC,0.1376,85.8295831099722
rectenna_cost_gbp_per_w_delivered,Rectenna cost,GBP/W-delivered AC,0.14739999999999998,85.98776687713723
rectenna_cost_gbp_per_w_delivered,Rectenna cost,GBP/W-delivered AC,0.15719999999999998,86.14595064430227
rectenna_cost_gbp_per_w_delivered,Rectenna cost,GBP/W-delivered AC,0.16699999999999998,86.30413441146732
rectenna_cost_gbp_per_w_delivered,Rectenna cost,GBP/W-delivered AC,0.17679999999999998,86.46231817863236
rectenna_cost_gbp_per_w_delivered,Rectenna cost,GBP/W-delivered AC,0.1866,86.6205019457974
rectenna_cost_gbp_per_w_delivered,Rectenna cost,GBP/W-delivered AC,0.1964,86.77868571296243
rectenna_cost_gbp_per_w_delivered,Rectenna cost,GBP/W-delivered AC,0.2062,86.93686948012746
rectenna_cost_gbp_per_w_delivered,Rectenna cost,GBP/W-delivered AC,0.216,87.09505324729251
rectenna_cost_gbp_per_w_delivered,Rectenna cost,GBP/W-delivered AC,0.22579999999999997,87.25323701445755
rectenna_cost_gbp_per_w_delivered,Rectenna cost,GBP/W-delivered AC,0.23559999999999998,87.41142078162258
rectenna_cost_gbp_per_w_delivered,Rectenna cost,GBP/W-delivered AC,0.24539999999999998,87.56960454878764
rectenna_cost_gbp_per_w_delivered,Rectenna cost,GBP/W-delivered AC,0.2552,87.72778831595267
rectenna_cost_gbp_per_w_delivered,Rectenna cost,GBP/W-delivered AC,0.265,87.88597208311771
rectenna_cost_gbp_per_w_delivered,Rectenna cost,GBP/W-delivered AC,0.2748,88.04415585028275
rectenna_cost_gbp_per_w_delivered,Rectenna cost,GBP/W-delivered AC,0.2846,88.20233961744778
rectenna_cost_gbp_per_w_delivered,Rectenna cost,GBP/W-delivered AC,0.2944,88.36052338461283
rectenna_cost_gbp_per_w_delivered,Rectenna cost,GBP/W-delivered AC,0.3042,88.51870715177786
rectenna_cost_gbp_per_w_delivered,Rectenna cost,GBP/W-delivered AC,0.314,88.67689091894289
rectenna_cost_gbp_per_w_delivered,Rectenna cost,GBP/W-delivered AC,0.32380000000000003,88.83507468610794
rectenna_cost_gbp_per_w_delivered,Rectenna cost,GBP/W-delivered AC,0.3336,88.99325845327297
rectenna_cost_gbp_per_w_delivered,Rectenna cost,GBP/W-delivered AC,0.3434,89.15144222043801
rectenna_cost_gbp_per_w_delivered,Rectenna cost,GBP/W-delivered AC,0.3532,89.30962598760306
rectenna_cost_gbp_per_w_delivered,Rectenna cost,GBP/W-delivered AC,0.363,89.4678097547681
rectenna_cost_gbp_per_w_delivered,Rectenna cost,GBP/W-delivered AC,0.3728,89.62599352193313
rectenna_cost_gbp_per_w_delivered,Rectenna cost,GBP/W-delivered AC,0.3826,89.78417728909818
rectenna_cost_gbp_per_w_delivered,Rectenna cost,GBP/W-delivered AC,0.3924,89.94236105626321
rectenna_cost_gbp_per_w_delivered,Rectenna cost,GBP/W-delivered AC,0.4022,90.10054482342825
rectenna_cost_gbp_per_w_delivered,Rectenna cost,GBP/W-delivered AC,0.41200000000000003,90.25872859059331
rectenna_cost_gbp_per_w_delivered,Rectenna cost,GBP/W-delivered AC,0.4218,90.41691235775832
rectenna_cost_gbp_per_w_delivered,Rectenna cost,GBP/W-delivered AC,0.4316,90.57509612492338
rectenna_cost_gbp_per_w_delivered,Rectenna cost,GBP/W-delivered AC,0.4414,90.7332798920884
rectenna_cost_gbp_per_w_delivered,Rectenna cost,GBP/W-delivered AC,0.4512,90.89146365925346
rectenna_cost_gbp_per_w_delivered,Rectenna cost,GBP/W-delivered AC,0.461,91.04964742641849
rectenna_cost_gbp_per_w_delivered,Rectenna cost,GBP/W-delivered AC,0.4708,91.20783119358354
rectenna_cost_gbp_per_w_delivered,Rectenna cost,GBP/W-delivered AC,0.4806,91.36601496074856
rectenna_cost_gbp_per_w_delivered,Rectenna cost,GBP/W-delivered AC,0.4904,91.52419872791361
rectenna_cost_gbp_per_w_delivered,Rectenna cost,GBP/W-delivered AC,0.5002,91.68238249507864
rectenna_cost_gbp_per_w_delivered,Rectenna cost,GBP/W-delivered AC,0.51,91.84056626224367
rectenna_cost_gbp_per_w_delivered,Rectenna cost,GBP/W-delivered AC,0.5197999999999999,91.99875002940873
rectenna_cost_gbp_per_w_delivered,Rectenna cost,GBP/W-delivered AC,0.5296,92.15693379657375
rectenna_cost_gbp_per_w_delivered,Rectenna cost,GBP/W-delivered AC,0.5394,92.31511756373881
rectenna_cost_gbp_per_w_delivered,Rectenna cost,GBP/W-delivered AC,0.5492,92.47330133090384
rectenna_cost_gbp_per_w_delivered,Rectenna cost,GBP/W-delivered AC,0.559,92.6314850980689
rectenna_cost_gbp_per_w_delivered,Rectenna cost,GBP/W-delivered AC,0.5688,92.78966886523392
rectenna_cost_gbp_per_w_delivered,Rectenna cost,GBP/W-delivered AC,0.5786,92.94785263239898
rectenna_cost_gbp_per_w_delivered,Rectenna cost,GBP/W-delivered AC,0.5884,93.106036399564
rectenna_cost_gbp_per_w_delivered,Rectenna cost,GBP/W-delivered AC,0.5982,93.26422016672905
rectenna_cost_gbp_per_w_delivered,Rectenna cost,GBP/W-delivered AC,0.608,93.42240393389407
rectenna_cost_gbp_per_w_delivered,Rectenna cost,GBP/W-delivered AC,0.6178,93.58058770105912
rectenna_cost_gbp_per_w_delivered,Rectenna cost,GBP/W-delivered AC,0.6276,93.73877146822416
rectenna_cost_gbp_per_w_delivered,Rectenna cost,GBP/W-delivered AC,0.6374,93.89695523538921
rectenna_cost_gbp_per_w_delivered,Rectenna cost,GBP/W-delivered AC,0.6472,94.05513900255423
rectenna_cost_gbp_per_w_delivered,Rectenna cost,GBP/W-delivered AC,0.657,94.21332276971928
rectenna_cost_gbp_per_w_delivered,Rectenna cost,GBP/W-delivered AC,0.6668,94.37150653688431
rectenna_cost_gbp_per_w_delivered,Rectenna cost,GBP/W-delivered AC,0.6766,94.52969030404935
rectenna_cost_gbp_per_w_delivered,Rectenna cost,GBP/W-delivered AC,0.6864,94.6878740712144
rectenna_cost_gbp_per_w_delivered,Rectenna cost,GBP/W-delivered AC,0.6962,94.84605783837942
rectenna_cost_gbp_per_w_delivered,Rectenna cost,GBP/W-delivered AC,0.706,95.00424160554446
rectenna_cost_gbp_per_w_delivered,Rectenna cost,GBP/W-delivered AC,0.7158,95.16242537270952
rectenna_cost_gbp_per_w_delivered,Rectenna cost,GBP/W-delivered AC,0.7256,95.32060913987456
rectenna_cost_gbp_per_w_delivered,Rectenna cost,GBP/W-delivered AC,0.7353999999999999,95.47879290703959
rectenna_cost_gbp_per_w_delivered,Rectenna cost,GBP/W-delivered AC,0.7452,95.63697667420463
rectenna_cost_gbp_per_w_delivered,Rectenna cost,GBP/W-delivered AC,0.755,95.79516044136966
rectenna_cost_gbp_per_w_delivered,Rectenna cost,GBP/W-delivered AC,0.7648,95.95334420853472
rectenna_cost_gbp_per_w_delivered,Rectenna cost,GBP/W-delivered AC,0.7746,96.11152797569974
rectenna_cost_gbp_per_w_delivered,Rectenna cost,GBP/W-delivered AC,0.7844,96.26971174286479
rectenna_cost_gbp_per_w_delivered,Rectenna cost,GBP/W-delivered AC,0.7942,96.42789551002983
rectenna_cost_gbp_per_w_delivered,Rectenna cost,GBP/W-delivered AC,0.804,96.58607927719486
rectenna_cost_gbp_per_w_delivered,Rectenna cost,GBP/W-delivered AC,0.8138,96.74426304435988
rectenna_cost_gbp_per_w_delivered,Rectenna cost,GBP/W-delivered AC,0.8236,96.90244681152494
rectenna_cost_gbp_per_w_delivered,Rectenna cost,GBP/W-delivered AC,0.8334,97.06063057868998
rectenna_cost_gbp_per_w_delivered,Rectenna cost,GBP/W-delivered AC,0.8432,97.21881434585501
rectenna_cost_gbp_per_w_delivered,Rectenna cost,GBP/W-delivered AC,0.853,97.37699811302005
rectenna_cost_gbp_per_w_delivered,Rectenna cost,GBP/W-delivered AC,0.8628,97.53518188018509
rectenna_cost_gbp_per_w_delivered,Rectenna cost,GBP/W-delivered AC,0.8726,97.69336564735013
rectenna_cost_gbp_per_w_delivered,Rectenna cost,GBP/W-delivered AC,0.8824,97.85154941451518
rectenna_cost_gbp_per_w_delivered,Rectenna cost,GBP/W-delivered AC,0.8922,98.0097331816802
rectenna_cost_gbp_per_w_delivered,Rectenna cost,GBP/W-delivered AC,0.902,98.16791694884526
rectenna_cost_gbp_per_w_delivered,Rectenna cost,GBP/W-delivered AC,0.9117999999999999,98.3261007160103
rectenna_cost_gbp_per_w_delivered,Rectenna cost,GBP/W-delivered AC,0.9216,98.48428448317533
rectenna_cost_gbp_per_w_delivered,Rectenna cost,GBP/W-delivered AC,0.9314,98.64246825034037
rectenna_cost_gbp_per_w_delivered,Rectenna cost,GBP/W-delivered AC,0.9412,98.80065201750541
rectenna_cost_gbp_per_w_delivered,Rectenna cost,GBP/W-delivered AC,0.951,98.95883578467044
rectenna_cost_gbp_per_w_delivered,Rectenna cost,GBP/W-delivered AC,0.9608,99.1170195518355
rectenna_cost_gbp_per_w_delivered,Rectenna cost,GBP/W-delivered AC,0.9706,99.27520331900052
rectenna_cost_gbp_per_w_delivered,Rectenna cost,GBP/W-delivered AC,0.9803999999999999,99.43338708616557
rectenna_cost_gbp_per_w_delivered,Rectenna cost,GBP/W-delivered AC,0.9902,99.59157085333061
rectenna_cost_gbp_per_w_delivered,Rectenna cost,GBP/W-delivered AC,1.0,99.74975462049565
grid_connection_cost_gbp_per_kw_delivered,Grid connection cost,GBP/kW-delivered AC,20.0,84.73843794054807
grid_connection_cost_gbp_per_kw_delivered,Grid connection cost,GBP/kW-delivered AC,22.8,84.7836333025952
grid_connection_cost_gbp_per_kw_delivered,Grid connection cost,GBP/kW-delivered AC,25.6,84.82882866464236
grid_connection_cost_gbp_per_kw_delivered,Grid connection cost,GBP/kW-delivered AC,28.4,84.87402402668951
grid_connection_cost_gbp_per_kw_delivered,Grid connection cost,GBP/kW-delivered AC,31.2,84.91921938873666
grid_connection_cost_gbp_per_kw_delivered,Grid connection cost,GBP/kW-delivered AC,34.0,84.96441475078382
grid_connection_cost_gbp_per_kw_delivered,Grid connection cost,GBP/kW-delivered AC,36.8,85.00961011283097
grid_connection_cost_gbp_per_kw_delivered,Grid connection cost,GBP/kW-delivered AC,39.599999999999994,85.05480547487812
grid_connection_cost_gbp_per_kw_delivered,Grid connection cost,GBP/kW-delivered AC,42.4,85.10000083692529
grid_connection_cost_gbp_per_kw_delivered,Grid connection cost,GBP/kW-delivered AC,45.2,85.14519619897243
grid_connection_cost_gbp_per_kw_delivered,Grid connection cost,GBP/kW-delivered AC,48.0,85.1903915610196
grid_connection_cost_gbp_per_kw_delivered,Grid connection cost,GBP/kW-delivered AC,50.8,85.23558692306673
grid_connection_cost_gbp_per_kw_delivered,Grid connection cost,GBP/kW-delivered AC,53.599999999999994,85.28078228511389
grid_connection_cost_gbp_per_kw_delivered,Grid connection cost,GBP/kW-delivered AC,56.4,85.32597764716105
grid_connection_cost_gbp_per_kw_delivered,Grid connection cost,GBP/kW-delivered AC,59.199999999999996,85.37117300920819
grid_connection_cost_gbp_per_kw_delivered,Grid connection cost,GBP/kW-delivered AC,62.0,85.41636837125537
grid_connection_cost_gbp_per_kw_delivered,Grid connection cost,GBP/kW-delivered AC,64.8,85.46156373330251
grid_connection_cost_gbp_per_kw_delivered,Grid connection cost,GBP/kW-delivered AC,67.6,85.50675909534966
grid_connection_cost_gbp_per_kw_delivered,Grid connection cost,GBP/kW-delivered AC,70.4,85.55195445739682
grid_connection_cost_gbp_per_kw_delivered,Grid connection cost,GBP/kW-delivered AC,73.19999999999999,85.59714981944397
grid_connection_cost_gbp_per_kw_delivered,Grid connection cost,GBP/kW-delivered AC,76.0,85.64234518149114
grid_connection_cost_gbp_per_kw_delivered,Grid connection cost,GBP/kW-delivered AC,78.8,85.68754054353829
grid_connection_cost_gbp_per_kw_delivered,Grid connection cost,GBP/kW-delivered AC,81.6,85.73273590558543
grid_connection_cost_gbp_per_kw_delivered,Grid connection cost,GBP/kW-delivered AC,84.39999999999999,85.7779312676326
grid_connection_cost_gbp_per_kw_delivered,Grid connection cost,GBP/kW-delivered AC,87.19999999999999,85.82312662967975
grid_connection_cost_gbp_per_kw_delivered,Grid connection cost,GBP/kW-delivered AC,90.0,85.8683219917269
grid_connection_cost_gbp_per_kw_delivered,Grid connection cost,GBP/kW-delivered AC,92.8,85.91351735377405
grid_connection_cost_gbp_per_kw_delivered,Grid connection cost,GBP/kW-delivered AC,95.6,85.9587127158212
grid_connection_cost_gbp_per_kw_delivered,Grid connection cost,GBP/kW-delivered AC,98.39999999999999,86.00390807786837
grid_connection_cost_gbp_per_kw_delivered,Grid connection cost,GBP/kW-delivered AC,101.19999999999999,86.04910343991551
grid_connection_cost_gbp_per_kw_delivered,Grid connection cost,GBP/kW-delivered AC,104.0,86.09429880196267
grid_connection_cost_gbp_per_kw_delivered,Grid connection cost,GBP/kW-delivered AC,106.8,86.13949416400983
grid_connection_cost_gbp_per_kw_delivered,Grid connection cost,GBP/kW-delivered AC,109.6,86.18468952605697
grid_connection_cost_gbp_per_kw_delivered,Grid connection cost,GBP/kW-delivered AC,112.39999999999999,86.22988488810414
grid_connection_cost_gbp_per_kw_delivered,Grid connection cost,GBP/kW-delivered AC,115.19999999999999,86.27508025015129
grid_connection_cost_gbp_per_kw_delivered,Grid connection cost,GBP/kW-delivered AC,118.0,86.32027561219843
grid_connection_cost_gbp_per_kw_delivered,Grid connection cost,GBP/kW-delivered AC,120.8,86.3654709742456
grid_connection_cost_gbp_per_kw_delivered,Grid connection cost,GBP/kW-delivered AC,123.6,86.41066633629273
grid_connection_cost_gbp_per_kw_delivered,Grid connection cost,GBP/kW-delivered AC,126.39999999999999,86.4558616983399
grid_connection_cost_gbp_per_kw_delivered,Grid connection cost,GBP/kW-delivered AC,129.2,86.50105706038707
grid_connection_cost_gbp_per_kw_delivered,Grid connection cost,GBP/kW-delivered AC,132.0,86.54625242243421
grid_connection_cost_gbp_per_kw_delivered,Grid connection cost,GBP/kW-delivered AC,134.8,86.59144778448137
grid_connection_cost_gbp_per_kw_delivered,Grid connection cost,GBP/kW-delivered AC,137.6,86.63664314652853
grid_connection_cost_gbp_per_kw_delivered,Grid connection cost,GBP/kW-delivered AC,140.39999999999998,86.68183850857567
grid_connection_cost_gbp_per_kw_delivered,Grid connection cost,GBP/kW-delivered AC,143.2,86.72703387062282
grid_connection_cost_gbp_per_kw_delivered,Grid connection cost,GBP/kW-delivered AC,146.0,86.77222923266999
grid_connection_cost_gbp_per_kw_delivered,Grid connection cost,GBP/kW-delivered AC,148.79999999999998,86.81742459471715
grid_connection_cost_gbp_per_kw_delivered,Grid connection cost,GBP/kW-delivered AC,151.6,86.86261995676429
grid_connection_cost_gbp_per_kw_delivered,Grid connection cost,GBP/kW-delivered AC,154.39999999999998,86.90781531881143
grid_connection_cost_gbp_per_kw_delivered,Grid connection cost,GBP/kW-delivered AC,157.2,86.9530106808586
grid_connection_cost_gbp_per_kw_delivered,Grid connection cost,GBP/kW-delivered AC,160.0,86.99820604290576
grid_connection_cost_gbp_per_kw_delivered,Grid connection cost,GBP/kW-delivered AC,162.79999999999998,87.0434014049529
grid_connection_cost_gbp_per_kw_delivered,Grid connection cost,GBP/kW-delivered AC,165.6,87.08859676700007
grid_connection_cost_gbp_per_kw_delivered,Grid connection cost,GBP/kW-delivered AC,168.39999999999998,87.13379212904721
grid_connection_cost_gbp_per_kw_delivered,Grid connection cost,GBP/kW-delivered AC,171.2,87.17898749109438
grid_connection_cost_gbp_per_kw_delivered,Grid connection cost,GBP/kW-delivered AC,174.0,87.22418285314151
grid_connection_cost_gbp_per_kw_delivered,Grid connection cost,GBP/kW-delivered AC,176.79999999999998,87.26937821518867
grid_connection_cost_gbp_per_kw_delivered,Grid connection cost,GBP/kW-delivered AC,179.6,87.31457357723585
grid_connection_cost_gbp_per_kw_delivered,Grid connection cost,GBP/kW-delivered AC,182.39999999999998,87.35976893928299
grid_connection_cost_gbp_per_kw_delivered,Grid connection cost,GBP/kW-delivered AC,185.2,87.40496430133012
grid_connection_cost_gbp_per_kw_delivered,Grid connection cost,GBP/kW-delivered AC,188.0,87.45015966337729
grid_connection_cost_gbp_per_kw_delivered,Grid connection cost,GBP/kW-delivered AC,190.79999999999998,87.49535502542444
grid_connection_cost_gbp_per_kw_delivered,Grid connection cost,GBP/kW-delivered AC,193.6,87.5405503874716
grid_connection_cost_gbp_per_kw_delivered,Grid connection cost,GBP/kW-delivered AC,196.39999999999998,87.58574574951874
grid_connection_cost_gbp_per_kw_delivered,Grid connection cost,GBP/kW-delivered AC,199.2,87.6309411115659
grid_connection_cost_gbp_per_kw_delivered,Grid connection cost,GBP/kW-delivered AC,202.0,87.67613647361307
grid_connection_cost_gbp_per_kw_delivered,Grid connection cost,GBP/kW-delivered AC,204.79999999999998,87.7213318356602
grid_connection_cost_gbp_per_kw_delivered,Grid connection cost,GBP/kW-delivered AC,207.6,87.76652719770738
grid_connection_cost_gbp_per_kw_delivered,Grid connection cost,GBP/kW-delivered AC,210.39999999999998,87.81172255975453
grid_connection_cost_gbp_per_kw_delivered,Grid connection cost,GBP/kW-delivered AC,213.2,87.85691792180168
grid_connection_cost_gbp_per_kw_delivered,Grid connection cost,GBP/kW-delivered AC,216.0,87.90211328384885
grid_connection_cost_gbp_per_kw_delivered,Grid connection cost,GBP/kW-delivered AC,218.79999999999998,87.947308645896
grid_connection_cost_gbp_per_kw_delivered,Grid connection cost,GBP/kW-delivered AC,221.6,87.99250400794315
grid_connection_cost_gbp_per_kw_delivered,Grid connection cost,GBP/kW-delivered AC,224.39999999999998,88.03769936999029
grid_connection_cost_gbp_per_kw_delivered,Grid connection cost,GBP/kW-delivered AC,227.2,88.08289473203745
grid_connection_cost_gbp_per_kw_delivered,Grid connection cost,GBP/kW-delivered AC,230.0,88.1280900940846
grid_connection_cost_gbp_per_kw_delivered,Grid connection cost,GBP/kW-delivered AC,232.79999999999998,88.17328545613175
grid_connection_cost_gbp_per_kw_delivered,Grid connection cost,GBP/kW-delivered AC,235.6,88.21848081817892
grid_connection_cost_gbp_per_kw_delivered,Grid connection cost,GBP/kW-delivered AC,238.39999999999998,88.26367618022606
grid_connection_cost_gbp_per_kw_delivered,Grid connection cost,GBP/kW-delivered AC,241.2,88.30887154227321
grid_connection_cost_gbp_per_kw_delivered,Grid connection cost,GBP/kW-delivered AC,244.0,88.35406690432038
grid_connection_cost_gbp_per_kw_delivered,Grid connection cost,GBP/kW-delivered AC,246.79999999999998,88.39926226636751
grid_connection_cost_gbp_per_kw_delivered,Grid connection cost,GBP/kW-delivered AC,249.6,88.44445762841468
grid_connection_cost_gbp_per_kw_delivered,Grid connection cost,GBP/kW-delivered AC,252.39999999999998,88.48965299046183
grid_connection_cost_gbp_per_kw_delivered,Grid connection cost,GBP/kW-delivered AC,255.2,88.53484835250899
grid_connection_cost_gbp_per_kw_delivered,Grid connection cost,GBP/kW-delivered AC,258.0,88.58004371455614
grid_connection_cost_gbp_per_kw_delivered,Grid connection cost,GBP/kW-delivered AC,260.79999999999995,88.62523907660331
grid_connection_cost_gbp_per_kw_delivered,Grid connection cost,GBP/kW-delivered AC,263.6,88.67043443865045
grid_connection_cost_gbp_per_kw_delivered,Grid connection cost,GBP/kW-delivered AC,266.4,88.7156298006976
grid_connection_cost_gbp_per_kw_delivered,Grid connection cost,GBP/kW-delivered AC,269.2,88.76082516274477
grid_connection_cost_gbp_per_kw_delivered,Grid connection cost,GBP/kW-delivered AC,272.0,88.80602052479192
grid_connection_cost_gbp_per_kw_delivered,Grid connection cost,GBP/kW-delivered AC,274.79999999999995,88.85121588683907
grid_connection_cost_gbp_per_kw_delivered,Grid connection cost,GBP/kW-delivered AC,277.59999999999997,88.89641124888621
grid_connection_cost_gbp_per_kw_delivered,Grid connection cost,GBP/kW-delivered AC,280.4,88.94160661093338
grid_connection_cost_gbp_per_kw_delivered,Grid connection cost,GBP/kW-delivered AC,283.2,88.98680197298054
grid_connection_cost_gbp_per_kw_delivered,Grid connection cost,GBP/kW-delivered AC,286.0,89.03199733502768
grid_connection_cost_gbp_per_kw_delivered,Grid connection cost,GBP/kW-delivered AC,288.79999999999995,89.07719269707485
grid_connection_cost_gbp_per_kw_delivered,Grid connection cost,GBP/kW-delivered AC,291.59999999999997,89.12238805912199
grid_connection_cost_gbp_per_kw_delivered,Grid connection cost,GBP/kW-delivered AC,294.4,89.16758342116916
grid_connection_cost_gbp_per_kw_delivered,Grid connection cost,GBP/kW-delivered AC,297.2,89.2127787832163
grid_connection_cost_gbp_per_kw_delivered,Grid connection cost,GBP/kW-delivered AC,300.0,89.25797414526346
programme_contingency_fraction,Initial programme contingency,fraction of pre-contingency initial CAPEX,0.0,73.18700251885718
programme_contingency_fraction,Initial programme contingency,fraction of pre-contingency initial CAPEX,0.005,73.5080708058617
programme_contingency_fraction,Initial programme contingency,fraction of pre-contingency initial CAPEX,0.01,73.82913909286623
programme_contingency_fraction,Initial programme contingency,fraction of pre-contingency initial CAPEX,0.015,74.15020737987075
programme_contingency_fraction,Initial programme contingency,fraction of pre-contingency initial CAPEX,0.02,74.47127566687527
programme_contingency_fraction,Initial programme contingency,fraction of pre-contingency initial CAPEX,0.025,74.79234395387981
programme_contingency_fraction,Initial programme contingency,fraction of pre-contingency initial CAPEX,0.03,75.11341224088433
programme_contingency_fraction,Initial programme contingency,fraction of pre-contingency initial CAPEX,0.035,75.43448052788885
programme_contingency_fraction,Initial programme contingency,fraction of pre-contingency initial CAPEX,0.04,75.75554881489337
programme_contingency_fraction,Initial programme contingency,fraction of pre-contingency initial CAPEX,0.045,76.0766171018979
programme_contingency_fraction,Initial programme contingency,fraction of pre-contingency initial CAPEX,0.05,76.39768538890243
programme_contingency_fraction,Initial programme contingency,fraction of pre-contingency initial CAPEX,0.055,76.71875367590694
programme_contingency_fraction,Initial programme contingency,fraction of pre-contingency initial CAPEX,0.06,77.03982196291147
programme_contingency_fraction,Initial programme contingency,fraction of pre-contingency initial CAPEX,0.065,77.360890249916
programme_contingency_fraction,Initial programme contingency,fraction of pre-contingency initial CAPEX,0.07,77.68195853692053
programme_contingency_fraction,Initial programme contingency,fraction of pre-contingency initial CAPEX,0.075,78.00302682392504
programme_contingency_fraction,Initial programme contingency,fraction of pre-contingency initial CAPEX,0.08,78.32409511092958
programme_contingency_fraction,Initial programme contingency,fraction of pre-contingency initial CAPEX,0.085,78.64516339793411
programme_contingency_fraction,Initial programme contingency,fraction of pre-contingency initial CAPEX,0.09,78.96623168493862
programme_contingency_fraction,Initial programme contingency,fraction of pre-contingency initial CAPEX,0.095,79.28729997194316
programme_contingency_fraction,Initial programme contingency,fraction of pre-contingency initial CAPEX,0.1,79.60836825894768
programme_contingency_fraction,Initial programme contingency,fraction of pre-contingency initial CAPEX,0.105,79.92943654595221
programme_contingency_fraction,Initial programme contingency,fraction of pre-contingency initial CAPEX,0.11,80.25050483295672
programme_contingency_fraction,Initial programme contingency,fraction of pre-contingency initial CAPEX,0.115,80.57157311996124
programme_contingency_fraction,Initial programme contingency,fraction of pre-contingency initial CAPEX,0.12,80.89264140696577
programme_contingency_fraction,Initial programme contingency,fraction of pre-contingency initial CAPEX,0.125,81.2137096939703
programme_contingency_fraction,Initial programme contingency,fraction of pre-contingency initial CAPEX,0.13,81.53477798097481
programme_contingency_fraction,Initial programme contingency,fraction of pre-contingency initial CAPEX,0.135,81.85584626797935
programme_contingency_fraction,Initial programme contingency,fraction of pre-contingency initial CAPEX,0.14,82.17691455498388
programme_contingency_fraction,Initial programme contingency,fraction of pre-contingency initial CAPEX,0.145,82.49798284198839
programme_contingency_fraction,Initial programme contingency,fraction of pre-contingency initial CAPEX,0.15,82.81905112899292
programme_contingency_fraction,Initial programme contingency,fraction of pre-contingency initial CAPEX,0.155,83.14011941599745
programme_contingency_fraction,Initial programme contingency,fraction of pre-contingency initial CAPEX,0.16,83.46118770300197
programme_contingency_fraction,Initial programme contingency,fraction of pre-contingency initial CAPEX,0.165,83.78225599000649
programme_contingency_fraction,Initial programme contingency,fraction of pre-contingency initial CAPEX,0.17,84.10332427701101
programme_contingency_fraction,Initial programme contingency,fraction of pre-contingency initial CAPEX,0.17500000000000002,84.42439256401553
programme_contingency_fraction,Initial programme contingency,fraction of pre-contingency initial CAPEX,0.18,84.74546085102004
programme_contingency_fraction,Initial programme contingency,fraction of pre-contingency initial CAPEX,0.185,85.06652913802459
programme_contingency_fraction,Initial programme contingency,fraction of pre-contingency initial CAPEX,0.19,85.38759742502911
programme_contingency_fraction,Initial programme contingency,fraction of pre-contingency initial CAPEX,0.195,85.70866571203365
programme_contingency_fraction,Initial programme contingency,fraction of pre-contingency initial CAPEX,0.2,86.02973399903817
programme_contingency_fraction,Initial programme contingency,fraction of pre-contingency initial CAPEX,0.20500000000000002,86.35080228604268
programme_contingency_fraction,Initial programme contingency,fraction of pre-contingency initial CAPEX,0.21,86.67187057304722
programme_contingency_fraction,Initial programme contingency,fraction of pre-contingency initial CAPEX,0.215,86.99293886005172
programme_contingency_fraction,Initial programme contingency,fraction of pre-contingency initial CAPEX,0.22,87.31400714705626
programme_contingency_fraction,Initial programme contingency,fraction of pre-contingency initial CAPEX,0.225,87.6350754340608
programme_contingency_fraction,Initial programme contingency,fraction of pre-contingency initial CAPEX,0.23,87.95614372106532
programme_contingency_fraction,Initial programme contingency,fraction of pre-contingency initial CAPEX,0.23500000000000001,88.27721200806982
programme_contingency_fraction,Initial programme contingency,fraction of pre-contingency initial CAPEX,0.24,88.59828029507436
programme_contingency_fraction,Initial programme contingency,fraction of pre-contingency initial CAPEX,0.245,88.91934858207887
programme_contingency_fraction,Initial programme contingency,fraction of pre-contingency initial CAPEX,0.25,89.2404168690834
programme_contingency_fraction,Initial programme contingency,fraction of pre-contingency initial CAPEX,0.255,89.56148515608793
programme_contingency_fraction,Initial programme contingency,fraction of pre-contingency initial CAPEX,0.26,89.88255344309245
programme_contingency_fraction,Initial programme contingency,fraction of pre-contingency initial CAPEX,0.265,90.203621730097
programme_contingency_fraction,Initial programme contingency,fraction of pre-contingency initial CAPEX,0.27,90.5246900171015
programme_contingency_fraction,Initial programme contingency,fraction of pre-contingency initial CAPEX,0.275,90.84575830410604
programme_contingency_fraction,Initial programme contingency,fraction of pre-contingency initial CAPEX,0.28,91.16682659111055
programme_contingency_fraction,Initial programme contingency,fraction of pre-contingency initial CAPEX,0.28500000000000003,91.48789487811509
programme_contingency_fraction,Initial programme contingency,fraction of pre-contingency initial CAPEX,0.29,91.8089631651196
programme_contingency_fraction,Initial programme contingency,fraction of pre-contingency initial CAPEX,0.295,92.13003145212413
programme_contingency_fraction,Initial programme contingency,fraction of pre-contingency initial CAPEX,0.3,92.45109973912864
programme_contingency_fraction,Initial programme contingency,fraction of pre-contingency initial CAPEX,0.305,92.77216802613319
programme_contingency_fraction,Initial programme contingency,fraction of pre-contingency initial CAPEX,0.31,93.09323631313772
programme_contingency_fraction,Initial programme contingency,fraction of pre-contingency initial CAPEX,0.315,93.41430460014223
programme_contingency_fraction,Initial programme contingency,fraction of pre-contingency initial CAPEX,0.32,93.73537288714677
programme_contingency_fraction,Initial programme contingency,fraction of pre-contingency initial CAPEX,0.325,94.05644117415127
programme_contingency_fraction,Initial programme contingency,fraction of pre-contingency initial CAPEX,0.33,94.3775094611558
programme_contingency_fraction,Initial programme contingency,fraction of pre-contingency initial CAPEX,0.335,94.69857774816032
programme_contingency_fraction,Initial programme contingency,fraction of pre-contingency initial CAPEX,0.34,95.01964603516485
programme_contingency_fraction,Initial programme contingency,fraction of pre-contingency initial CAPEX,0.34500000000000003,95.34071432216936
programme_contingency_fraction,Initial programme contingency,fraction of pre-contingency initial CAPEX,0.35000000000000003,95.66178260917391
programme_contingency_fraction,Initial programme contingency,fraction of pre-contingency initial CAPEX,0.355,95.98285089617842
programme_contingency_fraction,Initial programme contingency,fraction of pre-contingency initial CAPEX,0.36,96.30391918318294
programme_contingency_fraction,Initial programme contingency,fraction of pre-contingency initial CAPEX,0.365,96.62498747018746
programme_contingency_fraction,Initial programme contingency,fraction of pre-contingency initial CAPEX,0.37,96.946055757192
programme_contingency_fraction,Initial programme contingency,fraction of pre-contingency initial CAPEX,0.375,97.26712404419654
programme_contingency_fraction,Initial programme contingency,fraction of pre-contingency initial CAPEX,0.38,97.58819233120104
programme_contingency_fraction,Initial programme contingency,fraction of pre-contingency initial CAPEX,0.385,97.90926061820556
programme_contingency_fraction,Initial programme contingency,fraction of pre-contingency initial CAPEX,0.39,98.23032890521009
programme_contingency_fraction,Initial programme contingency,fraction of pre-contingency initial CAPEX,0.395,98.55139719221462
programme_contingency_fraction,Initial programme contingency,fraction of pre-contingency initial CAPEX,0.4,98.87246547921914
programme_contingency_fraction,Initial programme contingency,fraction of pre-contingency initial CAPEX,0.405,99.19353376622368
programme_contingency_fraction,Initial programme contingency,fraction of pre-contingency initial CAPEX,0.41000000000000003,99.5146020532282
programme_contingency_fraction,Initial programme contingency,fraction of pre-contingency initial CAPEX,0.41500000000000004,99.83567034023272
programme_contingency_fraction,Initial programme contingency,fraction of pre-contingency initial CAPEX,0.42,100.15673862723723
programme_contingency_fraction,Initial programme contingency,fraction of pre-contingency initial CAPEX,0.425,100.47780691424177
programme_contingency_fraction,Initial programme contingency,fraction of pre-contingency initial CAPEX,0.43,100.79887520124629
programme_contingency_fraction,Initial programme contingency,fraction of pre-contingency initial CAPEX,0.435,101.11994348825083
programme_contingency_fraction,Initial programme contingency,fraction of pre-contingency initial CAPEX,0.44,101.44101177525535
programme_contingency_fraction,Initial programme contingency,fraction of pre-contingency initial CAPEX,0.445,101.76208006225986
programme_contingency_fraction,Initial programme contingency,fraction of pre-contingency initial CAPEX,0.45,102.08314834926438
programme_contingency_fraction,Initial programme contingency,fraction of pre-contingency initial CAPEX,0.455,102.4042166362689
programme_contingency_fraction,Initial programme contingency,fraction of pre-contingency initial CAPEX,0.46,102.72528492327342
programme_contingency_fraction,Initial programme contingency,fraction of pre-contingency initial CAPEX,0.465,103.04635321027796
programme_contingency_fraction,Initial programme contingency,fraction of pre-contingency initial CAPEX,0.47000000000000003,103.36742149728248
programme_contingency_fraction,Initial programme contingency,fraction of pre-contingency initial CAPEX,0.47500000000000003,103.68848978428701
programme_contingency_fraction,Initial programme contingency,fraction of pre-contingency initial CAPEX,0.48,104.00955807129152
programme_contingency_fraction,Initial programme contingency,fraction of pre-contingency initial CAPEX,0.485,104.33062635829606
programme_contingency_fraction,Initial programme contingency,fraction of pre-contingency initial CAPEX,0.49,104.6516946453006
programme_contingency_fraction,Initial programme contingency,fraction of pre-contingency initial CAPEX,0.495,104.9727629323051
programme_contingency_fraction,Initial programme contingency,fraction of pre-contingency initial CAPEX,0.5,105.29383121930962
space_hardware_replacement_rate_per_year,Space-hardware replacement rate,fraction/year,0.0,81.95294207821127
space_hardware_replacement_rate_per_year,Space-hardware replacement rate,fraction/year,0.0003,82.15678167425261
space_hardware_replacement_rate_per_year,Space-hardware replacement rate,fraction/year,0.0006,82.36062127029396
space_hardware_replacement_rate_per_year,Space-hardware replacement rate,fraction/year,0.0009,82.5644608663353
space_hardware_replacement_rate_per_year,Space-hardware replacement rate,fraction/year,0.0012,82.76830046237664
space_hardware_replacement_rate_per_year,Space-hardware replacement rate,fraction/year,0.0014999999999999998,82.97214005841799
space_hardware_replacement_rate_per_year,Space-hardware replacement rate,fraction/year,0.0018,83.17597965445934
space_hardware_replacement_rate_per_year,Space-hardware replacement rate,fraction/year,0.0021,83.37981925050069
space_hardware_replacement_rate_per_year,Space-hardware replacement rate,fraction/year,0.0024,83.58365884654204
space_hardware_replacement_rate_per_year,Space-hardware replacement rate,fraction/year,0.0026999999999999997,83.78749844258338
space_hardware_replacement_rate_per_year,Space-hardware replacement rate,fraction/year,0.0029999999999999996,83.99133803862472
space_hardware_replacement_rate_per_year,Space-hardware replacement rate,fraction/year,0.0032999999999999995,84.19517763466607
space_hardware_replacement_rate_per_year,Space-hardware replacement rate,fraction/year,0.0036,84.39901723070741
space_hardware_replacement_rate_per_year,Space-hardware replacement rate,fraction/year,0.0039,84.60285682674876
space_hardware_replacement_rate_per_year,Space-hardware replacement rate,fraction/year,0.0042,84.8066964227901
space_hardware_replacement_rate_per_year,Space-hardware replacement rate,fraction/year,0.0045,85.01053601883144
space_hardware_replacement_rate_per_year,Space-hardware replacement rate,fraction/year,0.0048,85.2143756148728
space_hardware_replacement_rate_per_year,Space-hardware replacement rate,fraction/year,0.0050999999999999995,85.41821521091414
space_hardware_replacement_rate_per_year,Space-hardware replacement rate,fraction/year,0.005399999999999999,85.62205480695548
space_hardware_replacement_rate_per_year,Space-hardware replacement rate,fraction/year,0.005699999999999999,85.82589440299682
space_hardware_replacement_rate_per_year,Space-hardware replacement rate,fraction/year,0.005999999999999999,86.02973399903817
space_hardware_replacement_rate_per_year,Space-hardware replacement rate,fraction/year,0.006299999999999999,86.2335735950795
space_hardware_replacement_rate_per_year,Space-hardware replacement rate,fraction/year,0.006599999999999999,86.43741319112085
space_hardware_replacement_rate_per_year,Space-hardware replacement rate,fraction/year,0.006899999999999999,86.6412527871622
space_hardware_replacement_rate_per_year,Space-hardware replacement rate,fraction/year,0.0072,86.84509238320355
space_hardware_replacement_rate_per_year,Space-hardware replacement rate,fraction/year,0.0075,87.04893197924488
space_hardware_replacement_rate_per_year,Space-hardware replacement rate,fraction/year,0.0078,87.25277157528623
space_hardware_replacement_rate_per_year,Space-hardware replacement rate,fraction/year,0.0081,87.45661117132758
space_hardware_replacement_rate_per_year,Space-hardware replacement rate,fraction/year,0.0084,87.66045076736893
space_hardware_replacement_rate_per_year,Space-hardware replacement rate,fraction/year,0.0087,87.86429036341026
space_hardware_replacement_rate_per_year,Space-hardware replacement rate,fraction/year,0.009,88.06812995945161
space_hardware_replacement_rate_per_year,Space-hardware replacement rate,fraction/year,0.0093,88.27196955549296
space_hardware_replacement_rate_per_year,Space-hardware replacement rate,fraction/year,0.0096,88.47580915153429
space_hardware_replacement_rate_per_year,Space-hardware replacement rate,fraction/year,0.009899999999999999,88.67964874757564
space_hardware_replacement_rate_per_year,Space-hardware replacement rate,fraction/year,0.010199999999999999,88.88348834361699
space_hardware_replacement_rate_per_year,Space-hardware replacement rate,fraction/year,0.010499999999999999,89.08732793965834
space_hardware_replacement_rate_per_year,Space-hardware replacement rate,fraction/year,0.010799999999999999,89.29116753569967
space_hardware_replacement_rate_per_year,Space-hardware replacement rate,fraction/year,0.011099999999999999,89.49500713174102
space_hardware_replacement_rate_per_year,Space-hardware replacement rate,fraction/year,0.011399999999999999,89.69884672778237
space_hardware_replacement_rate_per_year,Space-hardware replacement rate,fraction/year,0.011699999999999999,89.90268632382372
space_hardware_replacement_rate_per_year,Space-hardware replacement rate,fraction/year,0.011999999999999999,90.10652591986505
space_hardware_replacement_rate_per_year,Space-hardware replacement rate,fraction/year,0.012299999999999998,90.31036551590641
space_hardware_replacement_rate_per_year,Space-hardware replacement rate,fraction/year,0.012599999999999998,90.51420511194775
space_hardware_replacement_rate_per_year,Space-hardware replacement rate,fraction/year,0.012899999999999998,90.71804470798908
space_hardware_replacement_rate_per_year,Space-hardware replacement rate,fraction/year,0.013199999999999998,90.92188430403044
space_hardware_replacement_rate_per_year,Space-hardware replacement rate,fraction/year,0.013499999999999998,91.12572390007179
space_hardware_replacement_rate_per_year,Space-hardware replacement rate,fraction/year,0.013799999999999998,91.32956349611312
space_hardware_replacement_rate_per_year,Space-hardware replacement rate,fraction/year,0.014099999999999998,91.53340309215446
space_hardware_replacement_rate_per_year,Space-hardware replacement rate,fraction/year,0.0144,91.7372426881958
space_hardware_replacement_rate_per_year,Space-hardware replacement rate,fraction/year,0.0147,91.94108228423717
space_hardware_replacement_rate_per_year,Space-hardware replacement rate,fraction/year,0.015,92.1449218802785
space_hardware_replacement_rate_per_year,Space-hardware replacement rate,fraction/year,0.0153,92.34876147631985
space_hardware_replacement_rate_per_year,Space-hardware replacement rate,fraction/year,0.0156,92.5526010723612
space_hardware_replacement_rate_per_year,Space-hardware replacement rate,fraction/year,0.015899999999999997,92.75644066840255
space_hardware_replacement_rate_per_year,Space-hardware replacement rate,fraction/year,0.0162,92.96028026444388
space_hardware_replacement_rate_per_year,Space-hardware replacement rate,fraction/year,0.016499999999999997,93.16411986048523
space_hardware_replacement_rate_per_year,Space-hardware replacement rate,fraction/year,0.0168,93.36795945652658
space_hardware_replacement_rate_per_year,Space-hardware replacement rate,fraction/year,0.017099999999999997,93.57179905256793
space_hardware_replacement_rate_per_year,Space-hardware replacement rate,fraction/year,0.0174,93.77563864860926
space_hardware_replacement_rate_per_year,Space-hardware replacement rate,fraction/year,0.017699999999999997,93.97947824465061
space_hardware_replacement_rate_per_year,Space-hardware replacement rate,fraction/year,0.018,94.18331784069196
space_hardware_replacement_rate_per_year,Space-hardware replacement rate,fraction/year,0.018299999999999997,94.38715743673329
space_hardware_replacement_rate_per_year,Space-hardware replacement rate,fraction/year,0.0186,94.59099703277464
space_hardware_replacement_rate_per_year,Space-hardware replacement rate,fraction/year,0.018899999999999997,94.79483662881599
space_hardware_replacement_rate_per_year,Space-hardware replacement rate,fraction/year,0.0192,94.99867622485733
space_hardware_replacement_rate_per_year,Space-hardware replacement rate,fraction/year,0.0195,95.20251582089867
space_hardware_replacement_rate_per_year,Space-hardware replacement rate,fraction/year,0.019799999999999998,95.40635541694002
space_hardware_replacement_rate_per_year,Space-hardware replacement rate,fraction/year,0.0201,95.61019501298136
space_hardware_replacement_rate_per_year,Space-hardware replacement rate,fraction/year,0.020399999999999998,95.81403460902271
space_hardware_replacement_rate_per_year,Space-hardware replacement rate,fraction/year,0.0207,96.01787420506405
space_hardware_replacement_rate_per_year,Space-hardware replacement rate,fraction/year,0.020999999999999998,96.22171380110541
space_hardware_replacement_rate_per_year,Space-hardware replacement rate,fraction/year,0.0213,96.42555339714676
space_hardware_replacement_rate_per_year,Space-hardware replacement rate,fraction/year,0.021599999999999998,96.62939299318808
space_hardware_replacement_rate_per_year,Space-hardware replacement rate,fraction/year,0.0219,96.83323258922943
space_hardware_replacement_rate_per_year,Space-hardware replacement rate,fraction/year,0.022199999999999998,97.03707218527077
space_hardware_replacement_rate_per_year,Space-hardware replacement rate,fraction/year,0.0225,97.24091178131214
space_hardware_replacement_rate_per_year,Space-hardware replacement rate,fraction/year,0.022799999999999997,97.44475137735346
space_hardware_replacement_rate_per_year,Space-hardware replacement rate,fraction/year,0.0231,97.6485909733948
space_hardware_replacement_rate_per_year,Space-hardware replacement rate,fraction/year,0.023399999999999997,97.85243056943615
space_hardware_replacement_rate_per_year,Space-hardware replacement rate,fraction/year,0.0237,98.0562701654775
space_hardware_replacement_rate_per_year,Space-hardware replacement rate,fraction/year,0.023999999999999997,98.26010976151883
space_hardware_replacement_rate_per_year,Space-hardware replacement rate,fraction/year,0.0243,98.46394935756018
space_hardware_replacement_rate_per_year,Space-hardware replacement rate,fraction/year,0.024599999999999997,98.66778895360154
space_hardware_replacement_rate_per_year,Space-hardware replacement rate,fraction/year,0.0249,98.87162854964288
space_hardware_replacement_rate_per_year,Space-hardware replacement rate,fraction/year,0.025199999999999997,99.07546814568421
space_hardware_replacement_rate_per_year,Space-hardware replacement rate,fraction/year,0.0255,99.27930774172557
space_hardware_replacement_rate_per_year,Space-hardware replacement rate,fraction/year,0.025799999999999997,99.48314733776691
space_hardware_replacement_rate_per_year,Space-hardware replacement rate,fraction/year,0.026099999999999998,99.68698693380826
space_hardware_replacement_rate_per_year,Space-hardware replacement rate,fraction/year,0.026399999999999996,99.8908265298496
space_hardware_replacement_rate_per_year,Space-hardware replacement rate,fraction/year,0.026699999999999998,100.09466612589095
space_hardware_replacement_rate_per_year,Space-hardware replacement rate,fraction/year,0.026999999999999996,100.29850572193229
space_hardware_replacement_rate_per_year,Space-hardware replacement rate,fraction/year,0.027299999999999998,100.50234531797364
space_hardware_replacement_rate_per_year,Space-hardware replacement rate,fraction/year,0.027599999999999996,100.70618491401497
space_hardware_replacement_rate_per_year,Space-hardware replacement rate,fraction/year,0.027899999999999998,100.91002451005633
space_hardware_replacement_rate_per_year,Space-hardware replacement rate,fraction/year,0.028199999999999996,101.11386410609767
space_hardware_replacement_rate_per_year,Space-hardware replacement rate,fraction/year,0.028499999999999998,101.31770370213901
space_hardware_replacement_rate_per_year,Space-hardware replacement rate,fraction/year,0.0288,101.52154329818035
space_hardware_replacement_rate_per_year,Space-hardware replacement rate,fraction/year,0.029099999999999997,101.72538289422171
space_hardware_replacement_rate_per_year,Space-hardware replacement rate,fraction/year,0.0294,101.92922249026304
space_hardware_replacement_rate_per_year,Space-hardware replacement rate,fraction/year,0.029699999999999997,102.13306208630439
space_hardware_replacement_rate_per_year,Space-hardware replacement rate,fraction/year,0.03,102.33690168234574
ground_hardware_replacement_rate_per_year,Ground-hardware replacement rate,fraction/year,0.0,85.92977277446158
ground_hardware_replacement_rate_per_year,Ground-hardware replacement rate,fraction/year,0.0002,85.93643685610002
ground_hardware_replacement_rate_per_year,Ground-hardware replacement rate,fraction/year,0.0004,85.94310093773845
ground_hardware_replacement_rate_per_year,Ground-hardware replacement rate,fraction/year,0.0006000000000000001,85.9497650193769
ground_hardware_replacement_rate_per_year,Ground-hardware replacement rate,fraction/year,0.0008,85.95642910101533
ground_hardware_replacement_rate_per_year,Ground-hardware replacement rate,fraction/year,0.001,85.96309318265376
ground_hardware_replacement_rate_per_year,Ground-hardware replacement rate,fraction/year,0.0012000000000000001,85.96975726429221
ground_hardware_replacement_rate_per_year,Ground-hardware replacement rate,fraction/year,0.0014,85.97642134593065
ground_hardware_replacement_rate_per_year,Ground-hardware replacement rate,fraction/year,0.0016,85.98308542756908
ground_hardware_replacement_rate_per_year,Ground-hardware replacement rate,fraction/year,0.0018000000000000002,85.98974950920753
ground_hardware_replacement_rate_per_year,Ground-hardware replacement rate,fraction/year,0.002,85.99641359084598
ground_hardware_replacement_rate_per_year,Ground-hardware replacement rate,fraction/year,0.0022,86.00307767248441
ground_hardware_replacement_rate_per_year,Ground-hardware replacement rate,fraction/year,0.0024000000000000002,86.00974175412286
ground_hardware_replacement_rate_per_year,Ground-hardware replacement rate,fraction/year,0.0026000000000000003,86.01640583576129
ground_hardware_replacement_rate_per_year,Ground-hardware replacement rate,fraction/year,0.0028,86.02306991739974
ground_hardware_replacement_rate_per_year,Ground-hardware replacement rate,fraction/year,0.003,86.02973399903817
ground_hardware_replacement_rate_per_year,Ground-hardware replacement rate,fraction/year,0.0032,86.0363980806766
ground_hardware_replacement_rate_per_year,Ground-hardware replacement rate,fraction/year,0.0034000000000000002,86.04306216231505
ground_hardware_replacement_rate_per_year,Ground-hardware replacement rate,fraction/year,0.0036000000000000003,86.04972624395349
ground_hardware_replacement_rate_per_year,Ground-hardware replacement rate,fraction/year,0.0038,86.05639032559192
ground_hardware_replacement_rate_per_year,Ground-hardware replacement rate,fraction/year,0.004,86.06305440723037
ground_hardware_replacement_rate_per_year,Ground-hardware replacement rate,fraction/year,0.004200000000000001,86.0697184888688
ground_hardware_replacement_rate_per_year,Ground-hardware replacement rate,fraction/year,0.0044,86.07638257050723
ground_hardware_replacement_rate_per_year,Ground-hardware replacement rate,fraction/year,0.0046,86.08304665214568
ground_hardware_replacement_rate_per_year,Ground-hardware replacement rate,fraction/year,0.0048000000000000004,86.08971073378412
ground_hardware_replacement_rate_per_year,Ground-hardware replacement rate,fraction/year,0.005,86.09637481542255
ground_hardware_replacement_rate_per_year,Ground-hardware replacement rate,fraction/year,0.005200000000000001,86.103038897061
ground_hardware_replacement_rate_per_year,Ground-hardware replacement rate,fraction/year,0.0054,86.10970297869943
ground_hardware_replacement_rate_per_year,Ground-hardware replacement rate,fraction/year,0.0056,86.11636706033788
ground_hardware_replacement_rate_per_year,Ground-hardware replacement rate,fraction/year,0.0058000000000000005,86.12303114197631
ground_hardware_replacement_rate_per_year,Ground-hardware replacement rate,fraction/year,0.006,86.12969522361475
ground_hardware_replacement_rate_per_year,Ground-hardware replacement rate,fraction/year,0.006200000000000001,86.1363593052532
ground_hardware_replacement_rate_per_year,Ground-hardware replacement rate,fraction/year,0.0064,86.14302338689163
ground_hardware_replacement_rate_per_year,Ground-hardware replacement rate,fraction/year,0.0066,86.14968746853006
ground_hardware_replacement_rate_per_year,Ground-hardware replacement rate,fraction/year,0.0068000000000000005,86.15635155016851
ground_hardware_replacement_rate_per_year,Ground-hardware replacement rate,fraction/year,0.007,86.16301563180696
ground_hardware_replacement_rate_per_year,Ground-hardware replacement rate,fraction/year,0.007200000000000001,86.16967971344539
ground_hardware_replacement_rate_per_year,Ground-hardware replacement rate,fraction/year,0.0074,86.17634379508384
ground_hardware_replacement_rate_per_year,Ground-hardware replacement rate,fraction/year,0.0076,86.18300787672227
ground_hardware_replacement_rate_per_year,Ground-hardware replacement rate,fraction/year,0.0078000000000000005,86.1896719583607
ground_hardware_replacement_rate_per_year,Ground-hardware replacement rate,fraction/year,0.008,86.19633603999915
ground_hardware_replacement_rate_per_year,Ground-hardware replacement rate,fraction/year,0.0082,86.20300012163759
ground_hardware_replacement_rate_per_year,Ground-hardware replacement rate,fraction/year,0.008400000000000001,86.20966420327602
ground_hardware_replacement_rate_per_year,Ground-hardware replacement rate,fraction/year,0.0086,86.21632828491447
ground_hardware_replacement_rate_per_year,Ground-hardware replacement rate,fraction/year,0.0088,86.2229923665529
ground_hardware_replacement_rate_per_year,Ground-hardware replacement rate,fraction/year,0.009000000000000001,86.22965644819135
ground_hardware_replacement_rate_per_year,Ground-hardware replacement rate,fraction/year,0.0092,86.23632052982978
ground_hardware_replacement_rate_per_year,Ground-hardware replacement rate,fraction/year,0.0094,86.24298461146822
ground_hardware_replacement_rate_per_year,Ground-hardware replacement rate,fraction/year,0.009600000000000001,86.24964869310666
ground_hardware_replacement_rate_per_year,Ground-hardware replacement rate,fraction/year,0.0098,86.2563127747451
ground_hardware_replacement_rate_per_year,Ground-hardware replacement rate,fraction/year,0.01,86.26297685638353
ground_hardware_replacement_rate_per_year,Ground-hardware replacement rate,fraction/year,0.0102,86.26964093802198
ground_hardware_replacement_rate_per_year,Ground-hardware replacement rate,fraction/year,0.010400000000000001,86.27630501966041
ground_hardware_replacement_rate_per_year,Ground-hardware replacement rate,fraction/year,0.0106,86.28296910129885
ground_hardware_replacement_rate_per_year,Ground-hardware replacement rate,fraction/year,0.0108,86.2896331829373
ground_hardware_replacement_rate_per_year,Ground-hardware replacement rate,fraction/year,0.011000000000000001,86.29629726457573
ground_hardware_replacement_rate_per_year,Ground-hardware replacement rate,fraction/year,0.0112,86.30296134621416
ground_hardware_replacement_rate_per_year,Ground-hardware replacement rate,fraction/year,0.0114,86.30962542785261
ground_hardware_replacement_rate_per_year,Ground-hardware replacement rate,fraction/year,0.011600000000000001,86.31628950949104
ground_hardware_replacement_rate_per_year,Ground-hardware replacement rate,fraction/year,0.0118,86.32295359112949
ground_hardware_replacement_rate_per_year,Ground-hardware replacement rate,fraction/year,0.012,86.32961767276794
ground_hardware_replacement_rate_per_year,Ground-hardware replacement rate,fraction/year,0.0122,86.33628175440637
ground_hardware_replacement_rate_per_year,Ground-hardware replacement rate,fraction/year,0.012400000000000001,86.34294583604482
ground_hardware_replacement_rate_per_year,Ground-hardware replacement rate,fraction/year,0.0126,86.34960991768325
ground_hardware_replacement_rate_per_year,Ground-hardware replacement rate,fraction/year,0.0128,86.35627399932169
ground_hardware_replacement_rate_per_year,Ground-hardware replacement rate,fraction/year,0.013000000000000001,86.36293808096013
ground_hardware_replacement_rate_per_year,Ground-hardware replacement rate,fraction/year,0.0132,86.36960216259857
ground_hardware_replacement_rate_per_year,Ground-hardware replacement rate,fraction/year,0.0134,86.376266244237
ground_hardware_replacement_rate_per_year,Ground-hardware replacement rate,fraction/year,0.013600000000000001,86.38293032587545
ground_hardware_replacement_rate_per_year,Ground-hardware replacement rate,fraction/year,0.013800000000000002,86.38959440751388
ground_hardware_replacement_rate_per_year,Ground-hardware replacement rate,fraction/year,0.014,86.39625848915232
ground_hardware_replacement_rate_per_year,Ground-hardware replacement rate,fraction/year,0.0142,86.40292257079076
ground_hardware_replacement_rate_per_year,Ground-hardware replacement rate,fraction/year,0.014400000000000001,86.4095866524292
ground_hardware_replacement_rate_per_year,Ground-hardware replacement rate,fraction/year,0.0146,86.41625073406763
ground_hardware_replacement_rate_per_year,Ground-hardware replacement rate,fraction/year,0.0148,86.42291481570608
ground_hardware_replacement_rate_per_year,Ground-hardware replacement rate,fraction/year,0.015000000000000001,86.42957889734451
ground_hardware_replacement_rate_per_year,Ground-hardware replacement rate,fraction/year,0.0152,86.43624297898295
ground_hardware_replacement_rate_per_year,Ground-hardware replacement rate,fraction/year,0.0154,86.4429070606214
ground_hardware_replacement_rate_per_year,Ground-hardware replacement rate,fraction/year,0.015600000000000001,86.44957114225983
ground_hardware_replacement_rate_per_year,Ground-hardware replacement rate,fraction/year,0.0158,86.45623522389828
ground_hardware_replacement_rate_per_year,Ground-hardware replacement rate,fraction/year,0.016,86.46289930553671
ground_hardware_replacement_rate_per_year,Ground-hardware replacement rate,fraction/year,0.0162,86.46956338717514
ground_hardware_replacement_rate_per_year,Ground-hardware replacement rate,fraction/year,0.0164,86.47622746881359
ground_hardware_replacement_rate_per_year,Ground-hardware replacement rate,fraction/year,0.0166,86.48289155045202
ground_hardware_replacement_rate_per_year,Ground-hardware replacement rate,fraction/year,0.016800000000000002,86.48955563209047
ground_hardware_replacement_rate_per_year,Ground-hardware replacement rate,fraction/year,0.017,86.49621971372892
ground_hardware_replacement_rate_per_year,Ground-hardware replacement rate,fraction/year,0.0172,86.50288379536735
ground_hardware_replacement_rate_per_year,Ground-hardware replacement rate,fraction/year,0.017400000000000002,86.50954787700579
ground_hardware_replacement_rate_per_year,Ground-hardware replacement rate,fraction/year,0.0176,86.51621195864423
ground_hardware_replacement_rate_per_year,Ground-hardware replacement rate,fraction/year,0.0178,86.52287604028267
ground_hardware_replacement_rate_per_year,Ground-hardware replacement rate,fraction/year,0.018000000000000002,86.5295401219211
ground_hardware_replacement_rate_per_year,Ground-hardware replacement rate,fraction/year,0.0182,86.53620420355955
ground_hardware_replacement_rate_per_year,Ground-hardware replacement rate,fraction/year,0.0184,86.54286828519798
ground_hardware_replacement_rate_per_year,Ground-hardware replacement rate,fraction/year,0.018600000000000002,86.54953236683642
ground_hardware_replacement_rate_per_year,Ground-hardware replacement rate,fraction/year,0.0188,86.55619644847486
ground_hardware_replacement_rate_per_year,Ground-hardware replacement rate,fraction/year,0.019,86.5628605301133
ground_hardware_replacement_rate_per_year,Ground-hardware replacement rate,fraction/year,0.019200000000000002,86.56952461175175
ground_hardware_replacement_rate_per_year,Ground-hardware replacement rate,fraction/year,0.0194,86.57618869339018
ground_hardware_replacement_rate_per_year,Ground-hardware replacement rate,fraction/year,0.0196,86.58285277502861
ground_hardware_replacement_rate_per_year,Ground-hardware replacement rate,fraction/year,0.0198,86.58951685666706
ground_hardware_replacement_rate_per_year,Ground-hardware replacement rate,fraction/year,0.02,86.5961809383055
fixed_opex_fraction_of_eligible_assets_per_year,Fixed O&M rate,fraction/year,0.002,84.59246042099913
fixed_opex_fraction_of_eligible_assets_per_year,Fixed O&M rate,fraction/year,0.00248,84.67869683568148
fixed_opex_fraction_of_eligible_assets_per_year,Fixed O&M rate,fraction/year,0.00296,84.76493325036382
fixed_opex_fraction_of_eligible_assets_per_year,Fixed O&M rate,fraction/year,0.0034400000000000003,84.85116966504617
fixed_opex_fraction_of_eligible_assets_per_year,Fixed O&M rate,fraction/year,0.00392,84.9374060797285
fixed_opex_fraction_of_eligible_assets_per_year,Fixed O&M rate,fraction/year,0.0044,85.02364249441085
fixed_opex_fraction_of_eligible_assets_per_year,Fixed O&M rate,fraction/year,0.004880000000000001,85.1098789090932
fixed_opex_fraction_of_eligible_assets_per_year,Fixed O&M rate,fraction/year,0.00536,85.19611532377553
fixed_opex_fraction_of_eligible_assets_per_year,Fixed O&M rate,fraction/year,0.00584,85.28235173845786
fixed_opex_fraction_of_eligible_assets_per_year,Fixed O&M rate,fraction/year,0.00632,85.36858815314021
fixed_opex_fraction_of_eligible_assets_per_year,Fixed O&M rate,fraction/year,0.0068000000000000005,85.45482456782256
fixed_opex_fraction_of_eligible_assets_per_year,Fixed O&M rate,fraction/year,0.00728,85.5410609825049
fixed_opex_fraction_of_eligible_assets_per_year,Fixed O&M rate,fraction/year,0.00776,85.62729739718723
fixed_opex_fraction_of_eligible_assets_per_year,Fixed O&M rate,fraction/year,0.00824,85.71353381186958
fixed_opex_fraction_of_eligible_assets_per_year,Fixed O&M rate,fraction/year,0.00872,85.79977022655193
fixed_opex_fraction_of_eligible_assets_per_year,Fixed O&M rate,fraction/year,0.0092,85.88600664123427
fixed_opex_fraction_of_eligible_assets_per_year,Fixed O&M rate,fraction/year,0.009680000000000001,85.97224305591659
fixed_opex_fraction_of_eligible_assets_per_year,Fixed O&M rate,fraction/year,0.01016,86.05847947059894
fixed_opex_fraction_of_eligible_assets_per_year,Fixed O&M rate,fraction/year,0.01064,86.14471588528129
fixed_opex_fraction_of_eligible_assets_per_year,Fixed O&M rate,fraction/year,0.01112,86.23095229996363
fixed_opex_fraction_of_eligible_assets_per_year,Fixed O&M rate,fraction/year,0.011600000000000001,86.31718871464597
fixed_opex_fraction_of_eligible_assets_per_year,Fixed O&M rate,fraction/year,0.01208,86.40342512932831
fixed_opex_fraction_of_eligible_assets_per_year,Fixed O&M rate,fraction/year,0.01256,86.48966154401066
fixed_opex_fraction_of_eligible_assets_per_year,Fixed O&M rate,fraction/year,0.01304,86.575897958693
fixed_opex_fraction_of_eligible_assets_per_year,Fixed O&M rate,fraction/year,0.01352,86.66213437337534
fixed_opex_fraction_of_eligible_assets_per_year,Fixed O&M rate,fraction/year,0.014,86.74837078805767
fixed_opex_fraction_of_eligible_assets_per_year,Fixed O&M rate,fraction/year,0.01448,86.83460720274002
fixed_opex_fraction_of_eligible_assets_per_year,Fixed O&M rate,fraction/year,0.014960000000000001,86.92084361742236
fixed_opex_fraction_of_eligible_assets_per_year,Fixed O&M rate,fraction/year,0.01544,87.00708003210471
fixed_opex_fraction_of_eligible_assets_per_year,Fixed O&M rate,fraction/year,0.01592,87.09331644678704
fixed_opex_fraction_of_eligible_assets_per_year,Fixed O&M rate,fraction/year,0.016399999999999998,87.17955286146939
fixed_opex_fraction_of_eligible_assets_per_year,Fixed O&M rate,fraction/year,0.01688,87.26578927615174
fixed_opex_fraction_of_eligible_assets_per_year,Fixed O&M rate,fraction/year,0.01736,87.35202569083408
fixed_opex_fraction_of_eligible_assets_per_year,Fixed O&M rate,fraction/year,0.01784,87.4382621055164
fixed_opex_fraction_of_eligible_assets_per_year,Fixed O&M rate,fraction/year,0.018320000000000003,87.52449852019875
fixed_opex_fraction_of_eligible_assets_per_year,Fixed O&M rate,fraction/year,0.018799999999999997,87.6107349348811
fixed_opex_fraction_of_eligible_assets_per_year,Fixed O&M rate,fraction/year,0.01928,87.69697134956344
fixed_opex_fraction_of_eligible_assets_per_year,Fixed O&M rate,fraction/year,0.01976,87.78320776424577
fixed_opex_fraction_of_eligible_assets_per_year,Fixed O&M rate,fraction/year,0.02024,87.86944417892812
fixed_opex_fraction_of_eligible_assets_per_year,Fixed O&M rate,fraction/year,0.020720000000000002,87.95568059361047
fixed_opex_fraction_of_eligible_assets_per_year,Fixed O&M rate,fraction/year,0.021200000000000004,88.04191700829281
fixed_opex_fraction_of_eligible_assets_per_year,Fixed O&M rate,fraction/year,0.021679999999999998,88.12815342297515
fixed_opex_fraction_of_eligible_assets_per_year,Fixed O&M rate,fraction/year,0.02216,88.21438983765748
fixed_opex_fraction_of_eligible_assets_per_year,Fixed O&M rate,fraction/year,0.02264,88.30062625233982
fixed_opex_fraction_of_eligible_assets_per_year,Fixed O&M rate,fraction/year,0.02312,88.38686266702217
fixed_opex_fraction_of_eligible_assets_per_year,Fixed O&M rate,fraction/year,0.023600000000000003,88.47309908170452
fixed_opex_fraction_of_eligible_assets_per_year,Fixed O&M rate,fraction/year,0.024079999999999997,88.55933549638685
fixed_opex_fraction_of_eligible_assets_per_year,Fixed O&M rate,fraction/year,0.02456,88.6455719110692
fixed_opex_fraction_of_eligible_assets_per_year,Fixed O&M rate,fraction/year,0.02504,88.73180832575154
fixed_opex_fraction_of_eligible_assets_per_year,Fixed O&M rate,fraction/year,0.02552,88.81804474043389
fixed_opex_fraction_of_eligible_assets_per_year,Fixed O&M rate,fraction/year,0.026000000000000002,88.90428115511621
fixed_opex_fraction_of_eligible_assets_per_year,Fixed O&M rate,fraction/year,0.026480000000000004,88.99051756979856
fixed_opex_fraction_of_eligible_assets_per_year,Fixed O&M rate,fraction/year,0.026959999999999998,89.0767539844809
fixed_opex_fraction_of_eligible_assets_per_year,Fixed O&M rate,fraction/year,0.02744,89.16299039916325
fixed_opex_fraction_of_eligible_assets_per_year,Fixed O&M rate,fraction/year,0.02792,89.24922681384558
fixed_opex_fraction_of_eligible_assets_per_year,Fixed O&M rate,fraction/year,0.0284,89.33546322852793
fixed_opex_fraction_of_eligible_assets_per_year,Fixed O&M rate,fraction/year,0.028880000000000003,89.42169964321027
fixed_opex_fraction_of_eligible_assets_per_year,Fixed O&M rate,fraction/year,0.029360000000000004,89.50793605789262
fixed_opex_fraction_of_eligible_assets_per_year,Fixed O&M rate,fraction/year,0.02984,89.59417247257495
fixed_opex_fraction_of_eligible_assets_per_year,Fixed O&M rate,fraction/year,0.03032,89.68040888725729
fixed_opex_fraction_of_eligible_assets_per_year,Fixed O&M rate,fraction/year,0.0308,89.76664530193963
fixed_opex_fraction_of_eligible_assets_per_year,Fixed O&M rate,fraction/year,0.03128,89.85288171662198
fixed_opex_fraction_of_eligible_assets_per_year,Fixed O&M rate,fraction/year,0.031760000000000004,89.93911813130433
fixed_opex_fraction_of_eligible_assets_per_year,Fixed O&M rate,fraction/year,0.03224,90.02535454598666
fixed_opex_fraction_of_eligible_assets_per_year,Fixed O&M rate,fraction/year,0.03272,90.111590960669
fixed_opex_fraction_of_eligible_assets_per_year,Fixed O&M rate,fraction/year,0.0332,90.19782737535135
fixed_opex_fraction_of_eligible_assets_per_year,Fixed O&M rate,fraction/year,0.03368,90.28406379003368
fixed_opex_fraction_of_eligible_assets_per_year,Fixed O&M rate,fraction/year,0.03416,90.37030020471602
fixed_opex_fraction_of_eligible_assets_per_year,Fixed O&M rate,fraction/year,0.034640000000000004,90.45653661939836
fixed_opex_fraction_of_eligible_assets_per_year,Fixed O&M rate,fraction/year,0.035120000000000005,90.54277303408071
fixed_opex_fraction_of_eligible_assets_per_year,Fixed O&M rate,fraction/year,0.0356,90.62900944876306
fixed_opex_fraction_of_eligible_assets_per_year,Fixed O&M rate,fraction/year,0.03608,90.71524586344539
fixed_opex_fraction_of_eligible_assets_per_year,Fixed O&M rate,fraction/year,0.03656,90.80148227812774
fixed_opex_fraction_of_eligible_assets_per_year,Fixed O&M rate,fraction/year,0.037040000000000003,90.88771869281008
fixed_opex_fraction_of_eligible_assets_per_year,Fixed O&M rate,fraction/year,0.037520000000000005,90.97395510749243
fixed_opex_fraction_of_eligible_assets_per_year,Fixed O&M rate,fraction/year,0.038000000000000006,91.06019152217476
fixed_opex_fraction_of_eligible_assets_per_year,Fixed O&M rate,fraction/year,0.03848,91.1464279368571
fixed_opex_fraction_of_eligible_assets_per_year,Fixed O&M rate,fraction/year,0.03896,91.23266435153944
fixed_opex_fraction_of_eligible_assets_per_year,Fixed O&M rate,fraction/year,0.03944,91.31890076622179
fixed_opex_fraction_of_eligible_assets_per_year,Fixed O&M rate,fraction/year,0.039920000000000004,91.40513718090413
fixed_opex_fraction_of_eligible_assets_per_year,Fixed O&M rate,fraction/year,0.040400000000000005,91.49137359558647
fixed_opex_fraction_of_eligible_assets_per_year,Fixed O&M rate,fraction/year,0.04088,91.57761001026881
fixed_opex_fraction_of_eligible_assets_per_year,Fixed O&M rate,fraction/year,0.04136,91.66384642495116
fixed_opex_fraction_of_eligible_assets_per_year,Fixed O&M rate,fraction/year,0.04184,91.75008283963349
fixed_opex_fraction_of_eligible_assets_per_year,Fixed O&M rate,fraction/year,0.04232,91.83631925431584
fixed_opex_fraction_of_eligible_assets_per_year,Fixed O&M rate,fraction/year,0.042800000000000005,91.92255566899817
fixed_opex_fraction_of_eligible_assets_per_year,Fixed O&M rate,fraction/year,0.043280000000000006,92.00879208368052
fixed_opex_fraction_of_eligible_assets_per_year,Fixed O&M rate,fraction/year,0.04376,92.09502849836286
fixed_opex_fraction_of_eligible_assets_per_year,Fixed O&M rate,fraction/year,0.04424,92.1812649130452
fixed_opex_fraction_of_eligible_assets_per_year,Fixed O&M rate,fraction/year,0.04472,92.26750132772754
fixed_opex_fraction_of_eligible_assets_per_year,Fixed O&M rate,fraction/year,0.045200000000000004,92.35373774240989
fixed_opex_fraction_of_eligible_assets_per_year,Fixed O&M rate,fraction/year,0.045680000000000005,92.43997415709224
fixed_opex_fraction_of_eligible_assets_per_year,Fixed O&M rate,fraction/year,0.04616,92.52621057177457
fixed_opex_fraction_of_eligible_assets_per_year,Fixed O&M rate,fraction/year,0.04664,92.6124469864569
fixed_opex_fraction_of_eligible_assets_per_year,Fixed O&M rate,fraction/year,0.04712,92.69868340113925
fixed_opex_fraction_of_eligible_assets_per_year,Fixed O&M rate,fraction/year,0.0476,92.7849198158216
fixed_opex_fraction_of_eligible_assets_per_year,Fixed O&M rate,fraction/year,0.048080000000000005,92.87115623050394
fixed_opex_fraction_of_eligible_assets_per_year,Fixed O&M rate,fraction/year,0.048560000000000006,92.95739264518627
fixed_opex_fraction_of_eligible_assets_per_year,Fixed O&M rate,fraction/year,0.04904,93.04362905986862
fixed_opex_fraction_of_eligible_assets_per_year,Fixed O&M rate,fraction/year,0.04952,93.12986547455097
fixed_opex_fraction_of_eligible_assets_per_year,Fixed O&M rate,fraction/year,0.05,93.2161018892333
variable_opex_gbp_per_mwh,Variable O&M,GBP/MWh delivered,0.0,83.02973399903816
variable_opex_gbp_per_mwh,Variable O&M,GBP/MWh delivered,0.2,83.22973399903816
variable_opex_gbp_per_mwh,Variable O&M,GBP/MWh delivered,0.4,83.42973399903816
variable_opex_gbp_per_mwh,Variable O&M,GBP/MWh delivered,0.6000000000000001,83.62973399903817
variable_opex_gbp_per_mwh,Variable O&M,GBP/MWh delivered,0.8,83.82973399903817
variable_opex_gbp_per_mwh,Variable O&M,GBP/MWh delivered,1.0,84.02973399903817
variable_opex_gbp_per_mwh,Variable O&M,GBP/MWh delivered,1.2000000000000002,84.22973399903817
variable_opex_gbp_per_mwh,Variable O&M,GBP/MWh delivered,1.4000000000000001,84.42973399903816
variable_opex_gbp_per_mwh,Variable O&M,GBP/MWh delivered,1.6,84.62973399903817
variable_opex_gbp_per_mwh,Variable O&M,GBP/MWh delivered,1.8,84.82973399903815
variable_opex_gbp_per_mwh,Variable O&M,GBP/MWh delivered,2.0,85.02973399903816
variable_opex_gbp_per_mwh,Variable O&M,GBP/MWh delivered,2.2,85.22973399903816
variable_opex_gbp_per_mwh,Variable O&M,GBP/MWh delivered,2.4000000000000004,85.42973399903816
variable_opex_gbp_per_mwh,Variable O&M,GBP/MWh delivered,2.6,85.62973399903817
variable_opex_gbp_per_mwh,Variable O&M,GBP/MWh delivered,2.8000000000000003,85.82973399903817
variable_opex_gbp_per_mwh,Variable O&M,GBP/MWh delivered,3.0,86.02973399903817
variable_opex_gbp_per_mwh,Variable O&M,GBP/MWh delivered,3.2,86.22973399903817
variable_opex_gbp_per_mwh,Variable O&M,GBP/MWh delivered,3.4000000000000004,86.42973399903816
variable_opex_gbp_per_mwh,Variable O&M,GBP/MWh delivered,3.6,86.62973399903817
variable_opex_gbp_per_mwh,Variable O&M,GBP/MWh delivered,3.8000000000000003,86.82973399903815
variable_opex_gbp_per_mwh,Variable O&M,GBP/MWh delivered,4.0,87.02973399903816
variable_opex_gbp_per_mwh,Variable O&M,GBP/MWh delivered,4.2,87.22973399903816
variable_opex_gbp_per_mwh,Variable O&M,GBP/MWh delivered,4.4,87.42973399903816
variable_opex_gbp_per_mwh,Variable O&M,GBP/MWh delivered,4.6000000000000005,87.62973399903817
variable_opex_gbp_per_mwh,Variable O&M,GBP/MWh delivered,4.800000000000001,87.82973399903817
variable_opex_gbp_per_mwh,Variable O&M,GBP/MWh delivered,5.0,88.02973399903817
variable_opex_gbp_per_mwh,Variable O&M,GBP/MWh delivered,5.2,88.22973399903817
variable_opex_gbp_per_mwh,Variable O&M,GBP/MWh delivered,5.4,88.42973399903816
variable_opex_gbp_per_mwh,Variable O&M,GBP/MWh delivered,5.6000000000000005,88.62973399903817
variable_opex_gbp_per_mwh,Variable O&M,GBP/MWh delivered,5.800000000000001,88.82973399903817
variable_opex_gbp_per_mwh,Variable O&M,GBP/MWh delivered,6.0,89.02973399903817
variable_opex_gbp_per_mwh,Variable O&M,GBP/MWh delivered,6.2,89.22973399903816
variable_opex_gbp_per_mwh,Variable O&M,GBP/MWh delivered,6.4,89.42973399903816
variable_opex_gbp_per_mwh,Variable O&M,GBP/MWh delivered,6.6000000000000005,89.62973399903817
variable_opex_gbp_per_mwh,Variable O&M,GBP/MWh delivered,6.800000000000001,89.82973399903817
variable_opex_gbp_per_mwh,Variable O&M,GBP/MWh delivered,7.0,90.02973399903817
variable_opex_gbp_per_mwh,Variable O&M,GBP/MWh delivered,7.2,90.22973399903817
variable_opex_gbp_per_mwh,Variable O&M,GBP/MWh delivered,7.4,90.42973399903816
variable_opex_gbp_per_mwh,Variable O&M,GBP/MWh delivered,7.6000000000000005,90.62973399903817
variable_opex_gbp_per_mwh,Variable O&M,GBP/MWh delivered,7.800000000000001,90.82973399903817
variable_opex_gbp_per_mwh,Variable O&M,GBP/MWh delivered,8.0,91.02973399903817
variable_opex_gbp_per_mwh,Variable O&M,GBP/MWh delivered,8.200000000000001,91.22973399903816
variable_opex_gbp_per_mwh,Variable O&M,GBP/MWh delivered,8.4,91.42973399903816
variable_opex_gbp_per_mwh,Variable O&M,GBP/MWh delivered,8.6,91.62973399903817
variable_opex_gbp_per_mwh,Variable O&M,GBP/MWh delivered,8.8,91.82973399903817
variable_opex_gbp_per_mwh,Variable O&M,GBP/MWh delivered,9.0,92.02973399903817
variable_opex_gbp_per_mwh,Variable O&M,GBP/MWh delivered,9.200000000000001,92.22973399903816
variable_opex_gbp_per_mwh,Variable O&M,GBP/MWh delivered,9.4,92.42973399903816
variable_opex_gbp_per_mwh,Variable O&M,GBP/MWh delivered,9.600000000000001,92.62973399903817
variable_opex_gbp_per_mwh,Variable O&M,GBP/MWh delivered,9.8,92.82973399903817
variable_opex_gbp_per_mwh,Variable O&M,GBP/MWh delivered,10.0,93.02973399903817
variable_opex_gbp_per_mwh,Variable O&M,GBP/MWh delivered,10.200000000000001,93.22973399903816
variable_opex_gbp_per_mwh,Variable O&M,GBP/MWh delivered,10.4,93.42973399903816
variable_opex_gbp_per_mwh,Variable O&M,GBP/MWh delivered,10.600000000000001,93.62973399903817
variable_opex_gbp_per_mwh,Variable O&M,GBP/MWh delivered,10.8,93.82973399903817
variable_opex_gbp_per_mwh,Variable O&M,GBP/MWh delivered,11.0,94.02973399903817
variable_opex_gbp_per_mwh,Variable O&M,GBP/MWh delivered,11.200000000000001,94.22973399903816
variable_opex_gbp_per_mwh,Variable O&M,GBP/MWh delivered,11.4,94.42973399903816
variable_opex_gbp_per_mwh,Variable O&M,GBP/MWh delivered,11.600000000000001,94.62973399903817
variable_opex_gbp_per_mwh,Variable O&M,GBP/MWh delivered,11.8,94.82973399903817
variable_opex_gbp_per_mwh,Variable O&M,GBP/MWh delivered,12.0,95.02973399903817
variable_opex_gbp_per_mwh,Variable O&M,GBP/MWh delivered,12.200000000000001,95.22973399903816
variable_opex_gbp_per_mwh,Variable O&M,GBP/MWh delivered,12.4,95.42973399903816
variable_opex_gbp_per_mwh,Variable O&M,GBP/MWh delivered,12.600000000000001,95.62973399903817
variable_opex_gbp_per_mwh,Variable O&M,GBP/MWh delivered,12.8,95.82973399903817
variable_opex_gbp_per_mwh,Variable O&M,GBP/MWh delivered,13.0,96.02973399903817
variable_opex_gbp_per_mwh,Variable O&M,GBP/MWh delivered,13.200000000000001,96.22973399903816
variable_opex_gbp_per_mwh,Variable O&M,GBP/MWh delivered,13.4,96.42973399903816
variable_opex_gbp_per_mwh,Variable O&M,GBP/MWh delivered,13.600000000000001,96.62973399903817
variable_opex_gbp_per_mwh,Variable O&M,GBP/MWh delivered,13.8,96.82973399903817
variable_opex_gbp_per_mwh,Variable O&M,GBP/MWh delivered,14.0,97.02973399903817
variable_opex_gbp_per_mwh,Variable O&M,GBP/MWh delivered,14.200000000000001,97.22973399903816
variable_opex_gbp_per_mwh,Variable O&M,GBP/MWh delivered,14.4,97.42973399903816
variable_opex_gbp_per_mwh,Variable O&M,GBP/MWh delivered,14.600000000000001,97.62973399903817
variable_opex_gbp_per_mwh,Variable O&M,GBP/MWh delivered,14.8,97.82973399903817
variable_opex_gbp_per_mwh,Variable O&M,GBP/MWh delivered,15.0,98.02973399903816
variable_opex_gbp_per_mwh,Variable O&M,GBP/MWh delivered,15.200000000000001,98.22973399903816
variable_opex_gbp_per_mwh,Variable O&M,GBP/MWh delivered,15.4,98.42973399903816
variable_opex_gbp_per_mwh,Variable O&M,GBP/MWh delivered,15.600000000000001,98.62973399903817
variable_opex_gbp_per_mwh,Variable O&M,GBP/MWh delivered,15.8,98.82973399903817
variable_opex_gbp_per_mwh,Variable O&M,GBP/MWh delivered,16.0,99.02973399903817
variable_opex_gbp_per_mwh,Variable O&M,GBP/MWh delivered,16.2,99.22973399903816
variable_opex_gbp_per_mwh,Variable O&M,GBP/MWh delivered,16.400000000000002,99.42973399903816
variable_opex_gbp_per_mwh,Variable O&M,GBP/MWh delivered,16.6,99.62973399903817
variable_opex_gbp_per_mwh,Variable O&M,GBP/MWh delivered,16.8,99.82973399903817
variable_opex_gbp_per_mwh,Variable O&M,GBP/MWh delivered,17.0,100.02973399903816
variable_opex_gbp_per_mwh,Variable O&M,GBP/MWh delivered,17.2,100.22973399903816
variable_opex_gbp_per_mwh,Variable O&M,GBP/MWh delivered,17.400000000000002,100.42973399903816
variable_opex_gbp_per_mwh,Variable O&M,GBP/MWh delivered,17.6,100.62973399903817
variable_opex_gbp_per_mwh,Variable O&M,GBP/MWh delivered,17.8,100.82973399903815
variable_opex_gbp_per_mwh,Variable O&M,GBP/MWh delivered,18.0,101.02973399903817
variable_opex_gbp_per_mwh,Variable O&M,GBP/MWh delivered,18.2,101.22973399903816
variable_opex_gbp_per_mwh,Variable O&M,GBP/MWh delivered,18.400000000000002,101.42973399903816
variable_opex_gbp_per_mwh,Variable O&M,GBP/MWh delivered,18.6,101.62973399903817
variable_opex_gbp_per_mwh,Variable O&M,GBP/MWh delivered,18.8,101.82973399903817
variable_opex_gbp_per_mwh,Variable O&M,GBP/MWh delivered,19.0,102.02973399903816
variable_opex_gbp_per_mwh,Variable O&M,GBP/MWh delivered,19.200000000000003,102.22973399903816
variable_opex_gbp_per_mwh,Variable O&M,GBP/MWh delivered,19.400000000000002,102.42973399903816
variable_opex_gbp_per_mwh,Variable O&M,GBP/MWh delivered,19.6,102.62973399903817
variable_opex_gbp_per_mwh,Variable O&M,GBP/MWh delivered,19.8,102.82973399903817
variable_opex_gbp_per_mwh,Variable O&M,GBP/MWh delivered,20.0,103.02973399903817
decommissioning_cost_fraction_initial_capex,Terminal decommissioning cost,fraction of initial CAPEX,0.0,85.83168034455537
decommissioning_cost_fraction_initial_capex,Terminal decommissioning cost,fraction of initial CAPEX,0.002,85.85148571000364
decommissioning_cost_fraction_initial_capex,Terminal decommissioning cost,fraction of initial CAPEX,0.004,85.87129107545194
decommissioning_cost_fraction_initial_capex,Terminal decommissioning cost,fraction of initial CAPEX,0.006,85.89109644090021
decommissioning_cost_fraction_initial_capex,Terminal decommissioning cost,fraction of initial CAPEX,0.008,85.91090180634849
decommissioning_cost_fraction_initial_capex,Terminal decommissioning cost,fraction of initial CAPEX,0.01,85.93070717179675
decommissioning_cost_fraction_initial_capex,Terminal decommissioning cost,fraction of initial CAPEX,0.012,85.95051253724505
decommissioning_cost_fraction_initial_capex,Terminal decommissioning cost,fraction of initial CAPEX,0.014,85.97031790269332
decommissioning_cost_fraction_initial_capex,Terminal decommissioning cost,fraction of initial CAPEX,0.016,85.9901232681416
decommissioning_cost_fraction_initial_capex,Terminal decommissioning cost,fraction of initial CAPEX,0.018000000000000002,86.00992863358988
decommissioning_cost_fraction_initial_capex,Terminal decommissioning cost,fraction of initial CAPEX,0.02,86.02973399903817
decommissioning_cost_fraction_initial_capex,Terminal decommissioning cost,fraction of initial CAPEX,0.022,86.04953936448645
decommissioning_cost_fraction_initial_capex,Terminal decommissioning cost,fraction of initial CAPEX,0.024,86.06934472993473
decommissioning_cost_fraction_initial_capex,Terminal decommissioning cost,fraction of initial CAPEX,0.026000000000000002,86.089150095383
decommissioning_cost_fraction_initial_capex,Terminal decommissioning cost,fraction of initial CAPEX,0.028,86.1089554608313
decommissioning_cost_fraction_initial_capex,Terminal decommissioning cost,fraction of initial CAPEX,0.03,86.12876082627956
decommissioning_cost_fraction_initial_capex,Terminal decommissioning cost,fraction of initial CAPEX,0.032,86.14856619172784
decommissioning_cost_fraction_initial_capex,Terminal decommissioning cost,fraction of initial CAPEX,0.034,86.16837155717613
decommissioning_cost_fraction_initial_capex,Terminal decommissioning cost,fraction of initial CAPEX,0.036000000000000004,86.18817692262441
decommissioning_cost_fraction_initial_capex,Terminal decommissioning cost,fraction of initial CAPEX,0.038,86.20798228807269
decommissioning_cost_fraction_initial_capex,Terminal decommissioning cost,fraction of initial CAPEX,0.04,86.22778765352096
decommissioning_cost_fraction_initial_capex,Terminal decommissioning cost,fraction of initial CAPEX,0.042,86.24759301896925
decommissioning_cost_fraction_initial_capex,Terminal decommissioning cost,fraction of initial CAPEX,0.044,86.26739838441753
decommissioning_cost_fraction_initial_capex,Terminal decommissioning cost,fraction of initial CAPEX,0.046,86.28720374986581
decommissioning_cost_fraction_initial_capex,Terminal decommissioning cost,fraction of initial CAPEX,0.048,86.30700911531409
decommissioning_cost_fraction_initial_capex,Terminal decommissioning cost,fraction of initial CAPEX,0.05,86.32681448076238
decommissioning_cost_fraction_initial_capex,Terminal decommissioning cost,fraction of initial CAPEX,0.052000000000000005,86.34661984621064
decommissioning_cost_fraction_initial_capex,Terminal decommissioning cost,fraction of initial CAPEX,0.054,86.36642521165892
decommissioning_cost_fraction_initial_capex,Terminal decommissioning cost,fraction of initial CAPEX,0.056,86.3862305771072
decommissioning_cost_fraction_initial_capex,Terminal decommissioning cost,fraction of initial CAPEX,0.058,86.40603594255549
decommissioning_cost_fraction_initial_capex,Terminal decommissioning cost,fraction of initial CAPEX,0.06,86.42584130800377
decommissioning_cost_fraction_initial_capex,Terminal decommissioning cost,fraction of initial CAPEX,0.062,86.44564667345205
decommissioning_cost_fraction_initial_capex,Terminal decommissioning cost,fraction of initial CAPEX,0.064,86.46545203890032
decommissioning_cost_fraction_initial_capex,Terminal decommissioning cost,fraction of initial CAPEX,0.066,86.48525740434862
decommissioning_cost_fraction_initial_capex,Terminal decommissioning cost,fraction of initial CAPEX,0.068,86.5050627697969
decommissioning_cost_fraction_initial_capex,Terminal decommissioning cost,fraction of initial CAPEX,0.07,86.52486813524517
decommissioning_cost_fraction_initial_capex,Terminal decommissioning cost,fraction of initial CAPEX,0.07200000000000001,86.54467350069345
decommissioning_cost_fraction_initial_capex,Terminal decommissioning cost,fraction of initial CAPEX,0.074,86.56447886614173
decommissioning_cost_fraction_initial_capex,Terminal decommissioning cost,fraction of initial CAPEX,0.076,86.58428423159
decommissioning_cost_fraction_initial_capex,Terminal decommissioning cost,fraction of initial CAPEX,0.078,86.60408959703828
decommissioning_cost_fraction_initial_capex,Terminal decommissioning cost,fraction of initial CAPEX,0.08,86.62389496248657
decommissioning_cost_fraction_initial_capex,Terminal decommissioning cost,fraction of initial CAPEX,0.082,86.64370032793485
decommissioning_cost_fraction_initial_capex,Terminal decommissioning cost,fraction of initial CAPEX,0.084,86.66350569338313
decommissioning_cost_fraction_initial_capex,Terminal decommissioning cost,fraction of initial CAPEX,0.08600000000000001,86.6833110588314
decommissioning_cost_fraction_initial_capex,Terminal decommissioning cost,fraction of initial CAPEX,0.088,86.7031164242797
decommissioning_cost_fraction_initial_capex,Terminal decommissioning cost,fraction of initial CAPEX,0.09,86.72292178972798
decommissioning_cost_fraction_initial_capex,Terminal decommissioning cost,fraction of initial CAPEX,0.092,86.74272715517625
decommissioning_cost_fraction_initial_capex,Terminal decommissioning cost,fraction of initial CAPEX,0.094,86.76253252062452
decommissioning_cost_fraction_initial_capex,Terminal decommissioning cost,fraction of initial CAPEX,0.096,86.78233788607281
decommissioning_cost_fraction_initial_capex,Terminal decommissioning cost,fraction of initial CAPEX,0.098,86.80214325152109
decommissioning_cost_fraction_initial_capex,Terminal decommissioning cost,fraction of initial CAPEX,0.1,86.82194861696937
decommissioning_cost_fraction_initial_capex,Terminal decommissioning cost,fraction of initial CAPEX,0.10200000000000001,86.84175398241764
decommissioning_cost_fraction_initial_capex,Terminal decommissioning cost,fraction of initial CAPEX,0.10400000000000001,86.86155934786593
decommissioning_cost_fraction_initial_capex,Terminal decommissioning cost,fraction of initial CAPEX,0.106,86.88136471331421
decommissioning_cost_fraction_initial_capex,Terminal decommissioning cost,fraction of initial CAPEX,0.108,86.90117007876249
decommissioning_cost_fraction_initial_capex,Terminal decommissioning cost,fraction of initial CAPEX,0.11,86.92097544421077
decommissioning_cost_fraction_initial_capex,Terminal decommissioning cost,fraction of initial CAPEX,0.112,86.94078080965906
decommissioning_cost_fraction_initial_capex,Terminal decommissioning cost,fraction of initial CAPEX,0.114,86.96058617510732
decommissioning_cost_fraction_initial_capex,Terminal decommissioning cost,fraction of initial CAPEX,0.116,86.9803915405556
decommissioning_cost_fraction_initial_capex,Terminal decommissioning cost,fraction of initial CAPEX,0.11800000000000001,87.0001969060039
decommissioning_cost_fraction_initial_capex,Terminal decommissioning cost,fraction of initial CAPEX,0.12,87.02000227145217
decommissioning_cost_fraction_initial_capex,Terminal decommissioning cost,fraction of initial CAPEX,0.122,87.03980763690045
decommissioning_cost_fraction_initial_capex,Terminal decommissioning cost,fraction of initial CAPEX,0.124,87.05961300234873
decommissioning_cost_fraction_initial_capex,Terminal decommissioning cost,fraction of initial CAPEX,0.126,87.07941836779702
decommissioning_cost_fraction_initial_capex,Terminal decommissioning cost,fraction of initial CAPEX,0.128,87.0992237332453
decommissioning_cost_fraction_initial_capex,Terminal decommissioning cost,fraction of initial CAPEX,0.13,87.11902909869357
decommissioning_cost_fraction_initial_capex,Terminal decommissioning cost,fraction of initial CAPEX,0.132,87.13883446414185
decommissioning_cost_fraction_initial_capex,Terminal decommissioning cost,fraction of initial CAPEX,0.134,87.15863982959014
decommissioning_cost_fraction_initial_capex,Terminal decommissioning cost,fraction of initial CAPEX,0.136,87.1784451950384
decommissioning_cost_fraction_initial_capex,Terminal decommissioning cost,fraction of initial CAPEX,0.138,87.19825056048668
decommissioning_cost_fraction_initial_capex,Terminal decommissioning cost,fraction of initial CAPEX,0.14,87.21805592593496
decommissioning_cost_fraction_initial_capex,Terminal decommissioning cost,fraction of initial CAPEX,0.14200000000000002,87.23786129138325
decommissioning_cost_fraction_initial_capex,Terminal decommissioning cost,fraction of initial CAPEX,0.14400000000000002,87.25766665683153
decommissioning_cost_fraction_initial_capex,Terminal decommissioning cost,fraction of initial CAPEX,0.146,87.27747202227981
decommissioning_cost_fraction_initial_capex,Terminal decommissioning cost,fraction of initial CAPEX,0.148,87.29727738772809
decommissioning_cost_fraction_initial_capex,Terminal decommissioning cost,fraction of initial CAPEX,0.15,87.31708275317638
decommissioning_cost_fraction_initial_capex,Terminal decommissioning cost,fraction of initial CAPEX,0.152,87.33688811862466
decommissioning_cost_fraction_initial_capex,Terminal decommissioning cost,fraction of initial CAPEX,0.154,87.35669348407293
decommissioning_cost_fraction_initial_capex,Terminal decommissioning cost,fraction of initial CAPEX,0.156,87.37649884952121
decommissioning_cost_fraction_initial_capex,Terminal decommissioning cost,fraction of initial CAPEX,0.158,87.39630421496949
decommissioning_cost_fraction_initial_capex,Terminal decommissioning cost,fraction of initial CAPEX,0.16,87.41610958041777
decommissioning_cost_fraction_initial_capex,Terminal decommissioning cost,fraction of initial CAPEX,0.162,87.43591494586605
decommissioning_cost_fraction_initial_capex,Terminal decommissioning cost,fraction of initial CAPEX,0.164,87.45572031131434
decommissioning_cost_fraction_initial_capex,Terminal decommissioning cost,fraction of initial CAPEX,0.166,87.47552567676262
decommissioning_cost_fraction_initial_capex,Terminal decommissioning cost,fraction of initial CAPEX,0.168,87.49533104221089
decommissioning_cost_fraction_initial_capex,Terminal decommissioning cost,fraction of initial CAPEX,0.17,87.51513640765917
decommissioning_cost_fraction_initial_capex,Terminal decommissioning cost,fraction of initial CAPEX,0.17200000000000001,87.53494177310746
decommissioning_cost_fraction_initial_capex,Terminal decommissioning cost,fraction of initial CAPEX,0.17400000000000002,87.55474713855574
decommissioning_cost_fraction_initial_capex,Terminal decommissioning cost,fraction of initial CAPEX,0.176,87.57455250400402
decommissioning_cost_fraction_initial_capex,Terminal decommissioning cost,fraction of initial CAPEX,0.178,87.59435786945228
decommissioning_cost_fraction_initial_capex,Terminal decommissioning cost,fraction of initial CAPEX,0.18,87.61416323490057
decommissioning_cost_fraction_initial_capex,Terminal decommissioning cost,fraction of initial CAPEX,0.182,87.63396860034885
decommissioning_cost_fraction_initial_capex,Terminal decommissioning cost,fraction of initial CAPEX,0.184,87.65377396579713
decommissioning_cost_fraction_initial_capex,Terminal decommissioning cost,fraction of initial CAPEX,0.186,87.6735793312454
decommissioning_cost_fraction_initial_capex,Terminal decommissioning cost,fraction of initial CAPEX,0.188,87.6933846966937
decommissioning_cost_fraction_initial_capex,Terminal decommissioning cost,fraction of initial CAPEX,0.19,87.71319006214198
decommissioning_cost_fraction_initial_capex,Terminal decommissioning cost,fraction of initial CAPEX,0.192,87.73299542759025
decommissioning_cost_fraction_initial_capex,Terminal decommissioning cost,fraction of initial CAPEX,0.194,87.75280079303853
decommissioning_cost_fraction_initial_capex,Terminal decommissioning cost,fraction of initial CAPEX,0.196,87.77260615848682
decommissioning_cost_fraction_initial_capex,Terminal decommissioning cost,fraction of initial CAPEX,0.198,87.7924115239351
decommissioning_cost_fraction_initial_capex,Terminal decommissioning cost,fraction of initial CAPEX,0.2,87.81221688938336
residual_value_fraction_initial_capex,Terminal residual value,fraction of initial CAPEX,0.0,86.02973399903817
residual_value_fraction_initial_capex,Terminal residual value,fraction of initial CAPEX,0.002,86.00992863358988
residual_value_fraction_initial_capex,Terminal residual value,fraction of initial CAPEX,0.004,85.9901232681416
residual_value_fraction_initial_capex,Terminal residual value,fraction of initial CAPEX,0.006,85.97031790269332
residual_value_fraction_initial_capex,Terminal residual value,fraction of initial CAPEX,0.008,85.95051253724505
residual_value_fraction_initial_capex,Terminal residual value,fraction of initial CAPEX,0.01,85.93070717179675
residual_value_fraction_initial_capex,Terminal residual value,fraction of initial CAPEX,0.012,85.91090180634849
residual_value_fraction_initial_capex,Terminal residual value,fraction of initial CAPEX,0.014,85.89109644090021
residual_value_fraction_initial_capex,Terminal residual value,fraction of initial CAPEX,0.016,85.87129107545194
residual_value_fraction_initial_capex,Terminal residual value,fraction of initial CAPEX,0.018000000000000002,85.85148571000364
residual_value_fraction_initial_capex,Terminal residual value,fraction of initial CAPEX,0.02,85.83168034455537
residual_value_fraction_initial_capex,Terminal residual value,fraction of initial CAPEX,0.022,85.81187497910709
residual_value_fraction_initial_capex,Terminal residual value,fraction of initial CAPEX,0.024,85.79206961365881
residual_value_fraction_initial_capex,Terminal residual value,fraction of initial CAPEX,0.026000000000000002,85.77226424821052
residual_value_fraction_initial_capex,Terminal residual value,fraction of initial CAPEX,0.028,85.75245888276224
residual_value_fraction_initial_capex,Terminal residual value,fraction of initial CAPEX,0.03,85.73265351731396
residual_value_fraction_initial_capex,Terminal residual value,fraction of initial CAPEX,0.032,85.71284815186569
residual_value_fraction_initial_capex,Terminal residual value,fraction of initial CAPEX,0.034,85.69304278641741
residual_value_fraction_initial_capex,Terminal residual value,fraction of initial CAPEX,0.036000000000000004,85.67323742096913
residual_value_fraction_initial_capex,Terminal residual value,fraction of initial CAPEX,0.038,85.65343205552085
residual_value_fraction_initial_capex,Terminal residual value,fraction of initial CAPEX,0.04,85.63362669007256
residual_value_fraction_initial_capex,Terminal residual value,fraction of initial CAPEX,0.042,85.61382132462428
residual_value_fraction_initial_capex,Terminal residual value,fraction of initial CAPEX,0.044,85.594015959176
residual_value_fraction_initial_capex,Terminal residual value,fraction of initial CAPEX,0.046,85.57421059372773
residual_value_fraction_initial_capex,Terminal residual value,fraction of initial CAPEX,0.048,85.55440522827944
residual_value_fraction_initial_capex,Terminal residual value,fraction of initial CAPEX,0.05,85.53459986283116
residual_value_fraction_initial_capex,Terminal residual value,fraction of initial CAPEX,0.052000000000000005,85.51479449738288
residual_value_fraction_initial_capex,Terminal residual value,fraction of initial CAPEX,0.054,85.49498913193462
residual_value_fraction_initial_capex,Terminal residual value,fraction of initial CAPEX,0.056,85.47518376648632
residual_value_fraction_initial_capex,Terminal residual value,fraction of initial CAPEX,0.058,85.45537840103805
residual_value_fraction_initial_capex,Terminal residual value,fraction of initial CAPEX,0.06,85.43557303558977
residual_value_fraction_initial_capex,Terminal residual value,fraction of initial CAPEX,0.062,85.41576767014149
residual_value_fraction_initial_capex,Terminal residual value,fraction of initial CAPEX,0.064,85.3959623046932
residual_value_fraction_initial_capex,Terminal residual value,fraction of initial CAPEX,0.066,85.37615693924492
residual_value_fraction_initial_capex,Terminal residual value,fraction of initial CAPEX,0.068,85.35635157379664
residual_value_fraction_initial_capex,Terminal residual value,fraction of initial CAPEX,0.07,85.33654620834837
residual_value_fraction_initial_capex,Terminal residual value,fraction of initial CAPEX,0.07200000000000001,85.31674084290007
residual_value_fraction_initial_capex,Terminal residual value,fraction of initial CAPEX,0.074,85.2969354774518
residual_value_fraction_initial_capex,Terminal residual value,fraction of initial CAPEX,0.076,85.27713011200353
residual_value_fraction_initial_capex,Terminal residual value,fraction of initial CAPEX,0.078,85.25732474655524
residual_value_fraction_initial_capex,Terminal residual value,fraction of initial CAPEX,0.08,85.23751938110696
residual_value_fraction_initial_capex,Terminal residual value,fraction of initial CAPEX,0.082,85.21771401565869
residual_value_fraction_initial_capex,Terminal residual value,fraction of initial CAPEX,0.084,85.19790865021041
residual_value_fraction_initial_capex,Terminal residual value,fraction of initial CAPEX,0.08600000000000001,85.17810328476212
residual_value_fraction_initial_capex,Terminal residual value,fraction of initial CAPEX,0.088,85.15829791931384
residual_value_fraction_initial_capex,Terminal residual value,fraction of initial CAPEX,0.09,85.13849255386556
residual_value_fraction_initial_capex,Terminal residual value,fraction of initial CAPEX,0.092,85.11868718841728
residual_value_fraction_initial_capex,Terminal residual value,fraction of initial CAPEX,0.094,85.09888182296899
residual_value_fraction_initial_capex,Terminal residual value,fraction of initial CAPEX,0.096,85.07907645752073
residual_value_fraction_initial_capex,Terminal residual value,fraction of initial CAPEX,0.098,85.05927109207245
residual_value_fraction_initial_capex,Terminal residual value,fraction of initial CAPEX,0.1,85.03946572662417
residual_value_fraction_initial_capex,Terminal residual value,fraction of initial CAPEX,0.10200000000000001,85.01966036117588
residual_value_fraction_initial_capex,Terminal residual value,fraction of initial CAPEX,0.10400000000000001,84.9998549957276
residual_value_fraction_initial_capex,Terminal residual value,fraction of initial CAPEX,0.106,84.98004963027932
residual_value_fraction_initial_capex,Terminal residual value,fraction of initial CAPEX,0.108,84.96024426483105
residual_value_fraction_initial_capex,Terminal residual value,fraction of initial CAPEX,0.11,84.94043889938276
residual_value_fraction_initial_capex,Terminal residual value,fraction of initial CAPEX,0.112,84.92063353393448
residual_value_fraction_initial_capex,Terminal residual value,fraction of initial CAPEX,0.114,84.9008281684862
residual_value_fraction_initial_capex,Terminal residual value,fraction of initial CAPEX,0.116,84.88102280303792
residual_value_fraction_initial_capex,Terminal residual value,fraction of initial CAPEX,0.11800000000000001,84.86121743758964
residual_value_fraction_initial_capex,Terminal residual value,fraction of initial CAPEX,0.12,84.84141207214137
residual_value_fraction_initial_capex,Terminal residual value,fraction of initial CAPEX,0.122,84.82160670669309
residual_value_fraction_initial_capex,Terminal residual value,fraction of initial CAPEX,0.124,84.8018013412448
residual_value_fraction_initial_capex,Terminal residual value,fraction of initial CAPEX,0.126,84.78199597579652
residual_value_fraction_initial_capex,Terminal residual value,fraction of initial CAPEX,0.128,84.76219061034824
residual_value_fraction_initial_capex,Terminal residual value,fraction of initial CAPEX,0.13,84.74238524489996
residual_value_fraction_initial_capex,Terminal residual value,fraction of initial CAPEX,0.132,84.72257987945167
residual_value_fraction_initial_capex,Terminal residual value,fraction of initial CAPEX,0.134,84.7027745140034
residual_value_fraction_initial_capex,Terminal residual value,fraction of initial CAPEX,0.136,84.68296914855512
residual_value_fraction_initial_capex,Terminal residual value,fraction of initial CAPEX,0.138,84.66316378310685
residual_value_fraction_initial_capex,Terminal residual value,fraction of initial CAPEX,0.14,84.64335841765856
residual_value_fraction_initial_capex,Terminal residual value,fraction of initial CAPEX,0.14200000000000002,84.62355305221028
residual_value_fraction_initial_capex,Terminal residual value,fraction of initial CAPEX,0.14400000000000002,84.603747686762
residual_value_fraction_initial_capex,Terminal residual value,fraction of initial CAPEX,0.146,84.58394232131373
residual_value_fraction_initial_capex,Terminal residual value,fraction of initial CAPEX,0.148,84.56413695586544
residual_value_fraction_initial_capex,Terminal residual value,fraction of initial CAPEX,0.15,84.54433159041716
residual_value_fraction_initial_capex,Terminal residual value,fraction of initial CAPEX,0.152,84.52452622496888
residual_value_fraction_initial_capex,Terminal residual value,fraction of initial CAPEX,0.154,84.5047208595206
residual_value_fraction_initial_capex,Terminal residual value,fraction of initial CAPEX,0.156,84.48491549407231
residual_value_fraction_initial_capex,Terminal residual value,fraction of initial CAPEX,0.158,84.46511012862403
residual_value_fraction_initial_capex,Terminal residual value,fraction of initial CAPEX,0.16,84.44530476317577
residual_value_fraction_initial_capex,Terminal residual value,fraction of initial CAPEX,0.162,84.42549939772749
residual_value_fraction_initial_capex,Terminal residual value,fraction of initial CAPEX,0.164,84.4056940322792
residual_value_fraction_initial_capex,Terminal residual value,fraction of initial CAPEX,0.166,84.38588866683092
residual_value_fraction_initial_capex,Terminal residual value,fraction of initial CAPEX,0.168,84.36608330138264
residual_value_fraction_initial_capex,Terminal residual value,fraction of initial CAPEX,0.17,84.34627793593437
residual_value_fraction_initial_capex,Terminal residual value,fraction of initial CAPEX,0.17200000000000001,84.32647257048608
residual_value_fraction_initial_capex,Terminal residual value,fraction of initial CAPEX,0.17400000000000002,84.3066672050378
residual_value_fraction_initial_capex,Terminal residual value,fraction of initial CAPEX,0.176,84.28686183958952
residual_value_fraction_initial_capex,Terminal residual value,fraction of initial CAPEX,0.178,84.26705647414124
residual_value_fraction_initial_capex,Terminal residual value,fraction of initial CAPEX,0.18,84.24725110869295
residual_value_fraction_initial_capex,Terminal residual value,fraction of initial CAPEX,0.182,84.22744574324469
residual_value_fraction_initial_capex,Terminal residual value,fraction of initial CAPEX,0.184,84.20764037779641
residual_value_fraction_initial_capex,Terminal residual value,fraction of initial CAPEX,0.186,84.18783501234812
residual_value_fraction_initial_capex,Terminal residual value,fraction of initial CAPEX,0.188,84.16802964689984
residual_value_fraction_initial_capex,Terminal residual value,fraction of initial CAPEX,0.19,84.14822428145156
residual_value_fraction_initial_capex,Terminal residual value,fraction of initial CAPEX,0.192,84.12841891600328
residual_value_fraction_initial_capex,Terminal residual value,fraction of initial CAPEX,0.194,84.10861355055499
residual_value_fraction_initial_capex,Terminal residual value,fraction of initial CAPEX,0.196,84.08880818510671
residual_value_fraction_initial_capex,Terminal residual value,fraction of initial CAPEX,0.198,84.06900281965844
residual_value_fraction_initial_capex,Terminal residual value,fraction of initial CAPEX,0.2,84.04919745421016
